house,date,season,category,city,main,heat,surprise,press,tone,heat_z,surprise_z,press_z,tone_z,url
alaia,2025-03-04,2025 AW rtw,rtw,Paris,True,0.4023,,,,-0.227,,,,https://nowfashion.com/alaia-ready-to-wear-fall-winter-2025-paris
alaia,2025-10-04,2026 SS rtw,rtw,Paris,True,0.466,,,,-0.149,,,,https://nowfashion.com/alaia-ready-to-wear-spring-summer-2026-paris
alaia,2026-03-04,2026 AW rtw,rtw,Paris,True,0.2632,-0.171,,,0.372,0.396,,,https://nowfashion.com/alaia-ready-to-wear-fall-winter-2026-paris
balenciaga,2015-03-06,2015 AW rtw,rtw,Paris,True,,,,,,,,,https://nowfashion.com/balenciaga-ready-to-wear-fall-winter-2015-paris
balenciaga,2015-10-02,2016 SS rtw,rtw,Paris,True,1.0366,,,,1.421,,,,https://nowfashion.com/balenciaga-ready-to-wear-spring-summer-2016-paris
balenciaga,2016-03-06,2016 AW rtw,rtw,Paris,True,0.8793,,,,2.155,,,,https://nowfashion.com/balenciaga-ready-to-wear-fall-winter-2016-paris
balenciaga,2016-06-22,2017 SS men,men,Paris,False,0.1431,,,,,,,,https://nowfashion.com/balenciaga-menswear-spring-summer-2017-paris
balenciaga,2016-10-02,2017 SS rtw,rtw,Paris,True,0.6724,-0.2855,,,0.893,-1.326,,,https://nowfashion.com/balenciaga-ready-to-wear-spring-summer-2017-paris
balenciaga,2017-01-18,2017 AW men,men,Paris,False,0.548,,,,,,,,https://nowfashion.com/balenciaga-menswear-fall-winter-2017-paris
balenciaga,2017-03-05,2017 AW rtw,rtw,Paris,True,0.4637,-0.3991,,,0.118,-1.842,,,https://nowfashion.com/balenciaga-ready-to-wear-fall-winter-2017-paris
balenciaga,2017-06-21,2018 SS men,men,Paris,False,0.0645,,,,,,,,https://nowfashion.com/balenciaga-menswear-spring-summer-2018-paris
balenciaga,2017-10-01,2018 SS rtw,rtw,Paris,True,0.8268,0.0638,,,1.338,0.105,,,https://nowfashion.com/balenciaga-ready-to-wear-spring-summer-2018-paris
balenciaga,2018-03-04,2018 AW rtw,rtw,Paris,True,0.3515,-0.4243,,,0.032,-0.783,,,https://nowfashion.com/balenciaga-ready-to-wear-fall-winter-2018-paris
balenciaga,2018-09-30,2019 SS rtw,rtw,Paris,True,0.4249,-0.2801,,,-0.429,-0.712,,,https://nowfashion.com/balenciaga-ready-to-wear-spring-summer-2019-paris
balenciaga,2019-03-03,2019 AW rtw,rtw,Paris,True,0.2038,-0.4612,,,-0.533,-0.791,,,https://nowfashion.com/balenciaga-ready-to-wear-fall-winter-2019-paris
balenciaga,2019-09-29,2020 SS rtw,rtw,Paris,True,0.5342,-0.0732,,,-0.287,-0.49,,,https://nowfashion.com/balenciaga-ready-to-wear-spring-summer-2020-paris
balenciaga,2020-03-01,2020 AW rtw,rtw,Paris,True,0.2707,-0.3285,,,-0.124,-0.375,,,https://nowfashion.com/balenciaga-ready-to-wear-fall-winter-2020-paris
balenciaga,2020-10-04,2021 SS rtw,rtw,Paris,True,0.2823,-0.2841,,,-0.376,-0.711,,,https://nowfashion.com/balenciaga-ready-to-wear-spring-summer-2021-paris
balenciaga,2021-07-07,2021 AW couture,couture,Paris,False,0.3859,,,,,,,,https://nowfashion.com/balenciaga-couture-fall-winter-2021-paris
balenciaga,2021-10-02,2022 SS rtw,rtw,Paris,True,1.0816,0.541,,,1.31,1.155,,,https://nowfashion.com/balenciaga-ready-to-wear-spring-summer-2022-paris
balenciaga,2022-03-06,2022 AW rtw,rtw,Paris,True,1.0982,0.5126,,,2.09,1.569,,,https://nowfashion.com/balenciaga-ready-to-wear-fall-winter-2022-paris
balenciaga,2022-07-06,2022 AW couture,couture,Paris,False,0.8683,,,,,,,,https://nowfashion.com/balenciaga-couture-fall-winter-2022-paris
balenciaga,2022-10-02,2023 SS rtw,rtw,Paris,True,1.7235,1.0984,,,2.509,2.3,,,https://nowfashion.com/balenciaga-ready-to-wear-spring-summer-2023-paris
balenciaga,2023-03-05,2023 AW rtw,rtw,Paris,True,-0.1311,-0.8346,,,-1.272,-2.289,,,https://nowfashion.com/balenciaga-ready-to-wear-fall-winter-2023-paris
balenciaga,2023-07-05,2023 AW couture,couture,Paris,False,0.0395,,,,,,,,https://nowfashion.com/balenciaga-couture-fall-winter-2023-paris
balenciaga,2023-10-01,2024 SS rtw,rtw,Paris,True,0.3002,-0.3477,,,-0.521,-1.718,,,https://nowfashion.com/balenciaga-ready-to-wear-spring-summer-2024-paris
balenciaga,2024-03-03,2024 AW rtw,rtw,Paris,True,0.006,-0.6202,,,-0.911,-1.716,,,https://nowfashion.com/balenciaga-ready-to-wear-fall-winter-2024-paris
balenciaga,2024-06-26,2024 AW couture,couture,Paris,False,1.2963,,,,,,,,https://nowfashion.com/balenciaga-couture-fall-winter-2024-paris
balenciaga,2024-09-30,2025 SS rtw,rtw,Paris,True,0.249,-0.3407,,,-0.709,-1.214,,,https://nowfashion.com/balenciaga-ready-to-wear-spring-summer-2025-paris
balenciaga,2025-03-09,2025 AW rtw,rtw,Paris,True,0.7201,0.1493,,,1.085,0.431,,,https://nowfashion.com/balenciaga-ready-to-wear-fall-winter-2025-paris
balenciaga,2025-10-04,2026 SS rtw,rtw,Paris,True,1.3953,0.8167,,,2.288,2.241,,,https://nowfashion.com/balenciaga-ready-to-wear-spring-summer-2026-paris
balenciaga,2026-03-07,2026 AW rtw,rtw,Paris,True,0.4258,-0.1937,,,0.988,0.312,,,https://nowfashion.com/balenciaga-ready-to-wear-fall-winter-2026-paris
balenciaga,2026-07-08,2026 AW couture,couture,Paris,False,0.1513,,,,,,,,https://nowfashion.com/balenciaga-couture-fall-winter-2026-paris
balenciaga,2026-10-01,2027 SS rtw,rtw,Paris,True,0.2731,-0.3371,,,-0.392,-0.998,,,https://nowfashion.com/balenciaga-men-women-spring-summer-2027-paris
bottega_veneta,2015-01-18,2015 AW men,men,Milan,False,,,,,,,,,https://nowfashion.com/bottega-veneta-menswear-fall-winter-2015-milan
bottega_veneta,2015-02-28,2015 AW rtw,rtw,Milan,True,,,,,,,,,https://nowfashion.com/bottega-veneta-ready-to-wear-fall-winter-2015-milan
bottega_veneta,2015-06-21,2016 SS men,men,Milan,False,,,,,,,,,https://nowfashion.com/bottega-veneta-menswear-spring-summer-2016-milan-2
bottega_veneta,2015-09-26,2016 SS rtw,rtw,Milan,True,0.1854,,,,-0.575,,,,https://nowfashion.com/bottega-veneta-ready-to-wear-spring-summer-2016-milan-2
bottega_veneta,2016-01-17,2016 AW men,men,Milan,False,0.0939,,,,,,,,https://nowfashion.com/bottega-veneta-menswear-fall-winter-2016-milan-2
bottega_veneta,2016-02-27,2016 AW rtw,rtw,Milan,True,0.0219,,,,-1.225,,,,https://nowfashion.com/bottega-veneta-ready-to-wear-fall-winter-2016-milan-2
bottega_veneta,2016-09-24,2017 SS rtw,rtw,Milan,True,0.5745,0.4708,,,0.471,1.391,,,https://nowfashion.com/bottega-veneta-ready-to-wear-spring-summer-2017-milan-2
bottega_veneta,2017-02-25,2017 AW rtw,rtw,Milan,True,0.1521,-0.1085,,,-0.996,-0.606,,,https://nowfashion.com/bottega-veneta-ready-to-wear-fall-winter-2017-milan-2
bottega_veneta,2017-09-23,2018 SS rtw,rtw,Milan,True,0.4192,0.1857,,,-0.152,0.729,,,https://nowfashion.com/bottega-veneta-ready-to-wear-spring-summer-2018-milan-2
bottega_veneta,2018-02-10,2018 AW rtw,rtw,New York,True,0.36,0.0894,,,0.054,0.464,,,https://nowfashion.com/bottega-veneta-ready-to-wear-fall-winter-2018-new-york
bottega_veneta,2019-02-23,2019 AW rtw,rtw,Milan,True,0.4922,0.2067,,,-0.126,0.148,,,https://nowfashion.com/bottega-veneta-ready-to-wear-fall-winter-2019-milan
bottega_veneta,2019-09-19,2020 SS rtw,rtw,Milan,True,0.395,0.08,,,-0.899,0.21,,,https://nowfashion.com/bottega-veneta-men-women-spring-summer-2020-milan
bottega_veneta,2020-02-22,2020 AW rtw,rtw,Milan,True,0.3545,0.0295,,,0.183,0.639,,,https://nowfashion.com/bottega-veneta-ready-to-wear-fall-winter-2020-milan-2
bottega_veneta,2022-02-26,2022 AW rtw,rtw,Milan,True,0.4493,0.121,,,0.258,0.561,,,https://nowfashion.com/bottega-veneta-ready-to-wear-fall-winter-2022-milan-2
bottega_veneta,2023-02-25,2023 AW rtw,rtw,Milan,True,0.5863,0.2459,,,1.366,1.863,,,https://nowfashion.com/bottega-veneta-men-women-fall-winter-2023-milan
bottega_veneta,2023-09-23,2024 SS rtw,rtw,Milan,True,0.4642,0.1014,,,0.136,0.567,,,https://nowfashion.com/bottega-veneta-men-women-spring-summer-2024-milan
bottega_veneta,2024-02-24,2024 AW rtw,rtw,Milan,True,0.2769,-0.0943,,,-0.041,0.138,,,https://nowfashion.com/bottega-veneta-men-women-fall-winter-2024-milan
bottega_veneta,2024-09-21,2025 SS rtw,rtw,Milan,True,0.8823,0.5183,,,0.784,0.998,,,https://nowfashion.com/bottega-veneta-men-women-spring-summer-2025-milan
bottega_veneta,2025-09-27,2026 SS rtw,rtw,Milan,True,0.935,0.534,,,1.081,1.414,,,https://nowfashion.com/bottega-veneta-men-women-spring-summer-2026-milan
bottega_veneta,2026-02-28,2026 AW rtw,rtw,Milan,True,0.3275,-0.1091,,,0.616,0.625,,,https://nowfashion.com/bottega-veneta-men-women-fall-winter-2026-milan
bottega_veneta,2026-09-26,2027 SS rtw,rtw,Milan,True,0.6015,0.1717,,,0.616,0.713,,,https://nowfashion.com/bottega-veneta-men-women-spring-summer-2027-milan
brunello_cucinelli,2021-02-24,2021 AW rtw,rtw,Milan,False,,,,,,,,,https://nowfashion.com/brunello-cucinelli-ready-to-wear-fall-winter-2021-milan
brunello_cucinelli,2025-06-20,2026 SS men,men,Milan,True,0.2429,,,,,,,,https://nowfashion.com/brunello-cucinelli-menswear-spring-summer-2026-milan
brunello_cucinelli,2026-01-16,2026 AW men,men,Milan,True,0.2623,,,,,,,,https://nowfashion.com/brunello-cucinelli-menswear-fall-winter-2026-milan
brunello_cucinelli,2026-02-25,2026 AW rtw,rtw,Milan,False,0.4738,,,,,,,,https://nowfashion.com/brunello-cucinelli-ready-to-wear-fall-winter-2026-milan
brunello_cucinelli,2026-06-19,2027 SS men,men,Milan,True,0.0697,-0.1829,,,,,,,https://nowfashion.com/brunello-cucinelli-menswear-spring-summer-2027-milan
burberry,2015-01-12,2015 AW men,men,London,False,,,,,,,,,https://nowfashion.com/burberry-prorsum-menswear-fall-winter-2015-london
burberry,2015-02-23,2015 AW rtw,rtw,London,True,,,,,,,,,https://nowfashion.com/burberry-prorsum-ready-to-wear-fall-winter-2015-london
burberry,2015-06-15,2016 SS men,men,London,False,,,,,,,,,https://nowfashion.com/burberry-prorsum-menswear-spring-summer-2016-london
burberry,2015-09-21,2016 SS rtw,rtw,London,True,0.8087,,,,0.886,,,,https://nowfashion.com/burberry-prorsum-ready-to-wear-spring-summer-2016-london
burberry,2016-01-11,2016 AW men,men,London,False,0.1938,,,,,,,,https://nowfashion.com/burberry-menswear-fall-winter-2016-london
burberry,2016-02-22,2016 AW rtw,rtw,London,True,0.2374,,,,-0.376,,,,https://nowfashion.com/burberry-ready-to-wear-fall-winter-2016-london
burberry,2016-09-19,2017 SS rtw,rtw,London,True,0.3719,-0.1512,,,-0.402,-0.843,,,https://nowfashion.com/burberry-ready-to-wear-spring-summer-2017-london
burberry,2017-02-20,2017 AW rtw,rtw,London,True,0.9701,0.4974,2.0275,0.5404,1.927,1.97,-0.039,0.865,https://nowfashion.com/burberry-ready-to-wear-fall-winter-2017-london
burberry,2017-09-16,2018 SS rtw,rtw,London,True,0.5161,-0.0809,2.8313,-0.4408,0.202,-0.635,1.764,-0.402,https://nowfashion.com/burberry-ready-to-wear-spring-summer-2018-london
burberry,2018-02-17,2018 AW rtw,rtw,London,True,1.0173,0.4365,,,1.741,1.306,,,https://nowfashion.com/burberry-ready-to-wear-fall-winter-2018-london
burberry,2018-09-17,2019 SS rtw,rtw,London,True,0.4634,-0.1902,,,-0.386,-0.617,,,https://nowfashion.com/burberry-ready-to-wear-spring-summer-2019-london
burberry,2019-02-17,2019 AW rtw,rtw,London,True,0.9057,0.2793,,,0.457,0.25,,,https://nowfashion.com/burberry-ready-to-wear-fall-winter-2019-london
burberry,2019-09-16,2020 SS rtw,rtw,London,True,0.5377,-0.1236,,,-0.271,-0.721,,,https://nowfashion.com/burberry-ready-to-wear-spring-summer-2020-london
burberry,2020-02-17,2020 AW rtw,rtw,London,True,0.6825,0.0349,,,1.382,0.655,,,https://nowfashion.com/burberry-ready-to-wear-fall-winter-2020-london
burberry,2020-09-17,2021 SS rtw,rtw,London,True,0.3015,-0.3496,,,-0.294,-0.964,,,https://nowfashion.com/burberry-ready-to-wear-spring-summer-2021-london
burberry,2021-06-23,2022 SS men,men,Paris,False,0.0016,,,,,,,,https://nowfashion.com/burberry-menswear-spring-summer-2022-paris
burberry,2022-03-11,2022 AW rtw,rtw,London,True,0.2909,-0.3284,,,-0.19,-0.595,,,https://nowfashion.com/burberry-men-women-fall-winter-2022-london
burberry,2023-02-20,2023 AW rtw,rtw,London,True,0.4662,-0.1257,,,0.925,0.435,,,https://nowfashion.com/burberry-men-women-fall-winter-2023-london
burberry,2023-09-18,2024 SS rtw,rtw,London,True,0.4699,-0.1124,,,0.159,-0.521,,,https://nowfashion.com/burberry-men-women-spring-summer-2024-london
burberry,2024-02-19,2024 AW rtw,rtw,London,True,0.2041,-0.3701,,,-0.275,-0.834,,,https://nowfashion.com/burberry-men-women-fall-winter-2024-london
burberry,2024-09-16,2025 SS rtw,rtw,London,True,0.3671,-0.1825,,,-0.431,-0.807,,,https://nowfashion.com/burberry-men-women-spring-summer-2025-london
burberry,2025-02-24,2025 AW rtw,rtw,London,True,0.2047,-0.3335,,,-1.043,-1.683,,,https://nowfashion.com/burberry-men-women-fall-winter-2025-london
burberry,2025-09-22,2026 SS rtw,rtw,London,True,0.2999,-0.2186,,,-0.585,-0.787,,,https://nowfashion.com/burberry-men-women-spring-summer-2026-london
burberry,2026-02-23,2026 AW rtw,rtw,London,True,0.0223,-0.4841,,,-0.54,-0.761,,,https://nowfashion.com/burberry-men-women-fall-winter-2026-london
burberry,2026-09-21,2027 SS rtw,rtw,London,True,0.3452,-0.1357,,,-0.171,-0.321,,,https://nowfashion.com/burberry-men-women-spring-summer-2027-london
celine,2015-03-08,2015 AW rtw,rtw,Paris,True,,,,,,,,,https://nowfashion.com/celine-ready-to-wear-fall-winter-2015-paris
celine,2015-10-04,2016 SS rtw,rtw,Paris,True,-0.0828,,,,-1.204,,,,https://nowfashion.com/celine-ready-to-wear-spring-summer-2016-paris
celine,2016-03-06,2016 AW rtw,rtw,Paris,True,0.1882,,,,-0.57,,,,https://nowfashion.com/celine-ready-to-wear-fall-winter-2016-paris
celine,2016-10-02,2017 SS rtw,rtw,Paris,True,0.049,-0.0037,,,-1.794,-0.313,,,https://nowfashion.com/celine-ready-to-wear-spring-summer-2017-paris
celine,2017-03-05,2017 AW rtw,rtw,Paris,True,0.4076,0.3561,1.9836,0.7722,-0.083,1.369,-0.076,1.307,https://nowfashion.com/celine-ready-to-wear-fall-winter-2017-paris
celine,2017-10-01,2018 SS rtw,rtw,Paris,True,0.2416,0.1011,,,-0.802,0.296,,,https://nowfashion.com/celine-ready-to-wear-spring-summer-2018-paris
celine,2018-09-28,2019 SS rtw,rtw,Paris,True,4.1939,4.0332,,,3.764,3.844,,,https://nowfashion.com/celine-ready-to-wear-spring-summer-2019-paris
celine,2019-01-20,2019 AW men,men,Paris,False,0.5445,,,,,,,,https://nowfashion.com/celine-menswear-fall-winter-2019-paris
celine,2019-03-01,2019 AW rtw,rtw,Paris,True,0.6329,-0.2,,,0.072,-0.424,,,https://nowfashion.com/celine-ready-to-wear-fall-winter-2019-paris
celine,2019-06-23,2020 SS men,men,Paris,False,1.3496,,,,,,,,https://nowfashion.com/celine-menswear-spring-summer-2020-paris
celine,2019-09-27,2020 SS rtw,rtw,Paris,True,0.8592,0.0549,,,1.142,0.095,,,https://nowfashion.com/celine-ready-to-wear-spring-summer-2020-paris
celine,2020-02-28,2020 AW rtw,rtw,Paris,True,0.4161,-0.3951,,,0.408,-0.563,,,https://nowfashion.com/celine-ready-to-wear-fall-winter-2020-paris
celine,2022-03-19,2022 AW rtw,rtw,Paris,True,0.0735,-0.6938,,,-0.804,-1.535,,,https://nowfashion.com/celine-ready-to-wear-fall-winter-2022-paris
celine,2022-06-26,2023 SS men,men,Paris,False,1.7489,,,,,,,,https://nowfashion.com/celine-menswear-spring-summer-2023-paris
celine,2025-09-30,2026 SS rtw,rtw,Paris,True,0.1099,-0.588,,,-1.083,-1.868,,,https://nowfashion.com/celine-ready-to-wear-spring-summer-2026-paris
celine,2026-03-07,2026 AW rtw,rtw,Paris,True,0.1481,-0.4964,,,-0.064,-0.807,,,https://nowfashion.com/celine-ready-to-wear-fall-winter-2026-paris
chanel,2015-01-27,2015 SS couture,couture,Paris,False,,,,,,,,,https://nowfashion.com/chanel-couture-spring-summer-2015-paris
chanel,2015-03-10,2015 AW rtw,rtw,Paris,True,,,,,,,,,https://nowfashion.com/chanel-ready-to-wear-fall-winter-2015-paris
chanel,2015-07-07,2015 AW couture,couture,Paris,False,,,,,,,,,https://nowfashion.com/chanel-couture-fall-winter-2015-paris
chanel,2015-10-06,2016 SS rtw,rtw,Paris,True,0.6219,,,,0.448,,,,https://nowfashion.com/chanel-ready-to-wear-spring-summer-2016-paris
chanel,2016-01-26,2016 SS couture,couture,Paris,False,0.2772,,,,,,,,https://nowfashion.com/chanel-couture-spring-summer-2016-paris
chanel,2016-03-08,2016 AW rtw,rtw,Paris,True,0.439,,,,0.419,,,,https://nowfashion.com/chanel-ready-to-wear-fall-winter-2016-paris
chanel,2016-07-05,2016 AW couture,couture,Paris,False,0.0879,,,,,,,,https://nowfashion.com/chanel-couture-fall-winter-2016-paris
chanel,2016-10-04,2017 SS rtw,rtw,Paris,True,0.5255,-0.005,,,0.26,-0.318,,,https://nowfashion.com/chanel-ready-to-wear-spring-summer-2017-paris
chanel,2017-01-24,2017 SS couture,couture,Paris,False,0.3941,,,0.11,,,,,https://nowfashion.com/chanel-couture-spring-summer-2017-paris
chanel,2017-03-07,2017 AW rtw,rtw,Paris,True,0.3975,-0.1313,1.1397,0.0428,-0.119,-0.703,-0.795,-0.086,https://nowfashion.com/chanel-ready-to-wear-fall-winter-2017-paris
chanel,2017-07-04,2017 AW couture,couture,Paris,False,0.193,,0.7299,0.656,,,,,https://nowfashion.com/chanel-couture-fall-winter-2017-paris
chanel,2017-10-03,2018 SS rtw,rtw,Paris,True,0.1727,-0.3233,1.1944,-0.3534,-1.053,-1.876,-0.816,-0.098,https://nowfashion.com/chanel-ready-to-wear-spring-summer-2018-paris
chanel,2018-01-23,2018 SS couture,couture,Paris,False,0.2182,,1.2674,-0.4638,,,,,https://nowfashion.com/chanel-couture-spring-summer-2018-paris
chanel,2018-03-06,2018 AW rtw,rtw,Paris,True,0.1695,-0.2618,1.3932,-0.1836,-0.434,-0.389,,,https://nowfashion.com/chanel-ready-to-wear-fall-winter-2018-paris
chanel,2018-07-03,2018 AW couture,couture,Paris,False,0.0165,,0.623,-0.0258,,,,,https://nowfashion.com/chanel-couture-fall-winter-2018-paris
chanel,2018-10-02,2019 SS rtw,rtw,Paris,True,0.3974,0.0097,1.3,-0.4723,-0.459,-0.406,,,https://nowfashion.com/chanel-ready-to-wear-spring-summer-2019-paris
chanel,2019-01-22,2019 SS couture,couture,Paris,False,0.1051,,1.1318,-0.1686,,,,,https://nowfashion.com/chanel-couture-spring-summer-2019-paris
chanel,2019-03-05,2019 AW rtw,rtw,Paris,True,0.3651,-0.024,1.3223,0.4825,-0.306,-0.176,,,https://nowfashion.com/chanel-ready-to-wear-fall-winter-2019-paris
chanel,2019-07-02,2019 AW couture,couture,Paris,False,0.2967,,1.0681,0.7468,,,,,https://nowfashion.com/chanel-couture-fall-winter-2019-paris
chanel,2019-10-01,2020 SS rtw,rtw,Paris,True,0.3603,-0.0258,1.8893,-0.854,-1.051,-0.274,,,https://nowfashion.com/chanel-ready-to-wear-spring-summer-2020-paris
chanel,2020-01-21,2020 SS couture,couture,Paris,False,-0.0013,,0.6669,0.1519,,,,,https://nowfashion.com/chanel-haute-couture-spring-summer-2020-paris
chanel,2020-03-03,2020 AW rtw,rtw,Paris,True,0.0224,-0.3608,1.0819,-0.1575,-1.032,-0.466,,,https://nowfashion.com/chanel-ready-to-wear-fall-winter-2020-paris
chanel,2020-10-06,2021 SS rtw,rtw,Paris,True,0.3572,0.0101,0.8359,-0.6131,-0.057,0.426,,,https://nowfashion.com/chanel-ready-to-wear-spring-summer-2021-paris
chanel,2021-01-29,2021 SS couture,couture,Paris,False,0.1368,,0.0975,0.3033,,,,,https://nowfashion.com/chanel-couture-spring-summer-2021-paris
chanel,2021-03-09,2021 AW rtw,rtw,Paris,True,0.4846,0.1366,0.9401,-0.1283,0.778,1.274,,,https://nowfashion.com/chanel-ready-to-wear-fall-winter-2021-paris
chanel,2021-07-06,2021 AW couture,couture,Paris,False,0.1825,,0.6531,0.848,,,,,https://nowfashion.com/chanel-couture-fall-winter-2021-paris
chanel,2021-10-03,2022 SS rtw,rtw,Paris,True,0.31,-0.0494,1.1584,0.4073,-0.719,-0.381,,,https://nowfashion.com/chanel-ready-to-wear-spring-summer-2022-paris
chanel,2022-01-25,2022 SS couture,couture,Paris,False,-0.0056,,0.7209,-0.0155,,,,,https://nowfashion.com/chanel-couture-spring-summer-2022-paris
chanel,2022-03-08,2022 AW rtw,rtw,Paris,True,0.0633,-0.2923,1.1812,-0.7916,-0.832,-0.502,,,https://nowfashion.com/chanel-ready-to-wear-fall-winter-2022-paris
chanel,2022-07-05,2022 AW couture,couture,Paris,False,0.0257,,0.5339,0.6714,,,,,https://nowfashion.com/chanel-couture-fall-winter-2022-paris
chanel,2022-10-04,2023 SS rtw,rtw,Paris,True,0.1419,-0.1928,0.9006,0.206,-0.825,-0.722,,,https://nowfashion.com/chanel-ready-to-wear-spring-summer-2023-paris
chanel,2023-01-24,2023 SS couture,couture,Paris,False,0.1989,,1.6124,0.3885,,,,,https://nowfashion.com/chanel-couture-spring-summer-2023-paris
chanel,2023-03-07,2023 AW rtw,rtw,Paris,True,0.1512,-0.1707,2.2817,1.3483,-0.234,0.263,,,https://nowfashion.com/chanel-ready-to-wear-fall-winter-2023-paris
chanel,2023-07-04,2023 AW couture,couture,Paris,False,0.1239,,0.2761,-0.0343,,,,,https://nowfashion.com/chanel-couture-fall-winter-2023-paris
chanel,2023-10-03,2024 SS rtw,rtw,Paris,True,0.1545,-0.1567,0.7321,-0.1164,-1.105,-0.746,,,https://nowfashion.com/chanel-ready-to-wear-spring-summer-2024-paris
chanel,2024-01-23,2024 SS couture,couture,Paris,False,0.0154,,0.5004,-0.4453,,,,,https://nowfashion.com/chanel-couture-spring-summer-2024-paris
chanel,2024-03-05,2024 AW rtw,rtw,Paris,True,0.2917,-0.0103,0.6099,0.5339,0.007,0.435,,,https://nowfashion.com/chanel-ready-to-wear-fall-winter-2024-paris
chanel,2024-06-25,2024 AW couture,couture,Paris,False,-0.1206,,0.7517,1.0352,,,,,https://nowfashion.com/chanel-couture-fall-winter-2024-paris
chanel,2024-10-01,2025 SS rtw,rtw,Paris,True,0.271,-0.0304,0.9931,-0.9872,-0.657,-0.415,,,https://nowfashion.com/chanel-ready-to-wear-spring-summer-2025-paris
chanel,2025-01-28,2025 SS couture,couture,Paris,False,0.2808,,0.9158,0.3415,,,,,https://nowfashion.com/chanel-couture-spring-summer-2025-paris
chanel,2025-03-11,2025 AW rtw,rtw,Paris,True,0.1095,-0.1903,0.6644,0.1548,-1.436,-1.056,,,https://nowfashion.com/chanel-ready-to-wear-fall-winter-2025-paris
chanel,2025-07-08,2025 AW couture,couture,Paris,False,0.0933,,2.0839,0.5508,,,,,https://nowfashion.com/chanel-couture-fall-winter-2025-paris
chanel,2025-10-06,2026 SS rtw,rtw,Paris,True,0.7621,0.4718,1.6501,0.233,0.627,1.232,,,https://nowfashion.com/chanel-ready-to-wear-spring-summer-2026-paris
chanel,2026-01-27,2026 SS couture,couture,Paris,False,0.0295,,1.375,-3.1316,,,,,https://nowfashion.com/chanel-couture-spring-summer-2026-paris
chanel,2026-03-09,2026 AW rtw,rtw,Paris,True,0.0798,-0.233,1.4661,0.1182,-0.322,0.167,,,https://nowfashion.com/chanel-ready-to-wear-fall-winter-2026-paris
chanel,2026-07-07,2026 AW couture,couture,Paris,False,0.071,,0.8778,-0.9664,,,,,https://nowfashion.com/chanel-couture-fall-winter-2026-paris
chanel,2026-10-05,2027 SS rtw,rtw,Paris,True,,,,,,,,,https://nowfashion.com/chanel-ready-to-wear-spring-summer-2027-paris
chloe,2015-03-08,2015 AW rtw,rtw,Paris,True,,,,,,,,,https://nowfashion.com/chloe-ready-to-wear-fall-winter-2015-paris
chloe,2015-10-01,2016 SS rtw,rtw,Paris,True,0.8444,,,,0.97,,,,https://nowfashion.com/chloe-ready-to-wear-spring-summer-2016-paris
chloe,2016-03-03,2016 AW rtw,rtw,Paris,True,0.4216,,,,0.351,,,,https://nowfashion.com/chloe-ready-to-wear-fall-winter-2016-paris
chloe,2016-09-29,2017 SS rtw,rtw,Paris,True,0.4312,-0.2018,,,-0.147,-1.025,,,https://nowfashion.com/chloe-ready-to-wear-spring-summer-2017-paris
chloe,2017-03-02,2017 AW rtw,rtw,Paris,True,0.5092,-0.0565,,,0.28,-0.385,,,https://nowfashion.com/chloe-ready-to-wear-fall-winter-2017-paris
chloe,2017-09-28,2018 SS rtw,rtw,Paris,True,0.7694,0.2178,,,1.128,0.894,,,https://nowfashion.com/chloe-ready-to-wear-spring-summer-2018-paris
chloe,2018-03-01,2018 AW rtw,rtw,Paris,True,0.4139,-0.1813,,,0.193,-0.193,,,https://nowfashion.com/chloe-ready-to-wear-fall-winter-2018-paris
chloe,2018-09-27,2019 SS rtw,rtw,Paris,True,0.7246,0.1597,,,-0.095,-0.248,,,https://nowfashion.com/chloe-ready-to-wear-spring-summer-2019-paris
chloe,2019-02-28,2019 AW rtw,rtw,Paris,True,0.5231,-0.0647,,,-0.083,-0.233,,,https://nowfashion.com/chloe-ready-to-wear-fall-winter-2019-paris
chloe,2019-09-26,2020 SS rtw,rtw,Paris,True,0.5525,-0.0272,,,-0.206,-0.28,,,https://nowfashion.com/chloe-ready-to-wear-spring-summer-2020-paris
chloe,2020-02-27,2020 AW rtw,rtw,Paris,True,0.2772,-0.2995,,,-0.1,-0.293,,,https://nowfashion.com/chloe-ready-to-wear-fall-winter-2020-paris
chloe,2020-10-01,2021 SS rtw,rtw,Paris,True,0.2252,-0.3215,,,-0.619,-0.855,,,https://nowfashion.com/chloe-ready-to-wear-spring-summer-2021-paris
chloe,2021-03-03,2021 AW rtw,rtw,Paris,True,0.6181,0.1006,,,1.534,1.094,,,https://nowfashion.com/chloe-ready-to-wear-fall-winter-2021-paris
chloe,2021-09-30,2022 SS rtw,rtw,Paris,True,0.3156,-0.2103,,,-0.705,-0.8,,,https://nowfashion.com/chloe-ready-to-wear-spring-summer-2022-paris
chloe,2022-03-03,2022 AW rtw,rtw,Paris,True,0.3781,-0.1316,,,0.057,-0.089,,,https://nowfashion.com/chloe-ready-to-wear-fall-winter-2022-paris
chloe,2022-09-29,2023 SS rtw,rtw,Paris,True,0.5288,0.0285,,,-0.009,-0.204,,,https://nowfashion.com/chloe-ready-to-wear-spring-summer-2023-paris
chloe,2023-03-02,2023 AW rtw,rtw,Paris,True,0.0967,-0.4055,,,-0.434,-0.64,,,https://nowfashion.com/chloe-ready-to-wear-fall-winter-2023-paris
chloe,2023-09-28,2024 SS rtw,rtw,Paris,True,0.6201,0.1432,,,0.76,0.78,,,https://nowfashion.com/chloe-ready-to-wear-spring-summer-2024-paris
chloe,2024-02-29,2024 AW rtw,rtw,Paris,True,1.0074,0.5221,,,2.308,2.312,,,https://nowfashion.com/chloe-ready-to-wear-fall-winter-2024-paris
chloe,2024-09-26,2025 SS rtw,rtw,Paris,True,0.5797,0.0654,,,0.071,-0.168,,,https://nowfashion.com/chloe-ready-to-wear-spring-summer-2025-paris
chloe,2025-03-06,2025 AW rtw,rtw,Paris,True,0.4752,-0.0425,,,0.074,-0.409,,,https://nowfashion.com/chloe-ready-to-wear-fall-winter-2025-paris
chloe,2025-10-05,2026 SS rtw,rtw,Paris,True,0.4045,-0.1111,,,-0.311,-0.473,,,https://nowfashion.com/chloe-ready-to-wear-spring-summer-2026-paris
chloe,2026-03-05,2026 AW rtw,rtw,Paris,True,0.3275,-0.1828,,,0.616,0.352,,,https://nowfashion.com/chloe-ready-to-wear-fall-winter-2026-paris
chloe,2026-10-01,2027 SS rtw,rtw,Paris,True,0.3545,-0.1475,,,-0.142,-0.361,,,https://nowfashion.com/chloe-ready-to-wear-spring-summer-2027-paris
dior,2015-01-24,2015 AW men,men,Paris,False,,,,,,,,,https://nowfashion.com/dior-homme-menswear-fall-winter-2015-paris
dior,2015-01-26,2015 SS couture,couture,Paris,False,,,,,,,,,https://nowfashion.com/dior-couture-spring-summer-2015-paris
dior,2015-03-06,2015 AW rtw,rtw,Paris,True,,,,,,,,,https://nowfashion.com/dior-ready-to-wear-fall-winter-2015-paris
dior,2015-06-27,2016 SS men,men,Paris,False,,,,,,,,,https://nowfashion.com/dior-homme-menswear-spring-summer-2016-paris
dior,2015-07-06,2015 AW couture,couture,Paris,False,,,,,,,,,https://nowfashion.com/dior-couture-fall-winter-2015-paris
dior,2015-10-02,2016 SS rtw,rtw,Paris,True,0.1501,,,,-0.658,,,,https://nowfashion.com/dior-ready-to-wear-spring-summer-2016-paris
dior,2016-01-23,2016 AW men,men,Paris,False,0.0547,,,,,,,,https://nowfashion.com/dior-homme-menswear-fall-winter-2016-paris
dior,2016-01-25,2016 SS couture,couture,Paris,False,0.0556,,,,,,,,https://nowfashion.com/dior-couture-spring-summer-2016-paris
dior,2016-03-04,2016 AW rtw,rtw,Paris,True,0.1312,,,,-0.794,,,,https://nowfashion.com/dior-ready-to-wear-fall-winter-2016-paris
dior,2016-06-25,2017 SS men,men,Paris,False,0.0303,,,,,,,,https://nowfashion.com/dior-homme-menswear-spring-summer-2017-paris
dior,2016-07-04,2016 AW couture,couture,Paris,False,0.0248,,,,,,,,https://nowfashion.com/dior-couture-fall-winter-2016-paris
dior,2016-09-30,2017 SS rtw,rtw,Paris,True,0.2041,0.0635,,,-1.125,-0.072,,,https://nowfashion.com/dior-ready-to-wear-spring-summer-2017-paris
dior,2017-01-21,2017 AW men,men,Paris,False,0.3165,,,0.1195,,,,,https://nowfashion.com/dior-homme-menswear-fall-winter-2017-paris
dior,2017-01-23,2017 SS couture,couture,Paris,False,0.1873,,,0.6479,,,,,https://nowfashion.com/dior-couture-spring-summer-2017-paris
dior,2017-03-03,2017 AW rtw,rtw,Paris,True,0.1073,-0.0545,1.0279,0.3582,-1.156,-0.377,-0.89,0.517,https://nowfashion.com/dior-ready-to-wear-fall-winter-2017-paris
dior,2017-06-24,2018 SS men,men,Paris,False,-0.0904,,0.5366,0.0328,,,,,https://nowfashion.com/dior-homme-menswear-spring-summer-2018-paris
dior,2017-07-03,2017 AW couture,couture,Paris,False,0.3527,,1.3859,0.0192,,,,,https://nowfashion.com/dior-couture-fall-winter-2017-paris
dior,2017-09-26,2018 SS rtw,rtw,Paris,True,-0.0876,-0.2358,1.2259,-0.2508,-2.005,-1.428,-0.767,0.259,https://nowfashion.com/dior-ready-to-wear-spring-summer-2018-paris
dior,2018-01-20,2018 AW men,men,Paris,False,0.1858,,1.9343,-0.2874,,,,,https://nowfashion.com/dior-homme-menswear-fall-winter-2018-paris
dior,2018-01-22,2018 SS couture,couture,Paris,False,0.1735,,1.9683,-0.7005,,,,,https://nowfashion.com/dior-couture-spring-summer-2018-paris
dior,2018-02-27,2018 AW rtw,rtw,Paris,True,-0.0567,-0.1577,0.9695,-0.1395,-1.015,-0.136,,,https://nowfashion.com/dior-ready-to-wear-fall-winter-2018-paris
dior,2018-06-23,2019 SS men,men,Paris,False,-0.0001,,1.8481,-1.0744,,,,,https://nowfashion.com/dior-homme-menswear-spring-summer-2019-paris
dior,2018-07-02,2018 AW couture,couture,Paris,False,0.0801,,1.5668,-1.3621,,,,,https://nowfashion.com/dior-couture-fall-winter-2018-paris
dior,2018-09-24,2019 SS rtw,rtw,Paris,True,0.1608,0.0861,1.1514,-0.1388,-0.722,-0.325,,,https://nowfashion.com/dior-ready-to-wear-spring-summer-2019-paris
dior,2019-01-18,2019 AW men,men,Paris,False,0.1393,,1.4905,-0.0111,,,,,https://nowfashion.com/dior-homme-menswear-fall-winter-2019-paris
dior,2019-01-21,2019 SS couture,couture,Paris,False,0.1291,,1.4999,0.6509,,,,,https://nowfashion.com/dior-couture-spring-summer-2019-paris
dior,2019-02-26,2019 AW rtw,rtw,Paris,True,1.6143,1.5273,1.9398,-0.1695,1.455,2.004,,,https://nowfashion.com/dior-ready-to-wear-fall-winter-2019-paris
dior,2019-06-21,2020 SS men,men,Paris,False,0.2465,,0.6516,-0.0401,,,,,https://nowfashion.com/dior-homme-menswear-spring-summer-2020-paris
dior,2019-07-01,2019 AW couture,couture,Paris,False,0.0813,,0.9319,-0.4882,,,,,https://nowfashion.com/dior-couture-fall-winter-2019-paris
dior,2020-01-17,2020 AW men,men,Paris,False,2.7696,,1.1651,-0.6122,,,,,https://nowfashion.com/dior-homme-menswear-fall-winter-2020-paris
dior,2020-01-20,2020 SS couture,couture,Paris,False,2.6691,,1.3435,-0.0425,,,,,https://nowfashion.com/dior-haute-couture-spring-summer-2020-paris
dior,2020-02-25,2020 AW rtw,rtw,Paris,True,0.7229,0.445,1.0415,-0.4584,1.53,1.816,,,https://nowfashion.com/dior-ready-to-wear-fall-winter-2020-paris
dior,2020-09-29,2021 SS rtw,rtw,Paris,True,0.1991,-0.1283,1.5231,-0.4765,-0.73,-0.109,,,https://nowfashion.com/dior-ready-to-wear-spring-summer-2021-paris
dior,2021-01-29,2021 SS couture,couture,Paris,False,0.4407,,0.2563,0.2299,,,,,https://nowfashion.com/dior-couture-spring-summer-2021-paris
dior,2021-01-29,2021 AW men,men,Paris,False,0.4407,,0.2563,0.2299,,,,,https://nowfashion.com/dior-menswear-fall-winter-2021-paris
dior,2021-03-08,2021 AW rtw,rtw,Paris,True,0.1685,-0.1461,0.4733,0.3297,-1.012,-0.141,,,https://nowfashion.com/dior-ready-to-wear-fall-winter-2021-paris
dior,2021-06-25,2022 SS men,men,Paris,False,0.0406,,0.9723,0.756,,,,,https://nowfashion.com/dior-homme-menswear-spring-summer-2022-paris
dior,2021-07-05,2021 AW couture,couture,Paris,False,0.0742,,0.9538,0.216,,,,,https://nowfashion.com/dior-couture-fall-winter-2021-paris
dior,2021-09-28,2022 SS rtw,rtw,Paris,True,0.371,0.0697,1.7683,-0.1084,-0.559,-0.071,,,https://nowfashion.com/dior-ready-to-wear-spring-summer-2022-paris
dior,2022-01-21,2022 AW men,men,Paris,False,0.2035,,1.3614,-1.044,,,,,https://nowfashion.com/dior-menswear-fall-winter-2022-paris
dior,2022-01-24,2022 SS couture,couture,Paris,False,0.2011,,1.3712,-0.3466,,,,,https://nowfashion.com/dior-couture-spring-summer-2022-paris
dior,2022-03-01,2022 AW rtw,rtw,Paris,True,0.1884,-0.1187,1.5481,-0.6189,-0.479,-0.055,,,https://nowfashion.com/dior-ready-to-wear-fall-winter-2022-paris
dior,2022-06-24,2023 SS men,men,Paris,False,-0.2167,,1.1441,0.4169,,,,,https://nowfashion.com/dior-homme-menswear-spring-summer-2023-paris
dior,2022-07-04,2022 AW couture,couture,Paris,False,-0.1751,,1.0178,0.0863,,,,,https://nowfashion.com/christian-dior-couture-fall-winter-2022-paris
dior,2022-09-27,2023 SS rtw,rtw,Paris,True,0.1564,-0.1416,0.9332,-0.3097,-0.794,-0.602,,,https://nowfashion.com/christian-dior-ready-to-wear-spring-summer-2023-paris
dior,2023-01-20,2023 AW men,men,Paris,False,0.2606,,2.1297,-2.6591,,,,,https://nowfashion.com/dior-homme-menswear-fall-winter-2023-paris
dior,2023-01-23,2023 SS couture,couture,Paris,False,0.1579,,2.0603,-1.1493,,,,,https://nowfashion.com/christian-dior-couture-spring-summer-2023-paris
dior,2023-02-28,2023 AW rtw,rtw,Paris,True,-0.0595,-0.3473,0.9121,0.0335,-1.008,-0.416,,,https://nowfashion.com/christian-dior-ready-to-wear-fall-winter-2023-paris
dior,2023-06-23,2024 SS men,men,Paris,False,-0.0864,,0.9453,-0.5135,,,,,https://nowfashion.com/dior-homme-menswear-spring-summer-2024-paris
dior,2023-07-03,2023 AW couture,couture,Paris,False,-0.0625,,0.5072,-0.1027,,,,,https://nowfashion.com/christian-dior-couture-fall-winter-2023-paris
dior,2023-09-26,2024 SS rtw,rtw,Paris,True,0.2463,-0.0184,1.1408,-0.5145,-0.737,-0.042,,,https://nowfashion.com/christian-dior-ready-to-wear-spring-summer-2024-paris
dior,2024-01-19,2024 AW men,men,Paris,False,0.2059,,1.2247,0.3412,,,,,https://nowfashion.com/dior-homme-menswear-fall-winter-2024-paris
dior,2024-01-22,2024 SS couture,couture,Paris,False,0.0681,,1.1953,-0.2252,,,,,https://nowfashion.com/christian-dior-couture-spring-summer-2024-paris
dior,2024-02-27,2024 AW rtw,rtw,Paris,True,0.3281,0.0646,0.7367,0.7605,0.124,0.699,,,https://nowfashion.com/christian-dior-ready-to-wear-fall-winter-2024-paris
dior,2024-06-21,2025 SS men,men,Paris,False,0.1925,,1.741,1.5758,,,,,https://nowfashion.com/dior-homme-menswear-spring-summer-2025-paris
dior,2024-06-24,2024 AW couture,couture,Paris,False,0.2086,,1.75,1.4381,,,,,https://nowfashion.com/christian-dior-couture-fall-winter-2024-paris
dior,2024-09-24,2025 SS rtw,rtw,Paris,True,-0.1322,-0.3995,1.1735,-0.214,-1.608,-1.366,,,https://nowfashion.com/dior-ready-to-wear-spring-summer-2025-paris
dior,2025-01-24,2025 AW men,men,Paris,False,0.1346,,0.6311,0.5712,,,,,https://nowfashion.com/dior-homme-menswear-fall-winter-2025-paris
dior,2025-01-27,2025 SS couture,couture,Paris,False,0.091,,1.1875,0.4678,,,,,https://nowfashion.com/dior-couture-spring-summer-2025-paris
dior,2025-03-04,2025 AW rtw,rtw,Paris,True,0.3628,0.1177,0.9085,-0.1135,-0.39,0.293,,,https://nowfashion.com/dior-ready-to-wear-fall-winter-2025-paris
dior,2025-06-27,2026 SS men,men,Paris,False,0.2524,,-3.2804,,,,,,https://nowfashion.com/dior-menswear-spring-summer-2026-paris
dior,2025-10-01,2026 SS rtw,rtw,Paris,True,0.4293,0.178,1.1143,0.4979,-0.246,0.373,,,https://nowfashion.com/christian-dior-ready-to-wear-spring-summer-2026-paris
dior,2026-01-21,2026 AW men,men,Paris,False,0.6178,,1.2131,0.6474,,,,,https://nowfashion.com/dior-homme-menswear-fall-winter-2026-paris
dior,2026-01-26,2026 SS couture,couture,Paris,False,0.3283,,1.3293,-0.5795,,,,,https://nowfashion.com/dior-couture-spring-summer-2026-paris
dior,2026-03-03,2026 AW rtw,rtw,Paris,True,-0.0266,-0.2868,0.8838,-0.2934,-0.725,-0.032,,,https://nowfashion.com/christian-dior-ready-to-wear-fall-winter-2026-paris
dior,2026-06-24,2027 SS men,men,Paris,False,-0.1552,,0.9034,-2.7358,,,,,https://nowfashion.com/dior-homme-menswear-spring-summer-2027-paris
dior,2026-07-06,2026 AW couture,couture,Paris,False,0.3063,,1.9727,1.4821,,,,,https://nowfashion.com/christian-dior-couture-fall-winter-2026-paris
dior,2026-09-29,2027 SS rtw,rtw,Paris,True,0.0308,-0.2158,1.1961,0.1723,-1.135,-0.59,,,https://nowfashion.com/dior-ready-to-wear-spring-summer-2027-paris
dolce_gabbana,2015-01-17,2015 AW men,men,Milan,False,,,,,,,,,https://nowfashion.com/dolce-gabbana-menswear-fall-winter-2015-milan
dolce_gabbana,2015-03-01,2015 AW rtw,rtw,Milan,True,,,,,,,,,https://nowfashion.com/dolce-gabbana-ready-to-wear-fall-winter-2015-milan
dolce_gabbana,2015-06-20,2016 SS men,men,Milan,False,,,,,,,,,https://nowfashion.com/dolce-gabbana-menswear-spring-summer-2016-milan-2
dolce_gabbana,2015-09-27,2016 SS rtw,rtw,Milan,True,-0.2635,,,,-1.628,,,,https://nowfashion.com/dolce-gabbana-ready-to-wear-spring-summer-2016-milan-2
dolce_gabbana,2016-01-16,2016 AW men,men,Milan,False,-0.0074,,,,,,,,https://nowfashion.com/dolce-gabbana-menswear-fall-winter-2016-milan-2
dolce_gabbana,2016-02-28,2016 AW rtw,rtw,Milan,True,0.1937,,,,-0.548,,,,https://nowfashion.com/dolce-gabbana-ready-to-wear-fall-winter-2016-milan-2
dolce_gabbana,2016-06-18,2017 SS men,men,Milan,False,0.0434,,,,,,,,https://nowfashion.com/dolce-gabbana-menswear-spring-summer-2017-milan-2
dolce_gabbana,2016-09-25,2017 SS rtw,rtw,Milan,True,0.5348,0.5697,,,0.3,1.746,,,https://nowfashion.com/dolce-gabbana-ready-to-wear-spring-summer-2017-milan-2
dolce_gabbana,2017-01-14,2017 AW men,men,Milan,False,0.3261,,,,,,,,https://nowfashion.com/dolce-gabbana-menswear-fall-winter-2017-milan-2
dolce_gabbana,2017-02-26,2017 AW rtw,rtw,Milan,True,0.485,0.33,1.7923,0.8888,0.194,1.258,-0.239,1.53,https://nowfashion.com/dolce-gabbana-ready-to-wear-fall-winter-2017-milan-2
dolce_gabbana,2017-06-17,2018 SS men,men,Milan,False,1.0925,,2.3587,-0.1851,,,,,https://nowfashion.com/dolce-gabbana-menswear-spring-summer-2018-milan
dolce_gabbana,2017-09-24,2018 SS rtw,rtw,Milan,True,0.4958,0.2583,2.0081,0.1518,0.128,1.101,0.466,1.659,https://nowfashion.com/dolce-gabbana-ready-to-wear-spring-summer-2018-milan
dolce_gabbana,2018-01-13,2018 AW men,men,Milan,False,0.4698,,2.334,-0.557,,,,,https://nowfashion.com/dolce-gabbana-menswear-fall-winter-2018-milan
dolce_gabbana,2018-02-25,2018 AW rtw,rtw,Milan,True,0.334,0.0448,2.4251,-0.4752,-0.012,0.356,,,https://nowfashion.com/dolce-gabbana-ready-to-wear-fall-winter-2018-milan
dolce_gabbana,2018-06-16,2019 SS men,men,Milan,False,1.177,,,,,,,,https://nowfashion.com/dolce-gabbana-menswear-spring-summer-2019-milan
dolce_gabbana,2018-09-23,2019 SS rtw,rtw,Milan,True,0.8838,0.5872,,,0.082,0.204,,,https://nowfashion.com/dolce-gabbana-ready-to-wear-spring-summer-2019-milan
dolce_gabbana,2019-01-12,2019 AW men,men,Milan,False,0.0505,,,,,,,,https://nowfashion.com/dolce-gabbana-menswear-fall-winter-2019-milan
dolce_gabbana,2019-02-24,2019 AW rtw,rtw,Milan,True,0.0052,-0.3753,,,-0.813,-0.67,,,https://nowfashion.com/dolce-gabbana-ready-to-wear-fall-winter-2019-milan
dolce_gabbana,2019-06-15,2020 SS men,men,Milan,False,0.0411,,,,,,,,https://nowfashion.com/dolce-gabbana-menswear-spring-summer-2020-milan
dolce_gabbana,2020-01-11,2020 AW men,men,Milan,False,-0.0192,,,,,,,,https://nowfashion.com/dolce-gabbana-menswear-fall-winter-2020-milan
dolce_gabbana,2020-02-23,2020 AW rtw,rtw,Milan,True,0.3193,-0.0143,,,0.054,0.515,,,https://nowfashion.com/dolce-gabbana-ready-to-wear-fall-winter-2020-milan
dolce_gabbana,2020-09-23,2021 SS rtw,rtw,Milan,True,0.0384,-0.2936,,,-1.414,-0.747,,,https://nowfashion.com/dolce-gabbana-ready-to-wear-spring-summer-2021-milan
dolce_gabbana,2021-03-01,2021 AW rtw,rtw,Milan,True,0.2359,-0.0668,,,-0.63,0.256,,,https://nowfashion.com/dolce-gabbana-ready-to-wear-fall-winter-2021-milan
dolce_gabbana,2021-06-19,2022 SS men,men,Milan,False,0.1084,,,,,,,,https://nowfashion.com/dolce-gabbana-menswear-spring-summer-2022-milan
dolce_gabbana,2021-09-25,2022 SS rtw,rtw,Milan,True,0.0322,-0.2644,,,-1.45,-0.94,,,https://nowfashion.com/dolce-gabbana-ready-to-wear-spring-summer-2022-milan
dolce_gabbana,2022-02-26,2022 AW rtw,rtw,Milan,True,-0.0382,-0.3128,,,-1.119,-0.555,,,https://nowfashion.com/dolce-gabbana-ready-to-wear-fall-winter-2022-milan
dolce_gabbana,2022-06-18,2023 SS men,men,Milan,False,0.0028,,,,,,,,https://nowfashion.com/dolce-gabbana-menswear-spring-summer-2023-milan
dolce_gabbana,2022-09-24,2023 SS rtw,rtw,Milan,True,1.2786,1.0281,,,1.571,2.136,,,https://nowfashion.com/dolce-gabbana-ready-to-wear-spring-summer-2023-milan
dolce_gabbana,2023-01-14,2023 AW men,men,Milan,False,-0.138,,,,,,,,https://nowfashion.com/dolce-gabbana-menswear-fall-winter-2023-milan
dolce_gabbana,2023-02-25,2023 AW rtw,rtw,Milan,True,0.1381,-0.1858,,,-0.282,0.205,,,https://nowfashion.com/dolce-gabbana-ready-to-wear-fall-winter-2023-milan
dolce_gabbana,2023-06-17,2024 SS men,men,Milan,False,1.3458,,,,,,,,https://nowfashion.com/dolce-gabbana-menswear-spring-summer-2024-milan
dolce_gabbana,2023-09-23,2024 SS rtw,rtw,Milan,True,0.1492,-0.1623,,,-1.126,-0.775,,,https://nowfashion.com/dolce-gabbana-ready-to-wear-spring-summer-2024-milan
dolce_gabbana,2024-01-13,2024 AW men,men,Milan,False,0.0174,,,,,,,,https://nowfashion.com/dolce-gabbana-menswear-fall-winter-2024-milan
dolce_gabbana,2024-02-24,2024 AW rtw,rtw,Milan,True,0.0517,-0.2497,,,-0.764,-0.41,,,https://nowfashion.com/dolce-gabbana-ready-to-wear-fall-winter-2024-milan
dolce_gabbana,2024-06-15,2025 SS men,men,Milan,False,-0.0446,,,,,,,,https://nowfashion.com/dolce-gabbana-menswear-spring-summer-2025-milan
dolce_gabbana,2024-09-21,2025 SS rtw,rtw,Milan,True,0.718,0.4313,,,0.397,0.774,,,https://nowfashion.com/dolce-gabbana-ready-to-wear-spring-summer-2025-milan
dolce_gabbana,2025-01-18,2025 AW men,men,Milan,False,0.1455,,,,,,,,https://nowfashion.com/dolce-gabbana-menswear-fall-winter-2025-milan
dolce_gabbana,2025-03-01,2025 AW rtw,rtw,Milan,True,0.1672,-0.1435,,,-1.198,-0.851,,,https://nowfashion.com/dolce-gabbana-ready-to-wear-fall-winter-2025-milan
dolce_gabbana,2025-06-21,2026 SS men,men,Milan,False,-0.0131,,,,,,,,https://nowfashion.com/dolce-gabbana-menswear-spring-summer-2026-milan
dolce_gabbana,2025-09-27,2026 SS rtw,rtw,Milan,True,0.2953,-0.0078,,,-0.597,-0.171,,,https://nowfashion.com/dolce-gabbana-ready-to-wear-spring-summer-2026-milan
dolce_gabbana,2026-01-17,2026 AW men,men,Milan,False,1.3418,,,,,,,,https://nowfashion.com/dolcegabbana-menswear-fall-winter-2026-milan
dolce_gabbana,2026-02-28,2026 AW rtw,rtw,Milan,True,0.3685,0.0658,,,0.771,1.271,,,https://nowfashion.com/dolcegabbana-ready-to-wear-fall-winter-2026-milan
dolce_gabbana,2026-06-20,2027 SS men,men,Milan,False,-0.1334,,,,,,,,https://nowfashion.com/dolcegabbana-menswear-spring-summer-2027-milan
dolce_gabbana,2026-09-26,2027 SS rtw,rtw,Milan,True,0.3095,0.0036,,,-0.28,0.148,,,https://nowfashion.com/dolcegabbana-ready-to-wear-spring-summer-2027-milan
dries_van_noten,2015-01-22,2015 AW men,men,Paris,False,,,,,,,,,https://nowfashion.com/dries-van-noten-menswear-fall-winter-2015-paris
dries_van_noten,2015-03-04,2015 AW rtw,rtw,Paris,True,,,,,,,,,https://nowfashion.com/dries-van-noten-ready-to-wear-fall-winter-2015-paris
dries_van_noten,2015-06-25,2016 SS men,men,Paris,False,,,,,,,,,https://nowfashion.com/dries-van-noten-menswear-spring-summer-2016-paris
dries_van_noten,2015-09-30,2016 SS rtw,rtw,Paris,True,0.7665,,,,0.787,,,,https://nowfashion.com/dries-van-noten-ready-to-wear-spring-summer-2016-paris
dries_van_noten,2016-01-21,2016 AW men,men,Paris,False,0.5987,,,,,,,,https://nowfashion.com/dries-van-noten-menswear-fall-winter-2016-paris
dries_van_noten,2016-03-02,2016 AW rtw,rtw,Paris,True,0.6467,,,,1.238,,,,https://nowfashion.com/dries-van-noten-ready-to-wear-fall-winter-2016-paris
dries_van_noten,2016-06-23,2017 SS men,men,Paris,False,0.3014,,,,,,,,https://nowfashion.com/dries-van-noten-menswear-spring-summer-2017-paris
dries_van_noten,2016-09-28,2017 SS rtw,rtw,Paris,True,0.7844,0.0778,,,1.375,-0.021,,,https://nowfashion.com/dries-van-noten-ready-to-wear-spring-summer-2017-paris
dries_van_noten,2017-01-19,2017 AW men,men,Paris,False,0.4775,,,,,,,,https://nowfashion.com/dries-van-noten-menswear-fall-winter-2017-paris
dries_van_noten,2017-03-01,2017 AW rtw,rtw,Paris,True,1.2168,0.4843,4.1263,-0.3237,2.808,1.914,1.749,-0.785,https://nowfashion.com/dries-van-noten-ready-to-wear-fall-winter-2017-paris
dries_van_noten,2017-06-22,2018 SS men,men,Paris,False,0.3058,,,,,,,,https://nowfashion.com/dries-van-noten-menswear-spring-summer-2018-paris
dries_van_noten,2017-09-27,2018 SS rtw,rtw,Paris,True,0.8171,-0.0365,,,1.302,-0.408,,,https://nowfashion.com/dries-van-noten-ready-to-wear-spring-summer-2018-paris
dries_van_noten,2018-01-18,2018 AW men,men,Paris,False,1.4655,,,,,,,,https://nowfashion.com/dries-van-noten-menswear-fall-winter-2018-paris
dries_van_noten,2018-02-28,2018 AW rtw,rtw,Paris,True,0.1087,-0.7376,,,-0.59,-1.543,,,https://nowfashion.com/dries-van-noten-ready-to-wear-fall-winter-2018-paris
dries_van_noten,2018-06-21,2019 SS men,men,Paris,False,0.4992,,,,,,,,https://nowfashion.com/dries-van-noten-menswear-spring-summer-2019-paris
dries_van_noten,2018-09-26,2019 SS rtw,rtw,Paris,True,0.7553,0.0319,,,-0.061,-0.383,,,https://nowfashion.com/dries-van-noten-ready-to-wear-spring-summer-2019-paris
dries_van_noten,2019-01-17,2019 AW men,men,Paris,False,0.6464,,,,,,,,https://nowfashion.com/dries-van-noten-menswear-fall-winter-2019-paris
dries_van_noten,2019-02-27,2019 AW rtw,rtw,Paris,True,0.3361,-0.3918,,,-0.346,-0.693,,,https://nowfashion.com/dries-van-noten-ready-to-wear-fall-winter-2019-paris
dries_van_noten,2019-06-20,2020 SS men,men,Paris,False,0.2437,,,,,,,,https://nowfashion.com/dries-van-noten-menswear-spring-summer-2020-paris
dries_van_noten,2019-09-25,2020 SS rtw,rtw,Paris,True,0.9249,0.246,,,1.431,0.969,,,https://nowfashion.com/dries-van-noten-ready-to-wear-spring-summer-2020-paris
dries_van_noten,2020-01-16,2020 AW men,men,Paris,False,0.3047,,,,,,,,https://nowfashion.com/dries-van-noten-menswear-fall-winter-2020-paris
dries_van_noten,2020-02-26,2020 AW rtw,rtw,Paris,True,0.2494,-0.4569,,,-0.202,-0.738,,,https://nowfashion.com/dries-van-noten-ready-to-wear-fall-winter-2020-paris
dries_van_noten,2021-01-21,2021 AW men,men,Paris,False,0.2993,,,,,,,,https://nowfashion.com/dries-van-noten-menswear-fall-winter-2021-paris
dries_van_noten,2021-03-03,2021 AW rtw,rtw,Paris,True,0.3898,-0.2708,,,0.241,-0.765,,,https://nowfashion.com/dries-van-noten-ready-to-wear-fall-winter-2021-paris
dries_van_noten,2021-06-24,2022 SS men,men,Paris,False,0.2111,,,,,,,,https://nowfashion.com/dries-van-noten-menswear-spring-summer-2022-paris
dries_van_noten,2022-06-23,2023 SS men,men,Paris,False,0.5179,,,,,,,,https://nowfashion.com/dries-van-noten-menswear-spring-summer-2023-paris
dries_van_noten,2022-09-28,2023 SS rtw,rtw,Paris,True,0.6851,0.0491,,,0.32,-0.156,,,https://nowfashion.com/dries-van-noten-ready-to-wear-spring-summer-2023-paris
dries_van_noten,2023-01-19,2023 AW men,men,Paris,False,0.7164,,,,,,,,https://nowfashion.com/dries-van-noten-menswear-fall-winter-2023-paris
dries_van_noten,2023-03-01,2023 AW rtw,rtw,Paris,True,0.4882,-0.1519,,,1.006,0.335,,,https://nowfashion.com/dries-van-noten-ready-to-wear-fall-winter-2023-paris
dries_van_noten,2023-06-22,2024 SS men,men,Paris,False,0.6487,,,,,,,,https://nowfashion.com/dries-van-noten-menswear-spring-summer-2024-paris
dries_van_noten,2023-09-27,2024 SS rtw,rtw,Paris,True,0.8546,0.2262,,,1.7,1.202,,,https://nowfashion.com/dries-van-noten-ready-to-wear-spring-summer-2024-paris
dries_van_noten,2024-01-18,2024 AW men,men,Paris,False,0.7017,,,,,,,,https://nowfashion.com/dries-van-noten-menswear-fall-winter-2024-paris
dries_van_noten,2024-02-28,2024 AW rtw,rtw,Paris,True,0.9491,0.3046,,,2.12,1.545,,,https://nowfashion.com/dries-van-noten-ready-to-wear-fall-winter-2024-paris
dries_van_noten,2024-06-22,2025 SS men,men,Paris,False,3.0161,,,,,,,,https://nowfashion.com/dries-van-noten-menswear-spring-summer-2025-paris
dries_van_noten,2024-09-25,2025 SS rtw,rtw,Paris,True,0.9122,0.2474,,,0.855,0.301,,,https://nowfashion.com/dries-van-noten-ready-to-wear-spring-summer-2025-paris
dries_van_noten,2025-03-05,2025 AW rtw,rtw,Paris,True,0.7129,0.0326,,,1.055,-0.08,,,https://nowfashion.com/dries-van-noten-ready-to-wear-fall-winter-2025-paris
dries_van_noten,2025-06-26,2026 SS men,men,Paris,False,0.4634,,,,,,,,https://nowfashion.com/dries-van-noten-menswear-spring-summer-2026-paris
dries_van_noten,2025-09-30,2026 SS rtw,rtw,Paris,True,0.6351,-0.0471,,,0.294,-0.286,,,https://nowfashion.com/dries-van-noten-ready-to-wear-spring-summer-2026-paris
dries_van_noten,2026-01-22,2026 AW men,men,Paris,False,0.6044,,,,,,,,https://nowfashion.com/dries-van-noten-menswear-fall-winter-2026-paris
dries_van_noten,2026-03-04,2026 AW rtw,rtw,Paris,True,0.3506,-0.329,,,0.703,-0.188,,,https://nowfashion.com/dries-van-noten-ready-to-wear-fall-winter-2026-paris
dries_van_noten,2026-06-25,2027 SS men,men,Paris,False,0.0869,,,,,,,,https://nowfashion.com/dries-van-noten-menswear-spring-summer-2027-paris
dries_van_noten,2026-09-30,2027 SS rtw,rtw,Paris,True,1.1606,0.4983,,,2.331,1.812,,,https://nowfashion.com/dries-van-noten-ready-to-wear-spring-summer-2027-paris
fendi,2015-01-19,2015 AW men,men,Milan,False,,,,,,,,,https://nowfashion.com/fendi-menswear-fall-winter-2015-milan
fendi,2015-02-26,2015 AW rtw,rtw,Milan,True,,,,,,,,,https://nowfashion.com/fendi-ready-to-wear-fall-winter-2015-milan
fendi,2015-06-22,2016 SS men,men,Milan,False,,,,,,,,,https://nowfashion.com/fendi-menswear-spring-summer-2016-milan-2
fendi,2015-07-08,2015 AW couture,couture,Paris,False,,,,,,,,,https://nowfashion.com/fendi-couture-fall-winter-2015-paris
fendi,2015-09-24,2016 SS rtw,rtw,Milan,True,0.2562,,,,-0.409,,,,https://nowfashion.com/fendi-ready-to-wear-spring-summer-2016-milan-2
fendi,2016-01-18,2016 AW men,men,Milan,False,0.1634,,,,,,,,https://nowfashion.com/fendi-menswear-fall-winter-2016-milan-2
fendi,2016-02-25,2016 AW rtw,rtw,Milan,True,0.4688,,,,0.537,,,,https://nowfashion.com/fendi-ready-to-wear-fall-winter-2016-milan-2
fendi,2016-06-20,2017 SS men,men,Milan,False,0.2011,,,,,,,,https://nowfashion.com/fendi-menswear-spring-summer-2017-milan-2
fendi,2016-09-22,2017 SS rtw,rtw,Milan,True,1.087,0.7245,,,2.679,2.302,,,https://nowfashion.com/fendi-ready-to-wear-spring-summer-2017-milan-2
fendi,2017-01-16,2017 AW men,men,Milan,False,0.2937,,,,,,,,https://nowfashion.com/fendi-menswear-fall-winter-2017-milan-2
fendi,2017-02-23,2017 AW rtw,rtw,Milan,True,0.5491,-0.0549,2.1558,-0.7233,0.423,-0.378,0.071,-1.548,https://nowfashion.com/fendi-ready-to-wear-fall-winter-2017-milan-2
fendi,2017-06-19,2018 SS men,men,Milan,False,2.519,,,,,,,,https://nowfashion.com/fendi-menswear-spring-summer-2018-milan
fendi,2017-07-05,2017 AW couture,couture,Paris,False,0.2381,,,,,,,,https://nowfashion.com/fendi-couture-fall-winter-2017-paris
fendi,2017-09-21,2018 SS rtw,rtw,Milan,True,0.4952,-0.0951,,,0.126,-0.708,,,https://nowfashion.com/fendi-ready-to-wear-spring-summer-2018-milan
fendi,2018-01-15,2018 AW men,men,Milan,False,0.372,,,,,,,,https://nowfashion.com/fendi-menswear-fall-winter-2018-milan
fendi,2018-02-22,2018 AW rtw,rtw,Milan,True,1.3717,0.8004,,,2.65,2.189,,,https://nowfashion.com/fendi-ready-to-wear-fall-winter-2018-milan
fendi,2018-06-18,2019 SS men,men,Milan,False,0.9918,,,,,,,,https://nowfashion.com/fendi-menswear-spring-summer-2019-milan
fendi,2018-07-04,2018 AW couture,couture,Paris,False,0.0862,,,,,,,,https://nowfashion.com/fendi-couture-fall-winter-2018-paris
fendi,2018-09-20,2019 SS rtw,rtw,Milan,True,0.9628,0.2581,,,0.17,-0.144,,,https://nowfashion.com/fendi-ready-to-wear-spring-summer-2019-milan
fendi,2019-01-14,2019 AW men,men,Milan,False,0.6178,,,,,,,,https://nowfashion.com/fendi-menswear-fall-winter-2019-milan
fendi,2019-02-21,2019 AW rtw,rtw,Milan,True,3.248,2.5065,,,3.758,3.381,,,https://nowfashion.com/fendi-ready-to-wear-fall-winter-2019-milan
fendi,2019-06-17,2020 SS men,men,Milan,False,0.1854,,,,,,,,https://nowfashion.com/fendi-menswear-spring-summer-2020-milan
fendi,2019-09-19,2020 SS rtw,rtw,Milan,True,0.5674,-0.4875,,,-0.141,-2.384,,,https://nowfashion.com/fendi-ready-to-wear-spring-summer-2020-milan
fendi,2020-01-13,2020 AW men,men,Milan,False,0.2237,,,,,,,,https://nowfashion.com/fendi-menswear-fall-winter-2020-milan
fendi,2020-02-20,2020 AW rtw,rtw,Milan,True,0.23,-0.7707,,,-0.273,-1.627,,,https://nowfashion.com/fendi-ready-to-wear-fall-winter-2020-milan
fendi,2020-09-23,2021 SS rtw,rtw,Milan,True,0.3593,-0.5643,,,-0.048,-1.793,,,https://nowfashion.com/fendi-ready-to-wear-spring-summer-2021-milan-2
fendi,2021-01-16,2021 AW men,men,Milan,False,0.328,,,,,,,,https://nowfashion.com/fendi-menswear-fall-winter-2021-milan
fendi,2021-01-29,2021 SS couture,couture,Paris,False,0.7447,,,,,,,,https://nowfashion.com/fendi-couture-spring-summer-2021-paris
fendi,2021-02-24,2021 AW rtw,rtw,Milan,True,0.2546,-0.6177,,,-0.525,-2.502,,,https://nowfashion.com/fendi-ready-to-wear-fall-winter-2021-milan
fendi,2021-06-19,2022 SS men,men,Milan,False,0.5856,,,,,,,,https://nowfashion.com/fendi-menswear-spring-summer-2022-milan
fendi,2021-07-08,2021 AW couture,couture,Paris,False,0.2259,,,,,,,,https://nowfashion.com/fendi-couture-fall-winter-2021-paris
fendi,2021-09-22,2022 SS rtw,rtw,Milan,True,0.3028,-0.518,,,-0.738,-1.6,,,https://nowfashion.com/fendi-ready-to-wear-spring-summer-2022-milan
fendi,2022-01-15,2022 AW men,men,Milan,False,-0.0047,,,,,,,,https://nowfashion.com/fendi-menswear-fall-winter-2022-milan
fendi,2022-01-27,2022 SS couture,couture,Paris,False,-0.1718,,,,,,,,https://nowfashion.com/fendi-couture-spring-summer-2022-paris
fendi,2022-02-23,2022 AW rtw,rtw,Milan,True,0.0599,-0.7211,,,-0.842,-1.605,,,https://nowfashion.com/fendi-ready-to-wear-fall-winter-2022-milan
fendi,2022-07-07,2022 AW couture,couture,Paris,False,0.1247,,,,,,,,https://nowfashion.com/fendi-couture-couture-fall-winter-2022-paris
fendi,2022-09-10,2023 SS rtw,rtw,New York,True,0.703,-0.0265,,,0.358,-0.332,,,https://nowfashion.com/fendi-ready-to-wear-spring-summer-2023-new-york
fendi,2022-09-21,2023 SS rtw,rtw,Milan,True,0.0802,-0.6475,,,-0.955,-1.786,,,https://nowfashion.com/fendi-ready-to-wear-spring-summer-2023-milan
fendi,2023-01-14,2023 AW men,men,Milan,False,0.2827,,,,,,,,https://nowfashion.com/fendi-menswear-fall-winter-2023-milan
fendi,2023-01-26,2023 SS couture,couture,Paris,False,0.1901,,,,,,,,https://nowfashion.com/fendi-couture-couture-spring-summer-2023-paris
fendi,2023-02-22,2023 AW rtw,rtw,Milan,True,0.0749,-0.6123,,,-0.514,-1.434,,,https://nowfashion.com/fendi-ready-to-wear-fall-winter-2023-milan
fendi,2023-06-18,2024 SS men,men,Milan,False,-0.141,,,,,,,,https://nowfashion.com/fendi-menswear-spring-summer-2024-milan
fendi,2023-07-06,2023 AW couture,couture,Paris,False,0.1425,,,,,,,,https://nowfashion.com/fendi-couture-fall-winter-2023-paris
fendi,2023-09-20,2024 SS rtw,rtw,Milan,True,0.2158,-0.4354,,,-0.859,-2.164,,,https://nowfashion.com/fendi-ready-to-wear-spring-summer-2024-milan
fendi,2024-01-13,2024 AW men,men,Milan,False,0.5361,,,,,,,,https://nowfashion.com/fendi-menswear-fall-winter-2024-milan
fendi,2024-01-25,2024 SS couture,couture,Paris,False,0.4246,,,,,,,,https://nowfashion.com/fendi-couture-spring-summer-2024-paris
fendi,2024-02-21,2024 AW rtw,rtw,Milan,True,0.0626,-0.5644,,,-0.729,-1.519,,,https://nowfashion.com/fendi-ready-to-wear-fall-winter-2024-milan
fendi,2024-06-15,2025 SS men,men,Milan,False,0.3717,,,,,,,,https://nowfashion.com/fendi-menswear-spring-summer-2025-milan
fendi,2024-09-17,2025 SS rtw,rtw,Milan,True,0.2942,-0.3031,,,-0.603,-1.118,,,https://nowfashion.com/fendi-ready-to-wear-spring-summer-2025-milan
fendi,2025-02-26,2025 AW rtw,rtw,Milan,True,0.8865,0.3043,,,1.772,1.11,,,https://nowfashion.com/fendi-men-women-fall-winter-2025-milan
fendi,2025-09-24,2026 SS rtw,rtw,Milan,True,0.6921,0.0954,,,0.444,0.131,,,https://nowfashion.com/fendi-men-women-spring-summer-2026-milan
fendi,2026-02-25,2026 AW rtw,rtw,Milan,True,0.1452,-0.4558,,,-0.075,-0.657,,,https://nowfashion.com/fendi-ready-to-wear-fall-winter-2026-milan
fendi,2026-07-09,2026 AW couture,couture,Rome,False,0.0506,,,,,,,,https://nowfashion.com/fendi-couture-fall-winter-2026-rome
fendi,2026-09-23,2027 SS rtw,rtw,Milan,True,0.2386,-0.3426,,,-0.498,-1.017,,,https://nowfashion.com/fendi-ready-to-wear-spring-summer-2027-milan
givenchy,2015-01-23,2015 AW men,men,Paris,False,,,,,,,,,https://nowfashion.com/givenchy-menswear-fall-winter-2015-paris
givenchy,2015-03-08,2015 AW rtw,rtw,Paris,True,,,,,,,,,https://nowfashion.com/givenchy-ready-to-wear-fall-winter-2015-paris
givenchy,2015-06-26,2016 SS men,men,Paris,False,,,,,,,,,https://nowfashion.com/givenchy-menswear-spring-summer-2016-paris
givenchy,2015-07-07,2015 AW couture,couture,Paris,False,,,,,,,,,https://nowfashion.com/givenchy-couture-fall-winter-2015-paris
givenchy,2015-09-12,2016 SS rtw,rtw,New York,True,1.4381,,,,2.362,,,,https://nowfashion.com/givenchy-ready-to-wear-spring-summer-2016-new-york
givenchy,2016-01-22,2016 AW men,men,Paris,False,0.0596,,,,,,,,https://nowfashion.com/givenchy-menswear-fall-winter-2016-paris
givenchy,2016-03-06,2016 AW rtw,rtw,Paris,True,0.0873,,,,-0.967,,,,https://nowfashion.com/givenchy-ready-to-wear-fall-winter-2016-paris
givenchy,2016-06-24,2017 SS men,men,Paris,False,0.0448,,,,,,,,https://nowfashion.com/givenchy-menswear-spring-summer-2017-paris
givenchy,2016-07-07,2016 AW couture,couture,Paris,False,0.0461,,,,,,,,https://nowfashion.com/givenchy-couture-fall-winter-2016-paris
givenchy,2016-10-02,2017 SS rtw,rtw,Paris,True,0.3961,-0.3666,,,-0.298,-1.617,,,https://nowfashion.com/givenchy-ready-to-wear-spring-summer-2017-paris
givenchy,2017-01-20,2017 AW men,men,Paris,False,0.3539,,,,,,,,https://nowfashion.com/givenchy-menswear-fall-winter-2017-paris
givenchy,2017-10-01,2018 SS rtw,rtw,Paris,True,0.4787,-0.1618,,,0.065,-1.05,,,https://nowfashion.com/givenchy-ready-to-wear-spring-summer-2018-paris
givenchy,2018-01-23,2018 SS couture,couture,Paris,False,0.7741,,,,,,,,https://nowfashion.com/givenchy-couture-spring-summer-2018-paris
givenchy,2018-03-04,2018 AW rtw,rtw,Paris,True,0.2816,-0.3184,,,-0.147,-0.526,,,https://nowfashion.com/givenchy-ready-to-wear-fall-winter-2018-paris
givenchy,2018-07-01,2018 AW couture,couture,Paris,False,-0.0654,,,,,,,,https://nowfashion.com/givenchy-haute-couture-fall-winter-2018-paris
givenchy,2018-09-30,2019 SS rtw,rtw,Paris,True,0.4022,-0.1342,,,-0.454,-0.558,,,https://nowfashion.com/givenchy-ready-to-wear-spring-summer-2019-paris
givenchy,2019-01-22,2019 SS couture,couture,Paris,False,0.1157,,,,,,,,https://nowfashion.com/givenchy-couture-spring-summer-2019-paris
givenchy,2019-03-03,2019 AW rtw,rtw,Paris,True,0.289,-0.225,,,-0.413,-0.459,,,https://nowfashion.com/givenchy-ready-to-wear-fall-winter-2019-paris
givenchy,2019-07-02,2019 AW couture,couture,Paris,False,-0.0698,,,,,,,,https://nowfashion.com/givenchy-couture-fall-winter-2019-paris
givenchy,2019-09-29,2020 SS rtw,rtw,Paris,True,0.1871,-0.2948,,,-1.813,-1.504,,,https://nowfashion.com/givenchy-ready-to-wear-spring-summer-2020-paris
givenchy,2020-01-16,2020 AW men,men,Paris,False,0.4782,,,,,,,,https://nowfashion.com/givenchy-menswear-fall-winter-2020-paris
givenchy,2020-01-21,2020 SS couture,couture,Paris,False,0.4565,,,,,,,,https://nowfashion.com/givenchy-haute-couture-spring-summer-2020-paris
givenchy,2020-03-01,2020 AW rtw,rtw,Paris,True,-0.1988,-0.6438,,,-1.842,-1.268,,,https://nowfashion.com/givenchy-ready-to-wear-fall-winter-2020-paris
givenchy,2020-10-04,2021 SS rtw,rtw,Paris,True,0.5704,0.1969,,,0.851,1.147,,,https://nowfashion.com/givenchy-ready-to-wear-spring-summer-2021-paris
givenchy,2021-03-07,2021 AW rtw,rtw,Paris,True,0.3421,-0.0511,,,-0.029,0.335,,,https://nowfashion.com/givenchy-ready-to-wear-fall-winter-2021-paris
givenchy,2021-10-03,2022 SS rtw,rtw,Paris,True,0.5413,0.1528,,,-0.111,0.145,,,https://nowfashion.com/givenchy-ready-to-wear-spring-summer-2022-paris
givenchy,2022-03-06,2022 AW rtw,rtw,Paris,True,0.5279,0.1266,,,0.48,0.576,,,https://nowfashion.com/givenchy-ready-to-wear-fall-winter-2022-paris
givenchy,2022-06-22,2023 SS men,men,Paris,False,0.1911,,,,,,,,https://nowfashion.com/givenchy-menswear-spring-summer-2023-paris
givenchy,2022-10-02,2023 SS rtw,rtw,Paris,True,0.5987,0.1877,,,0.138,0.169,,,https://nowfashion.com/givenchy-ready-to-wear-spring-summer-2023-paris
givenchy,2023-01-18,2023 AW men,men,Paris,False,0.2371,,,,,,,,https://nowfashion.com/givenchy-menswear-fall-winter-2023-paris
givenchy,2023-03-02,2023 AW rtw,rtw,Paris,True,-0.057,-0.4814,,,-0.999,-0.931,,,https://nowfashion.com/givenchy-ready-to-wear-fall-winter-2023-paris
givenchy,2023-06-22,2024 SS men,men,Paris,False,0.0372,,,,,,,,https://nowfashion.com/givenchy-menswear-spring-summer-2024-paris
givenchy,2023-09-28,2024 SS rtw,rtw,Paris,True,0.2583,-0.134,,,-0.689,-0.631,,,https://nowfashion.com/givenchy-ready-to-wear-spring-summer-2024-paris
givenchy,2024-01-17,2024 AW men,men,Paris,False,0.2487,,,,,,,,https://nowfashion.com/givenchy-menswear-fall-winter-2024-paris
givenchy,2024-02-29,2024 AW rtw,rtw,Paris,True,0.1414,-0.2425,,,-0.476,-0.384,,,https://nowfashion.com/givenchy-ready-to-wear-fall-winter-2024-paris
givenchy,2025-03-07,2025 AW rtw,rtw,Paris,True,0.3807,0.011,,,-0.316,-0.174,,,https://nowfashion.com/givenchy-ready-to-wear-fall-winter-2025-paris
givenchy,2025-10-03,2026 SS rtw,rtw,Paris,True,0.3928,0.0225,,,-0.341,-0.082,,,https://nowfashion.com/givenchy-ready-to-wear-spring-summer-2026-paris
givenchy,2026-03-06,2026 AW rtw,rtw,Paris,True,0.1442,-0.2273,,,-0.078,0.188,,,https://nowfashion.com/givenchy-ready-to-wear-fall-winter-2026-paris
givenchy,2026-06-25,2027 SS men,men,Paris,False,-0.1261,,,,,,,,https://nowfashion.com/givenchy-menswear-spring-summer-2027-paris
givenchy,2026-10-02,2027 SS rtw,rtw,Paris,True,0.1396,-0.2205,,,-0.801,-0.606,,,https://nowfashion.com/givenchy-ready-to-wear-spring-summer-2027-paris
gucci,2015-01-19,2015 AW men,men,Milan,False,,,,,,,,,https://nowfashion.com/gucci-menswear-fall-winter-2015-milan
gucci,2015-02-25,2015 AW rtw,rtw,Milan,True,,,,,,,,,https://nowfashion.com/gucci-ready-to-wear-fall-winter-2015-milan
gucci,2015-06-22,2016 SS men,men,Milan,False,,,,,,,,,https://nowfashion.com/gucci-menswear-spring-summer-2016-milan-2
gucci,2015-09-23,2016 SS rtw,rtw,Milan,True,0.0593,,,,-0.871,,,,https://nowfashion.com/gucci-ready-to-wear-spring-summer-2016-milan-2
gucci,2016-01-18,2016 AW men,men,Milan,False,0.0306,,,,,,,,https://nowfashion.com/gucci-menswear-fall-winter-2016-milan-2
gucci,2016-02-24,2016 AW rtw,rtw,Milan,True,0.131,,,,-0.795,,,,https://nowfashion.com/gucci-ready-to-wear-fall-winter-2016-milan-2
gucci,2016-06-20,2017 SS men,men,Milan,False,1.3679,,,,,,,,https://nowfashion.com/gucci-menswear-spring-summer-2017-milan-2
gucci,2016-09-21,2017 SS rtw,rtw,Milan,True,0.282,0.1868,,,-0.79,0.371,,,https://nowfashion.com/gucci-ready-to-wear-spring-summer-2017-milan-2
gucci,2017-02-22,2017 AW rtw,rtw,Milan,True,0.3123,0.1549,0.9674,-0.4843,-0.423,0.514,-0.941,-1.092,https://nowfashion.com/gucci-ready-to-wear-fall-winter-2017-milan-2
gucci,2017-09-20,2018 SS rtw,rtw,Milan,True,0.3935,0.1974,1.3023,-0.7333,-0.246,0.789,-0.646,-1.418,https://nowfashion.com/gucci-ready-to-wear-spring-summer-2018-milan
gucci,2018-02-21,2018 AW rtw,rtw,Milan,True,0.2269,-0.0087,1.1996,-0.9486,-0.287,0.226,,,https://nowfashion.com/gucci-men-women-fall-winter-2018-milan
gucci,2018-09-25,2019 SS rtw,rtw,Paris,True,0.6292,0.395,1.6268,0.0867,-0.201,0.001,,,https://nowfashion.com/gucci-ready-to-wear-spring-summer-2019-paris
gucci,2019-02-23,2019 AW rtw,rtw,Milan,True,0.0169,-0.2737,0.9098,0.2161,-0.796,-0.527,,,https://nowfashion.com/gucci-ready-to-wear-fall-winter-2019-milan
gucci,2020-01-14,2020 AW men,men,Milan,False,0.2494,,0.3391,-1.5542,,,,,https://nowfashion.com/gucci-menswear-fall-winter-2020-milan
gucci,2020-02-19,2020 AW rtw,rtw,Milan,True,-0.0156,-0.272,0.7085,-0.0692,-1.171,-0.215,,,https://nowfashion.com/gucci-ready-to-wear-fall-winter-2020-milan
gucci,2022-02-25,2022 AW rtw,rtw,Milan,True,1.1866,0.9604,1.2215,0.7386,2.34,2.721,,,https://nowfashion.com/gucci-men-women-fall-winter-2022-milan
gucci,2022-09-23,2023 SS rtw,rtw,Milan,True,-0.0881,-0.4103,0.2817,-0.3524,-1.309,-1.231,,,https://nowfashion.com/gucci-ready-to-wear-spring-summer-2023-milan
gucci,2023-01-13,2023 AW men,men,Milan,False,0.1459,,0.4804,0.4508,,,,,https://nowfashion.com/gucci-menswear-fall-winter-2023-milan
gucci,2023-02-24,2023 AW rtw,rtw,Milan,True,-0.0749,-0.3598,0.9917,0.1805,-1.065,-0.464,,,https://nowfashion.com/gucci-ready-to-wear-fall-winter-2023-milan
gucci,2023-06-16,2024 SS men,men,Milan,False,-0.034,,-0.0576,-0.469,,,,,https://nowfashion.com/gucci-menswear-spring-summer-2024-milan
gucci,2023-09-22,2024 SS rtw,rtw,Milan,True,0.2238,-0.0311,1.4932,0.111,-0.827,-0.107,,,https://nowfashion.com/gucci-ready-to-wear-spring-summer-2024-milan
gucci,2024-01-12,2024 AW men,men,Milan,False,0.335,,0.4792,0.4458,,,,,https://nowfashion.com/gucci-menswear-fall-winter-2024-milan
gucci,2024-02-23,2024 AW rtw,rtw,Milan,True,-0.2315,-0.484,0.7212,0.1803,-1.675,-1.236,,,https://nowfashion.com/gucci-ready-to-wear-fall-winter-2024-milan
gucci,2024-06-17,2025 SS men,men,Milan,False,-0.3335,,0.9305,0.6444,,,,,https://nowfashion.com/gucci-menswear-spring-summer-2025-milan
gucci,2024-09-20,2025 SS rtw,rtw,Milan,True,0.1622,-0.0558,1.037,0.107,-0.914,-0.48,,,https://nowfashion.com/gucci-ready-to-wear-spring-summer-2025-milan
gucci,2025-02-25,2025 AW rtw,rtw,Milan,True,0.0062,-0.208,1.03,0.8981,-1.863,-1.134,,,https://nowfashion.com/gucci-men-women-fall-winter-2025-milan
gucci,2025-09-23,2026 SS rtw,rtw,Milan,True,0.4361,0.2349,1.6031,0.753,-0.228,0.539,,,https://nowfashion.com/gucci-men-women-spring-summer-2026-milan
gucci,2026-02-27,2026 AW rtw,rtw,Milan,True,0.1491,-0.066,0.9396,0.0938,-0.06,0.784,,,https://nowfashion.com/gucci-men-women-fall-winter-2026-milan
gucci,2026-09-25,2027 SS rtw,rtw,Milan,True,0.2693,0.0579,0.4474,0.5404,-0.403,0.33,,,https://nowfashion.com/gucci-men-women-spring-summer-2027-milan
hermes,2015-01-24,2015 AW men,men,Paris,False,,,,,,,,,https://nowfashion.com/hermes-menswear-fall-winter-2015-paris
hermes,2015-03-09,2015 AW rtw,rtw,Paris,True,,,,,,,,,https://nowfashion.com/hermes-ready-to-wear-fall-winter-2015-paris
hermes,2015-06-27,2016 SS men,men,Paris,False,,,,,,,,,https://nowfashion.com/hermes-menswear-spring-summer-2016-paris
hermes,2015-10-05,2016 SS rtw,rtw,Paris,True,0.3667,,,,-0.15,,,,https://nowfashion.com/hermes-ready-to-wear-spring-summer-2016-paris
hermes,2016-01-23,2016 AW men,men,Paris,False,0.0682,,,,,,,,https://nowfashion.com/hermes-menswear-fall-winter-2016-paris
hermes,2016-03-07,2016 AW rtw,rtw,Paris,True,0.0386,,,,-1.159,,,,https://nowfashion.com/hermes-ready-to-wear-fall-winter-2016-paris
hermes,2016-06-25,2017 SS men,men,Paris,False,0.0058,,,,,,,,https://nowfashion.com/hermes-menswear-spring-summer-2017-paris
hermes,2016-10-03,2017 SS rtw,rtw,Paris,True,0.1635,-0.0392,,,-1.3,-0.441,,,https://nowfashion.com/hermes-ready-to-wear-spring-summer-2017-paris
hermes,2017-01-21,2017 AW men,men,Paris,False,0.1028,,,0.0209,,,,,https://nowfashion.com/hermes-menswear-fall-winter-2017-paris
hermes,2017-03-06,2017 AW rtw,rtw,Paris,True,0.0984,-0.0912,0.7976,-0.0464,-1.188,-0.533,-1.086,-0.256,https://nowfashion.com/hermes-ready-to-wear-fall-winter-2017-paris
hermes,2017-06-24,2018 SS men,men,Paris,False,0.0297,,0.8177,0.1477,,,,,https://nowfashion.com/hermes-menswear-spring-summer-2018-paris
hermes,2017-10-02,2018 SS rtw,rtw,Paris,True,0.1212,-0.0456,,,-1.242,-0.455,,,https://nowfashion.com/hermes-ready-to-wear-spring-summer-2018-paris
hermes,2018-01-20,2018 AW men,men,Paris,False,0.4391,,,,,,,,https://nowfashion.com/hermes-menswear-fall-winter-2018-paris
hermes,2018-03-03,2018 AW rtw,rtw,Paris,True,0.2623,0.1046,,,-0.196,0.501,,,https://nowfashion.com/hermes-ready-to-wear-fall-winter-2018-paris
hermes,2018-06-23,2019 SS men,men,Paris,False,-0.092,,,,,,,,https://nowfashion.com/hermes-menswear-spring-summer-2019-paris
hermes,2018-09-29,2019 SS rtw,rtw,Paris,True,0.2322,0.0571,,,-0.643,-0.356,,,https://nowfashion.com/hermes-ready-to-wear-spring-summer-2019-paris
hermes,2019-01-19,2019 AW men,men,Paris,False,0.1207,,,,,,,,https://nowfashion.com/hermes-menswear-fall-winter-2019-paris
hermes,2019-03-02,2019 AW rtw,rtw,Paris,True,0.0659,-0.1174,,,-0.727,-0.308,,,https://nowfashion.com/hermes-ready-to-wear-fall-winter-2019-paris
hermes,2019-06-22,2020 SS men,men,Paris,False,0.2671,,,,,,,,https://nowfashion.com/hermes-menswear-spring-summer-2020-paris
hermes,2019-09-28,2020 SS rtw,rtw,Paris,True,0.1785,0.0099,,,-1.851,-0.111,,,https://nowfashion.com/hermes-ready-to-wear-spring-summer-2020-paris
hermes,2020-01-18,2020 AW men,men,Paris,False,0.2725,,,,,,,,https://nowfashion.com/hermes-menswear-fall-winter-2020-paris
hermes,2020-02-29,2020 AW rtw,rtw,Paris,True,0.0211,-0.1486,,,-1.037,0.135,,,https://nowfashion.com/hermes-ready-to-wear-fall-winter-2020-paris
hermes,2020-10-03,2021 SS rtw,rtw,Paris,True,0.1772,0.0224,,,-0.823,0.473,,,https://nowfashion.com/hermes-ready-to-wear-spring-summer-2021-paris
hermes,2021-03-06,2021 AW rtw,rtw,Paris,True,0.0795,-0.0774,,,-1.516,0.203,,,https://nowfashion.com/hermes-ready-to-wear-fall-winter-2021-paris
hermes,2021-06-26,2022 SS men,men,Paris,False,0.1318,,,,,,,,https://nowfashion.com/hermes-menswear-spring-summer-2022-paris
hermes,2021-10-02,2022 SS rtw,rtw,Paris,True,1.2552,1.1048,,,1.766,2.622,,,https://nowfashion.com/hermes-ready-to-wear-spring-summer-2022-paris
hermes,2022-01-22,2022 AW men,men,Paris,False,-0.0642,,,,,,,,https://nowfashion.com/hermes-menswear-fall-winter-2022-paris
hermes,2022-03-05,2022 AW rtw,rtw,Paris,True,0.0725,-0.1629,,,-0.806,-0.169,,,https://nowfashion.com/hermes-ready-to-wear-fall-winter-2022-paris
hermes,2022-06-25,2023 SS men,men,Paris,False,0.0505,,,,,,,,https://nowfashion.com/hermes-menswear-spring-summer-2023-paris
hermes,2022-10-01,2023 SS rtw,rtw,Paris,True,0.3958,0.172,,,-0.289,0.132,,,https://nowfashion.com/hermes-ready-to-wear-spring-summer-2023-paris
hermes,2023-01-21,2023 AW men,men,Paris,False,0.3318,,,,,,,,https://nowfashion.com/hermes-menswear-fall-winter-2023-paris
hermes,2023-03-04,2023 AW rtw,rtw,Paris,True,0.0532,-0.182,,,-0.594,0.219,,,https://nowfashion.com/hermes-ready-to-wear-fall-winter-2023-paris
hermes,2023-06-24,2024 SS men,men,Paris,False,0.0389,,,,,,,,https://nowfashion.com/hermes-menswear-spring-summer-2024-paris
hermes,2023-09-30,2024 SS rtw,rtw,Paris,True,0.0697,-0.1542,,,-1.444,-0.733,,,https://nowfashion.com/hermes-ready-to-wear-spring-summer-2024-paris
hermes,2024-01-20,2024 AW men,men,Paris,False,-0.2191,,,,,,,,https://nowfashion.com/hermes-menswear-fall-winter-2024-paris
hermes,2024-03-02,2024 AW rtw,rtw,Paris,True,0.1208,-0.094,,,-0.542,0.139,,,https://nowfashion.com/hermes-ready-to-wear-fall-winter-2024-paris
hermes,2024-06-22,2025 SS men,men,Paris,False,0.3127,,,,,,,,https://nowfashion.com/hermes-menswear-spring-summer-2025-paris
hermes,2024-09-28,2025 SS rtw,rtw,Paris,True,0.1982,-0.0114,,,-0.829,-0.366,,,https://nowfashion.com/hermes-ready-to-wear-spring-summer-2025-paris
hermes,2025-01-25,2025 AW men,men,Paris,False,-0.1649,,,,,,,,https://nowfashion.com/hermes-menswear-fall-winter-2025-paris
hermes,2025-03-08,2025 AW rtw,rtw,Paris,True,0.7329,0.5239,,,1.138,2.072,,,https://nowfashion.com/hermes-ready-to-wear-fall-winter-2025-paris
hermes,2025-10-04,2026 SS rtw,rtw,Paris,True,0.0866,-0.1486,,,-1.145,-0.582,,,https://nowfashion.com/hermes-ready-to-wear-spring-summer-2026-paris
hermes,2026-01-24,2026 AW men,men,Paris,False,-0.028,,,,,,,,https://nowfashion.com/hermes-menswear-fall-winter-2026-paris
hermes,2026-03-07,2026 AW rtw,rtw,Paris,True,0.3642,0.1361,,,0.755,1.531,,,https://nowfashion.com/hermes-ready-to-wear-fall-winter-2026-paris
hermes,2026-10-03,2027 SS rtw,rtw,Paris,True,0.0586,-0.1757,,,-1.05,-0.455,,,https://nowfashion.com/hermes-ready-to-wear-spring-summer-2027-paris
jil_sander,2015-01-17,2015 AW men,men,Milan,False,,,,,,,,,https://nowfashion.com/jil-sander-menswear-fall-winter-2015-milan
jil_sander,2015-02-28,2015 AW rtw,rtw,Milan,True,,,,,,,,,https://nowfashion.com/jil-sander-ready-to-wear-fall-winter-2015-milan
jil_sander,2015-06-20,2016 SS men,men,Milan,False,,,,,,,,,https://nowfashion.com/jil-sander-menswear-spring-summer-2016-milan-2
jil_sander,2015-09-26,2016 SS rtw,rtw,Milan,True,,,,,,,,,https://nowfashion.com/jil-sander-ready-to-wear-spring-summer-2016-milan-2
jil_sander,2016-01-16,2016 AW men,men,Milan,False,,,,,,,,,https://nowfashion.com/jil-sander-menswear-fall-winter-2016-milan-2
jil_sander,2016-02-27,2016 AW rtw,rtw,Milan,True,,,,,,,,,https://nowfashion.com/jil-sander-ready-to-wear-fall-winter-2016-milan-2
jil_sander,2016-06-18,2017 SS men,men,Milan,False,,,,,,,,,https://nowfashion.com/jil-sander-menswear-spring-summer-2017-milan-2
jil_sander,2016-09-24,2017 SS rtw,rtw,Milan,True,,,,,,,,,https://nowfashion.com/jil-sander-ready-to-wear-spring-summer-2017-milan-2
jil_sander,2017-02-25,2017 AW rtw,rtw,Milan,True,,,4.524,0.4314,,,2.088,0.656,https://nowfashion.com/jil-sander-ready-to-wear-fall-winter-2017-milan-2
jil_sander,2017-09-23,2018 SS rtw,rtw,Milan,True,,,,,,,,,https://nowfashion.com/jil-sander-ready-to-wear-spring-summer-2018-milan
jil_sander,2018-02-24,2018 AW rtw,rtw,Milan,True,,,,,,,,,https://nowfashion.com/jil-sander-men-women-fall-winter-2018-milan
jil_sander,2018-09-19,2019 SS rtw,rtw,Milan,True,,,,,,,,,https://nowfashion.com/jil-sander-ready-to-wear-spring-summer-2019-milan
jil_sander,2019-01-18,2019 AW men,men,Paris,False,,,,,,,,,https://nowfashion.com/jil-sander-menswear-fall-winter-2019-paris
jil_sander,2019-02-20,2019 AW rtw,rtw,Milan,True,,,,,,,,,https://nowfashion.com/jil-sander-ready-to-wear-fall-winter-2019-milan
jil_sander,2019-06-21,2020 SS men,men,Paris,False,,,,,,,,,https://nowfashion.com/jil-sander-menswear-spring-summer-2020-paris
jil_sander,2019-09-18,2020 SS rtw,rtw,Milan,True,,,,,,,,,https://nowfashion.com/jil-sander-ready-to-wear-spring-summer-2020-milan
jil_sander,2020-02-19,2020 AW rtw,rtw,Milan,True,,,,,,,,,https://nowfashion.com/jil-sander-ready-to-wear-fall-winter-2020-milan
jil_sander,2021-01-24,2021 AW men,men,Paris,False,,,,,,,,,https://nowfashion.com/jil-sander-menswear-fall-winter-2021-paris
jil_sander,2021-03-07,2021 AW rtw,rtw,Paris,True,,,,,,,,,https://nowfashion.com/jil-sander-ready-to-wear-fall-winter-2021-paris
jil_sander,2021-06-27,2022 SS men,men,Paris,False,,,,,,,,,https://nowfashion.com/jil-sander-menswear-spring-summer-2022-paris
jil_sander,2021-09-22,2022 SS rtw,rtw,Milan,True,,,,,,,,,https://nowfashion.com/jil-sander-ready-to-wear-spring-summer-2022-milan
jil_sander,2022-01-21,2022 AW men,men,Paris,False,,,,,,,,,https://nowfashion.com/jil-sander-menswear-fall-winter-2022-paris
jil_sander,2022-02-26,2022 AW rtw,rtw,Milan,True,,,,,,,,,https://nowfashion.com/jil-sander-ready-to-wear-fall-winter-2022-milan
jil_sander,2022-09-24,2023 SS rtw,rtw,Milan,True,,,,,,,,,https://nowfashion.com/jil-sander-men-women-spring-summer-2023-milan
jil_sander,2023-02-24,2023 AW rtw,rtw,Milan,True,,,,,,,,,https://nowfashion.com/jil-sander-men-women-fall-winter-2023-milan
jil_sander,2023-09-23,2024 SS rtw,rtw,Milan,True,,,,,,,,,https://nowfashion.com/jil-sander-men-women-spring-summer-2024-milan
jil_sander,2024-02-24,2024 AW rtw,rtw,Milan,True,,,,,,,,,https://nowfashion.com/jil-sander-men-women-fall-winter-2024-milan
jil_sander,2024-09-18,2025 SS rtw,rtw,Milan,True,,,,,,,,,https://nowfashion.com/jil-sander-men-women-spring-summer-2025-milan
jil_sander,2025-02-26,2025 AW rtw,rtw,Milan,True,,,,,,,,,https://nowfashion.com/jil-sander-men-women-fall-winter-2025-milan
jil_sander,2025-09-24,2026 SS rtw,rtw,Milan,True,1.0221,,,,1.309,,,,https://nowfashion.com/jil-sander-men-women-spring-summer-2026-milan
jil_sander,2026-02-25,2026 AW rtw,rtw,Milan,True,0.227,,,,0.235,,,,https://nowfashion.com/jil-sander-men-women-fall-winter-2026-milan
jil_sander,2026-09-23,2027 SS rtw,rtw,Milan,True,0.9165,0.2919,,,1.582,1.117,,,https://nowfashion.com/jil-sander-men-women-spring-summer-2027-milan
loewe,2015-03-06,2015 AW rtw,rtw,Paris,True,,,,,,,,,https://nowfashion.com/loewe-ready-to-wear-fall-winter-2015-paris
loewe,2015-10-02,2016 SS rtw,rtw,Paris,True,,,,,,,,,https://nowfashion.com/loewe-ready-to-wear-spring-summer-2016-paris
loewe,2016-01-22,2016 AW men,men,Paris,False,,,,,,,,,https://nowfashion.com/loewe-menswear-fall-winter-2016-paris
loewe,2016-03-04,2016 AW rtw,rtw,Paris,True,,,,,,,,,https://nowfashion.com/loewe-ready-to-wear-fall-winter-2016-paris
loewe,2016-06-25,2017 SS men,men,Paris,False,,,,,,,,,https://nowfashion.com/loewe-menswear-spring-summer-2017-paris
loewe,2016-09-30,2017 SS rtw,rtw,Paris,True,,,,,,,,,https://nowfashion.com/loewe-ready-to-wear-spring-summer-2017-paris
loewe,2017-03-03,2017 AW rtw,rtw,Paris,True,,,,,,,,,https://nowfashion.com/loewe-ready-to-wear-fall-winter-2017-paris
loewe,2017-09-29,2018 SS rtw,rtw,Paris,True,,,,,,,,,https://nowfashion.com/loewe-ready-to-wear-spring-summer-2018-paris
loewe,2018-03-02,2018 AW rtw,rtw,Paris,True,,,,,,,,,https://nowfashion.com/loewe-ready-to-wear-fall-winter-2018-paris
loewe,2018-09-28,2019 SS rtw,rtw,Paris,True,,,,,,,,,https://nowfashion.com/loewe-ready-to-wear-spring-summer-2019-paris
loewe,2019-01-19,2019 AW men,men,Paris,False,,,,,,,,,https://nowfashion.com/loewe-menswear-fall-winter-2019-paris
loewe,2019-03-01,2019 AW rtw,rtw,Paris,True,,,,,,,,,https://nowfashion.com/loewe-ready-to-wear-fall-winter-2019-paris
loewe,2019-06-22,2020 SS men,men,Paris,False,,,,,,,,,https://nowfashion.com/loewe-menswear-spring-summer-2020-paris
loewe,2019-09-27,2020 SS rtw,rtw,Paris,True,0.946,,,,1.524,,,,https://nowfashion.com/loewe-ready-to-wear-spring-summer-2020-paris
loewe,2020-01-18,2020 AW men,men,Paris,False,0.1143,,,,,,,,https://nowfashion.com/loewe-menswear-fall-winter-2020-paris
loewe,2020-02-28,2020 AW rtw,rtw,Paris,True,0.3853,,,,0.295,,,,https://nowfashion.com/loewe-ready-to-wear-fall-winter-2020-paris
loewe,2020-10-02,2021 SS rtw,rtw,Paris,True,0.5204,-0.1452,,,0.638,-0.174,,,https://nowfashion.com/loewe-ready-to-wear-spring-summer-2021-paris
loewe,2021-01-23,2021 AW men,men,Paris,False,0.3285,,,,,,,,https://nowfashion.com/loewe-menswear-fall-winter-2021-paris
loewe,2021-03-05,2021 AW rtw,rtw,Paris,True,0.2218,-0.3954,,,-0.71,-1.389,,,https://nowfashion.com/loewe-ready-to-wear-fall-winter-2021-paris
loewe,2021-06-26,2022 SS men,men,Paris,False,0.1268,,,,,,,,https://nowfashion.com/loewe-menswear-spring-summer-2022-paris
loewe,2021-10-01,2022 SS rtw,rtw,Paris,True,0.8141,0.2957,,,0.606,0.517,,,https://nowfashion.com/loewe-ready-to-wear-spring-summer-2022-paris
loewe,2022-01-22,2022 AW men,men,Paris,False,0.4697,,,,,,,,https://nowfashion.com/loewe-menswear-fall-winter-2022-paris
loewe,2022-03-04,2022 AW rtw,rtw,Paris,True,0.3474,-0.2301,,,-0.03,-0.342,,,https://nowfashion.com/loewe-ready-to-wear-fall-winter-2022-paris
loewe,2022-06-25,2023 SS men,men,Paris,False,0.463,,,,,,,,https://nowfashion.com/loewe-menswear-spring-summer-2023-paris
loewe,2022-09-30,2023 SS rtw,rtw,Paris,True,0.7894,0.2502,,,0.54,0.315,,,https://nowfashion.com/loewe-ready-to-wear-spring-summer-2023-paris
loewe,2023-01-21,2023 AW men,men,Paris,False,0.5088,,,,,,,,https://nowfashion.com/loewe-menswear-fall-winter-2023-paris
loewe,2023-03-03,2023 AW rtw,rtw,Paris,True,0.3945,-0.1804,,,0.661,0.225,,,https://nowfashion.com/loewe-ready-to-wear-fall-winter-2023-paris
loewe,2023-06-24,2024 SS men,men,Paris,False,0.6538,,,,,,,,https://nowfashion.com/loewe-menswear-spring-summer-2024-paris
loewe,2023-09-29,2024 SS rtw,rtw,Paris,True,0.5979,0.0455,,,0.671,0.283,,,https://nowfashion.com/loewe-ready-to-wear-spring-summer-2024-paris
loewe,2024-01-20,2024 AW men,men,Paris,False,0.5861,,,,,,,,https://nowfashion.com/loewe-menswear-fall-winter-2024-paris
loewe,2024-03-01,2024 AW rtw,rtw,Paris,True,0.5356,-0.0218,,,0.791,0.394,,,https://nowfashion.com/loewe-ready-to-wear-fall-winter-2024-paris
loewe,2024-06-22,2025 SS men,men,Paris,False,0.2837,,,,,,,,https://nowfashion.com/loewe-menswear-spring-summer-2025-paris
loewe,2024-09-27,2025 SS rtw,rtw,Paris,True,1.8711,1.3159,,,3.117,3.053,,,https://nowfashion.com/loewe-ready-to-wear-spring-summer-2025-paris
loewe,2025-10-03,2026 SS rtw,rtw,Paris,True,1.15,0.4751,,,1.645,1.242,,,https://nowfashion.com/loewe-ready-to-wear-spring-summer-2026-paris
loewe,2026-03-06,2026 AW rtw,rtw,Paris,True,0.6321,-0.0824,,,1.769,0.723,,,https://nowfashion.com/loewe-ready-to-wear-fall-winter-2026-paris
loewe,2026-10-02,2027 SS rtw,rtw,Paris,True,0.2187,-0.4894,,,-0.559,-1.511,,,https://nowfashion.com/loewe-ready-to-wear-spring-summer-2027-paris
loro_piana,2024-02-23,2024 AW rtw,rtw,Milan,True,0.0349,,,,-0.818,,,,https://nowfashion.com/loro-piana-men-women-fall-winter-2024-milan
loro_piana,2024-09-20,2025 SS rtw,rtw,Milan,True,0.4923,,,,-0.135,,,,https://nowfashion.com/loro-piana-men-women-spring-summer-2025-milan
loro_piana,2026-02-27,2026 AW rtw,rtw,Milan,True,-0.2366,-0.5002,,,-1.52,-0.821,,,https://nowfashion.com/loro-piana-men-women-fall-winter-2026-milan
louis_vuitton,2015-01-22,2015 AW men,men,Paris,False,,,,,,,,,https://nowfashion.com/louis-vuitton-menswear-fall-winter-2015-paris
louis_vuitton,2015-03-11,2015 AW rtw,rtw,Paris,True,,,,,,,,,https://nowfashion.com/louis-vuitton-ready-to-wear-fall-winter-2015-paris
louis_vuitton,2015-06-25,2016 SS men,men,Paris,False,,,,,,,,,https://nowfashion.com/louis-vuitton-menswear-spring-summer-2016-paris
louis_vuitton,2015-10-07,2016 SS rtw,rtw,Paris,True,0.1709,,,,-0.609,,,,https://nowfashion.com/louis-vuitton-ready-to-wear-spring-summer-2016-paris
louis_vuitton,2016-01-21,2016 AW men,men,Paris,False,0.0811,,,,,,,,https://nowfashion.com/louis-vuitton-menswear-fall-winter-2016-paris
louis_vuitton,2016-03-09,2016 AW rtw,rtw,Paris,True,0.113,,,,-0.866,,,,https://nowfashion.com/louis-vuitton-ready-to-wear-fall-winter-2016-paris
louis_vuitton,2016-06-23,2017 SS men,men,Paris,False,-0.0286,,,,,,,,https://nowfashion.com/louis-vuitton-menswear-spring-summer-2017-paris
louis_vuitton,2016-10-05,2017 SS rtw,rtw,Paris,True,0.3965,0.2546,,,-0.296,0.614,,,https://nowfashion.com/louis-vuitton-ready-to-wear-spring-summer-2017-paris
louis_vuitton,2017-01-19,2017 AW men,men,Paris,False,0.2779,,,,,,,,https://nowfashion.com/louis-vuitton-menswear-fall-winter-2017-paris
louis_vuitton,2017-03-07,2017 AW rtw,rtw,Paris,True,0.1926,-0.0342,,,-0.851,-0.29,,,https://nowfashion.com/louis-vuitton-ready-to-wear-fall-winter-2017-paris
louis_vuitton,2017-06-22,2018 SS men,men,Paris,False,0.049,,,,,,,,https://nowfashion.com/louis-vuitton-menswear-spring-summer-2018-paris
louis_vuitton,2017-10-03,2018 SS rtw,rtw,Paris,True,0.2051,-0.0131,,,-0.935,-0.288,,,https://nowfashion.com/louis-vuitton-ready-to-wear-spring-summer-2018-paris
louis_vuitton,2018-01-18,2018 AW men,men,Paris,False,0.833,,,,,,,,https://nowfashion.com/louis-vuitton-menswear-fall-winter-2018-paris
louis_vuitton,2018-03-06,2018 AW rtw,rtw,Paris,True,0.1327,-0.0829,,,-0.529,0.046,,,https://nowfashion.com/louis-vuitton-ready-to-wear-fall-winter-2018-paris
louis_vuitton,2018-06-21,2019 SS men,men,Paris,False,0.7444,,,,,,,,https://nowfashion.com/louis-vuitton-menswear-spring-summer-2019-paris
louis_vuitton,2018-10-02,2019 SS rtw,rtw,Paris,True,0.2766,0.0748,,,-0.593,-0.337,,,https://nowfashion.com/louis-vuitton-ready-to-wear-spring-summer-2019-paris
louis_vuitton,2019-01-17,2019 AW men,men,Paris,False,0.1862,,,,,,,,https://nowfashion.com/louis-vuitton-menswear-fall-winter-2019-paris
louis_vuitton,2019-03-05,2019 AW rtw,rtw,Paris,True,0.1366,-0.0759,,,-0.628,-0.249,,,https://nowfashion.com/louis-vuitton-ready-to-wear-fall-winter-2019-paris
louis_vuitton,2019-06-20,2020 SS men,men,Paris,False,0.4588,,,,,,,,https://nowfashion.com/louis-vuitton-menswear-spring-summer-2020-paris
louis_vuitton,2019-10-03,2020 SS rtw,rtw,Paris,True,0.506,0.303,,,-0.411,1.229,,,https://nowfashion.com/louis-vuitton-ready-to-wear-spring-summer-2020-paris
louis_vuitton,2020-01-16,2020 AW men,men,Paris,False,0.1862,,,,,,,,https://nowfashion.com/louis-vuitton-menswear-fall-winter-2020-paris
louis_vuitton,2020-03-03,2020 AW rtw,rtw,Paris,True,0.0094,-0.2273,,,-1.08,-0.088,,,https://nowfashion.com/louis-vuitton-ready-to-wear-fall-winter-2020-paris
louis_vuitton,2020-09-28,2021 SS rtw,rtw,Paris,True,0.0596,-0.1543,,,-1.324,-0.209,,,https://nowfashion.com/louis-vuitton-ready-to-wear-spring-summer-2021-paris
louis_vuitton,2021-01-21,2021 AW men,men,Paris,False,0.0688,,,,,,,,https://nowfashion.com/louis-vuitton-menswear-fall-winter-2021-paris
louis_vuitton,2021-03-10,2021 AW rtw,rtw,Paris,True,0.13,-0.0699,,,-1.23,0.24,,,https://nowfashion.com/louis-vuitton-ready-to-wear-fall-winter-2021-paris
louis_vuitton,2021-06-24,2022 SS men,men,Paris,False,-0.1017,,,,,,,,https://nowfashion.com/louis-vuitton-menswear-spring-summer-2022-paris
louis_vuitton,2021-10-03,2022 SS rtw,rtw,Paris,True,0.2104,0.0163,,,-0.981,-0.21,,,https://nowfashion.com/louis-vuitton-ready-to-wear-spring-summer-2022-paris
louis_vuitton,2022-01-20,2022 AW men,men,Paris,False,-0.063,,,,,,,,https://nowfashion.com/louis-vuitton-menswear-fall-winter-2022-paris
louis_vuitton,2022-03-07,2022 AW rtw,rtw,Paris,True,0.0336,-0.1617,,,-0.916,-0.166,,,https://nowfashion.com/louis-vuitton-ready-to-wear-fall-winter-2022-paris
louis_vuitton,2022-06-23,2023 SS men,men,Paris,False,0.1619,,,,,,,,https://nowfashion.com/louis-vuitton-menswear-spring-summer-2023-paris
louis_vuitton,2022-10-04,2023 SS rtw,rtw,Paris,True,0.2668,0.083,,,-0.561,-0.076,,,https://nowfashion.com/louis-vuitton-ready-to-wear-spring-summer-2023-paris
louis_vuitton,2023-01-19,2023 AW men,men,Paris,False,0.035,,,,,,,,https://nowfashion.com/louis-vuitton-menswear-fall-winter-2023-paris
louis_vuitton,2023-03-06,2023 AW rtw,rtw,Paris,True,0.0323,-0.157,,,-0.671,0.315,,,https://nowfashion.com/louis-vuitton-ready-to-wear-fall-winter-2023-paris
louis_vuitton,2023-06-20,2024 SS men,men,Paris,False,0.7071,,,,,,,,https://nowfashion.com/louis-vuitton-menswear-spring-summer-2024-paris
louis_vuitton,2023-10-02,2024 SS rtw,rtw,Paris,True,0.3087,0.1292,,,-0.487,0.709,,,https://nowfashion.com/louis-vuitton-ready-to-wear-spring-summer-2024-paris
louis_vuitton,2024-01-16,2024 AW men,men,Paris,False,0.1944,,,,,,,,https://nowfashion.com/louis-vuitton-menswear-fall-winter-2024-paris
louis_vuitton,2024-03-05,2024 AW rtw,rtw,Paris,True,0.2102,0.0231,,,-0.255,0.552,,,https://nowfashion.com/louis-vuitton-ready-to-wear-fall-winter-2024-paris
louis_vuitton,2024-06-18,2025 SS men,men,Paris,False,-0.1387,,,,,,,,https://nowfashion.com/louis-vuitton-menswear-spring-summer-2025-paris
louis_vuitton,2024-10-01,2025 SS rtw,rtw,Paris,True,0.2695,0.0811,,,-0.661,-0.128,,,https://nowfashion.com/louis-vuitton-ready-to-wear-spring-summer-2025-paris
louis_vuitton,2025-01-21,2025 AW men,men,Paris,False,1.3218,,,,,,,,https://nowfashion.com/louis-vuitton-menswear-fall-winter-2025-paris
louis_vuitton,2025-03-10,2025 AW rtw,rtw,Paris,True,0.5315,0.3388,,,0.306,1.261,,,https://nowfashion.com/louis-vuitton-ready-to-wear-fall-winter-2025-paris
louis_vuitton,2025-06-24,2026 SS men,men,Paris,False,0.3876,,,,,,,,https://nowfashion.com/louis-vuitton-menswear-spring-summer-2026-paris
louis_vuitton,2025-09-30,2026 SS rtw,rtw,Paris,True,0.0191,-0.1905,,,-1.322,-0.705,,,https://nowfashion.com/louis-vuitton-ready-to-wear-spring-summer-2026-paris
louis_vuitton,2026-01-20,2026 AW men,men,Paris,False,0.2949,,,,,,,,https://nowfashion.com/louis-vuitton-menswear-fall-winter-2026-paris
louis_vuitton,2026-03-10,2026 AW rtw,rtw,Paris,True,-0.0476,-0.2481,,,-0.805,0.111,,,https://nowfashion.com/louis-vuitton-ready-to-wear-fall-winter-2026-paris
louis_vuitton,2026-06-23,2027 SS men,men,Paris,False,0.1891,,,,,,,,https://nowfashion.com/louis-vuitton-menswear-spring-summer-2027-paris
louis_vuitton,2026-10-06,2027 SS rtw,rtw,Paris,True,,,,,,,,,https://nowfashion.com/louis-vuitton-ready-to-wear-spring-summer-2027-paris
margiela,2015-01-23,2015 AW men,men,Paris,False,,,,,,,,,https://nowfashion.com/maison-margiela-menswear-fall-winter-2015-paris
margiela,2015-01-28,2015 SS couture,couture,Paris,False,,,,,,,,,https://nowfashion.com/maison-margiela-couture-spring-summer-2015-paris
margiela,2015-03-06,2015 AW rtw,rtw,Paris,True,,,,,,,,,https://nowfashion.com/maison-margiela-ready-to-wear-fall-winter-2015-paris
margiela,2015-06-26,2016 SS men,men,Paris,False,,,,,,,,,https://nowfashion.com/maison-margiela-menswear-spring-summer-2016-paris
margiela,2015-07-08,2015 AW couture,couture,Paris,False,,,,,,,,,https://nowfashion.com/maison-margiela-couture-fall-winter-2015-paris
margiela,2015-09-30,2016 SS rtw,rtw,Paris,True,0.9378,,,,1.189,,,,https://nowfashion.com/maison-margiela-ready-to-wear-spring-summer-2016-paris
margiela,2016-01-22,2016 AW men,men,Paris,False,0.2333,,,,,,,,https://nowfashion.com/maison-margiela-menswear-fall-winter-2016-paris
margiela,2016-01-27,2016 SS couture,couture,Paris,False,0.4547,,,,,,,,https://nowfashion.com/maison-margiela-couture-spring-summer-2016-paris
margiela,2016-03-02,2016 AW rtw,rtw,Paris,True,0.4533,,,,0.476,,,,https://nowfashion.com/maison-margiela-ready-to-wear-fall-winter-2016-paris
margiela,2016-06-24,2017 SS men,men,Paris,False,0.1038,,,,,,,,https://nowfashion.com/maison-margiela-menswear-spring-summer-2017-paris
margiela,2016-07-06,2016 AW couture,couture,Paris,False,0.2923,,,,,,,,https://nowfashion.com/maison-margiela-couture-fall-winter-2016-paris
margiela,2016-09-28,2017 SS rtw,rtw,Paris,True,0.618,-0.0776,,,0.658,-0.579,,,https://nowfashion.com/maison-margiela-ready-to-wear-spring-summer-2017-paris
margiela,2017-01-25,2017 SS couture,couture,Paris,False,1.072,,,,,,,,https://nowfashion.com/maison-margiela-couture-spring-summer-2017-paris
margiela,2017-03-01,2017 AW rtw,rtw,Paris,True,0.4678,-0.2019,,,0.132,-1.003,,,https://nowfashion.com/maison-margiela-ready-to-wear-fall-winter-2017-paris
margiela,2017-07-05,2017 AW couture,couture,Paris,False,0.587,,,,,,,,https://nowfashion.com/maison-margiela-couture-fall-winter-2017-paris
margiela,2017-09-27,2018 SS rtw,rtw,Paris,True,0.6218,0.0026,,,0.588,-0.208,,,https://nowfashion.com/maison-margiela-ready-to-wear-spring-summer-2018-paris
margiela,2018-01-19,2018 AW men,men,Paris,False,0.5942,,,,,,,,https://nowfashion.com/maison-margiela-menswear-fall-winter-2018-paris
margiela,2018-02-28,2018 AW rtw,rtw,Paris,True,0.2094,-0.4103,,,-0.332,-0.749,,,https://nowfashion.com/maison-margiela-ready-to-wear-fall-winter-2018-paris
margiela,2018-06-22,2019 SS men,men,Paris,False,0.1259,,,,,,,,https://nowfashion.com/maison-margiela-menswear-spring-summer-2019-paris
margiela,2018-07-04,2018 AW couture,couture,Paris,False,0.3423,,,,,,,,https://nowfashion.com/maison-margiela-couture-fall-winter-2018-paris
margiela,2018-09-26,2019 SS rtw,rtw,Paris,True,0.8308,0.2794,,,0.023,-0.121,,,https://nowfashion.com/maison-margiela-ready-to-wear-spring-summer-2019-paris
margiela,2019-01-23,2019 SS couture,couture,Paris,False,0.4933,,,,,,,,https://nowfashion.com/maison-margiela-couture-spring-summer-2019-paris
margiela,2019-02-27,2019 AW rtw,rtw,Paris,True,0.2731,-0.3182,,,-0.435,-0.59,,,https://nowfashion.com/maison-margiela-ready-to-wear-fall-winter-2019-paris
margiela,2019-07-03,2019 AW couture,couture,Paris,False,0.554,,,,,,,,https://nowfashion.com/maison-margiela-couture-fall-winter-2019-paris
margiela,2019-09-25,2020 SS rtw,rtw,Paris,True,0.879,0.3275,,,1.229,1.341,,,https://nowfashion.com/maison-margiela-ready-to-wear-spring-summer-2020-paris
margiela,2020-01-22,2020 SS couture,couture,Paris,False,0.4985,,,,,,,,https://nowfashion.com/maison-margiela-artisanal-couture-spring-summer-2020-paris
margiela,2020-02-26,2020 AW rtw,rtw,Paris,True,0.3436,-0.2443,,,0.143,-0.136,,,https://nowfashion.com/maison-margiela-ready-to-wear-fall-winter-2020-paris
margiela,2021-10-03,2022 SS rtw,rtw,Paris,True,0.2269,-0.3366,,,-0.938,-1.128,,,https://nowfashion.com/maison-margiela-ready-to-wear-spring-summer-2022-paris
margiela,2023-01-22,2023 AW men,men,Paris,False,0.8877,,,,,,,,https://nowfashion.com/maison-margiela-menswear-fall-winter-2023-paris
margiela,2023-10-02,2024 SS rtw,rtw,Paris,True,0.5467,0.0138,,,0.466,0.122,,,https://nowfashion.com/maison-margiela-ready-to-wear-spring-summer-2024-paris
margiela,2024-01-25,2024 SS couture,couture,Paris,False,2.3296,,,,,,,,https://nowfashion.com/maison-margiela-couture-spring-summer-2024-paris
margiela,2025-10-04,2026 SS rtw,rtw,Paris,True,0.8222,0.2882,,,0.785,0.695,,,https://nowfashion.com/maison-margiela-ready-to-wear-spring-summer-2026-paris
margiela,2026-09-29,2027 SS rtw,rtw,Paris,True,0.1338,-0.4224,,,-0.819,-1.285,,,https://nowfashion.com/maison-margiela-men-women-spring-summer-2027-paris
max_mara,2015-02-26,2015 AW rtw,rtw,Milan,True,,,,,,,,,https://nowfashion.com/max-mara-ready-to-wear-fall-winter-2015-milan
max_mara,2015-09-24,2016 SS rtw,rtw,Milan,True,0.3215,,,,-0.256,,,,https://nowfashion.com/max-mara-ready-to-wear-spring-summer-2016-milan-2
max_mara,2016-02-25,2016 AW rtw,rtw,Milan,True,0.2412,,,,-0.361,,,,https://nowfashion.com/max-mara-ready-to-wear-fall-winter-2016-milan-2
max_mara,2016-09-22,2017 SS rtw,rtw,Milan,True,0.5938,0.3125,,,0.554,0.822,,,https://nowfashion.com/max-mara-ready-to-wear-spring-summer-2017-milan-2
max_mara,2017-02-23,2017 AW rtw,rtw,Milan,True,0.4833,0.0978,,,0.188,0.271,,,https://nowfashion.com/max-mara-ready-to-wear-fall-winter-2017-milan-2
max_mara,2017-09-21,2018 SS rtw,rtw,Milan,True,0.5456,0.1356,,,0.31,0.473,,,https://nowfashion.com/max-mara-ready-to-wear-spring-summer-2018-milan
max_mara,2018-02-22,2018 AW rtw,rtw,Milan,True,0.4293,-0.0078,,,0.232,0.228,,,https://nowfashion.com/max-mara-ready-to-wear-fall-winter-2018-milan
max_mara,2018-09-20,2019 SS rtw,rtw,Milan,True,0.6848,0.249,,,-0.139,-0.153,,,https://nowfashion.com/max-mara-ready-to-wear-spring-summer-2019-milan
max_mara,2019-02-21,2019 AW rtw,rtw,Milan,True,0.5457,0.0743,,,-0.051,-0.038,,,https://nowfashion.com/max-mara-ready-to-wear-fall-winter-2019-milan
max_mara,2019-09-19,2020 SS rtw,rtw,Milan,True,0.6947,0.214,,,0.419,0.822,,,https://nowfashion.com/max-mara-ready-to-wear-spring-summer-2020-milan
max_mara,2020-02-20,2020 AW rtw,rtw,Milan,True,0.3879,-0.1165,,,0.305,0.226,,,https://nowfashion.com/max-mara-ready-to-wear-fall-winter-2020-milan
max_mara,2020-09-24,2021 SS rtw,rtw,Milan,True,0.5154,0.0226,,,0.617,0.474,,,https://nowfashion.com/max-mara-ready-to-wear-spring-summer-2021-milan
max_mara,2021-02-25,2021 AW rtw,rtw,Milan,True,0.531,0.0362,,,1.041,0.772,,,https://nowfashion.com/max-mara-ready-to-wear-fall-winter-2021-milan
max_mara,2021-09-23,2022 SS rtw,rtw,Milan,True,0.6384,0.1406,,,0.144,0.113,,,https://nowfashion.com/max-mara-ready-to-wear-spring-summer-2022-milan
max_mara,2022-02-24,2022 AW rtw,rtw,Milan,True,0.0979,-0.4108,,,-0.735,-0.807,,,https://nowfashion.com/max-mara-ready-to-wear-fall-winter-2022-milan
max_mara,2022-09-22,2023 SS rtw,rtw,Milan,True,0.5023,0.023,,,-0.065,-0.217,,,https://nowfashion.com/max-mara-ready-to-wear-spring-summer-2023-milan
max_mara,2023-02-23,2023 AW rtw,rtw,Milan,True,0.1925,-0.2884,,,-0.082,-0.19,,,https://nowfashion.com/max-mara-ready-to-wear-fall-winter-2023-milan
max_mara,2023-09-20,2024 SS rtw,rtw,Milan,True,0.5121,0.0493,,,0.328,0.302,,,https://nowfashion.com/max-mara-by-arthur-arbesser-ready-to-wear-spring-summer-2024-milan
max_mara,2024-02-22,2024 AW rtw,rtw,Milan,True,0.4599,-0.0058,,,0.548,0.45,,,https://nowfashion.com/max-mara-ready-to-wear-fall-winter-2024-milan
max_mara,2024-09-19,2025 SS rtw,rtw,Milan,True,0.6061,0.1407,,,0.133,0.026,,,https://nowfashion.com/max-mara-ready-to-wear-spring-summer-2025-milan
max_mara,2025-02-27,2025 AW rtw,rtw,Milan,True,0.3276,-0.1452,,,-0.536,-0.859,,,https://nowfashion.com/max-mara-ready-to-wear-fall-winter-2025-milan
max_mara,2026-02-26,2026 AW rtw,rtw,Milan,True,0.3845,-0.0811,,,0.832,0.728,,,https://nowfashion.com/max-mara-ready-to-wear-fall-winter-2026-milan
max_mara,2026-09-24,2027 SS rtw,rtw,Milan,True,1.0873,0.6256,,,2.106,2.24,,,https://nowfashion.com/max-mara-ready-to-wear-spring-summer-2027-milan
miu_miu,2015-03-11,2015 AW rtw,rtw,Paris,True,,,,,,,,,https://nowfashion.com/miu-miu-ready-to-wear-fall-winter-2015-paris
miu_miu,2015-10-07,2016 SS rtw,rtw,Paris,True,0.3461,,,,-0.198,,,,https://nowfashion.com/miu-miu-ready-to-wear-spring-summer-2016-paris
miu_miu,2016-03-09,2016 AW rtw,rtw,Paris,True,0.5854,,,,0.996,,,,https://nowfashion.com/miu-miu-ready-to-wear-fall-winter-2016-paris
miu_miu,2016-10-05,2017 SS rtw,rtw,Paris,True,0.3463,-0.1195,,,-0.513,-0.729,,,https://nowfashion.com/miu-miu-ready-to-wear-spring-summer-2017-paris
miu_miu,2017-03-07,2017 AW rtw,rtw,Paris,True,0.3016,-0.1243,2.2591,-0.4922,-0.462,-0.673,0.159,-1.107,https://nowfashion.com/miu-miu-ready-to-wear-fall-winter-2017-paris
miu_miu,2017-10-03,2018 SS rtw,rtw,Paris,True,0.3638,-0.0311,,,-0.355,-0.38,,,https://nowfashion.com/miu-miu-ready-to-wear-spring-summer-2018-paris
miu_miu,2018-03-06,2018 AW rtw,rtw,Paris,True,0.8295,0.4409,,,1.259,1.317,,,https://nowfashion.com/miu-miu-ready-to-wear-fall-winter-2018-paris
miu_miu,2018-10-02,2019 SS rtw,rtw,Paris,True,0.6183,0.1562,,,-0.213,-0.251,,,https://nowfashion.com/miu-miu-ready-to-wear-spring-summer-2019-paris
miu_miu,2019-03-05,2019 AW rtw,rtw,Paris,True,0.4576,-0.0268,,,-0.175,-0.18,,,https://nowfashion.com/miu-miu-ready-to-wear-fall-winter-2019-paris
miu_miu,2019-10-01,2020 SS rtw,rtw,Paris,True,0.7497,0.2686,,,0.661,1.072,,,https://nowfashion.com/miu-miu-ready-to-wear-spring-summer-2020-paris
miu_miu,2020-03-03,2020 AW rtw,rtw,Paris,True,0.6272,0.1163,,,1.18,0.885,,,https://nowfashion.com/miu-miu-ready-to-wear-fall-winter-2020-paris
miu_miu,2020-10-06,2021 SS rtw,rtw,Paris,True,1.0079,0.4854,,,2.714,2.261,,,https://nowfashion.com/miu-miu-ready-to-wear-spring-summer-2021-paris
miu_miu,2021-03-09,2021 AW rtw,rtw,Paris,True,0.6145,0.0478,,,1.514,0.83,,,https://nowfashion.com/miu-miu-ready-to-wear-fall-winter-2021-paris
miu_miu,2021-10-03,2022 SS rtw,rtw,Paris,True,1.1363,0.5656,,,1.453,1.219,,,https://nowfashion.com/miu-miu-ready-to-wear-spring-summer-2022-paris
miu_miu,2022-03-08,2022 AW rtw,rtw,Paris,True,0.8769,0.2627,,,1.465,0.926,,,https://nowfashion.com/miu-miu-ready-to-wear-fall-winter-2022-paris
miu_miu,2022-10-04,2023 SS rtw,rtw,Paris,True,1.2491,0.6162,,,1.509,1.172,,,https://nowfashion.com/miu-miu-ready-to-wear-spring-summer-2023-paris
miu_miu,2023-03-07,2023 AW rtw,rtw,Paris,True,0.8856,0.2116,,,2.467,1.732,,,https://nowfashion.com/miu-miu-ready-to-wear-fall-winter-2023-paris
miu_miu,2023-10-03,2024 SS rtw,rtw,Paris,True,1.1631,0.4759,,,2.935,2.473,,,https://nowfashion.com/miu-miu-ready-to-wear-spring-summer-2024-paris
miu_miu,2024-03-05,2024 AW rtw,rtw,Paris,True,0.9438,0.2286,,,2.103,1.277,,,https://nowfashion.com/miu-miu-ready-to-wear-fall-winter-2024-paris
miu_miu,2024-10-01,2025 SS rtw,rtw,Paris,True,0.8791,0.1512,,,0.777,0.053,,,https://nowfashion.com/miu-miu-ready-to-wear-spring-summer-2025-paris
miu_miu,2025-10-06,2026 SS rtw,rtw,Paris,True,0.6089,-0.127,,,0.225,-0.519,,,https://nowfashion.com/miu-miu-ready-to-wear-spring-summer-2026-paris
miu_miu,2026-03-10,2026 AW rtw,rtw,Paris,True,0.3495,-0.38,,,0.699,-0.376,,,https://nowfashion.com/miu-miu-ready-to-wear-fall-winter-2026-paris
miu_miu,2026-10-04,2027 SS rtw,rtw,Paris,True,,,,,,,,,https://nowfashion.com/miu-miu-ready-to-wear-spring-summer-2027-paris
prada,2015-01-18,2015 AW men,men,Milan,False,,,,,,,,,https://nowfashion.com/prada-menswear-fall-winter-2015-milan
prada,2015-02-26,2015 AW rtw,rtw,Milan,True,,,,,,,,,https://nowfashion.com/prada-ready-to-wear-fall-winter-2015-milan
prada,2015-06-21,2016 SS men,men,Milan,False,,,,,,,,,https://nowfashion.com/prada-menswear-spring-summer-2016-milan-2
prada,2015-09-24,2016 SS rtw,rtw,Milan,True,0.0703,,,,-0.845,,,,https://nowfashion.com/prada-ready-to-wear-spring-summer-2016-milan-2
prada,2016-01-17,2016 AW men,men,Milan,False,0.1091,,,,,,,,https://nowfashion.com/prada-menswear-fall-winter-2016-milan
prada,2016-02-25,2016 AW rtw,rtw,Milan,True,0.1997,,,,-0.524,,,,https://nowfashion.com/prada-ready-to-wear-fall-winter-2016-milan-2
prada,2016-06-19,2017 SS men,men,Milan,False,0.1193,,,,,,,,https://nowfashion.com/prada-menswear-spring-summer-2017-milan-2
prada,2016-09-22,2017 SS rtw,rtw,Milan,True,0.2931,0.1581,,,-0.742,0.268,,,https://nowfashion.com/prada-ready-to-wear-spring-summer-2017-milan-2
prada,2017-01-15,2017 AW men,men,Milan,False,0.3065,,,,,,,,https://nowfashion.com/prada-menswear-fall-winter-2017-milan-2
prada,2017-02-23,2017 AW rtw,rtw,Milan,True,0.1371,-0.0506,,,-1.049,-0.36,,,https://nowfashion.com/prada-ready-to-wear-fall-winter-2017-milan-2
prada,2017-06-18,2018 SS men,men,Milan,False,0.1718,,,,,,,,https://nowfashion.com/prada-menswear-spring-summer-2018-milan
prada,2017-09-21,2018 SS rtw,rtw,Milan,True,0.2912,0.1162,,,-0.62,0.374,,,https://nowfashion.com/prada-ready-to-wear-spring-summer-2018-milan
prada,2018-01-14,2018 AW men,men,Milan,False,0.2308,,,,,,,,https://nowfashion.com/prada-menswear-fall-winter-2018-milan
prada,2018-02-22,2018 AW rtw,rtw,Milan,True,0.0671,-0.1312,,,-0.697,-0.072,,,https://nowfashion.com/prada-ready-to-wear-fall-winter-2018-milan
prada,2018-06-17,2019 SS men,men,Milan,False,0.353,,,,,,,,https://nowfashion.com/prada-menswear-spring-summer-2019-milan
prada,2018-09-20,2019 SS rtw,rtw,Milan,True,0.172,-0.0044,,,-0.71,-0.421,,,https://nowfashion.com/prada-ready-to-wear-spring-summer-2019-milan
prada,2019-01-13,2019 AW men,men,Milan,False,0.2923,,,,,,,,https://nowfashion.com/prada-menswear-fall-winter-2019-milan
prada,2019-02-21,2019 AW rtw,rtw,Milan,True,0.4836,0.3078,,,-0.138,0.29,,,https://nowfashion.com/prada-ready-to-wear-fall-winter-2019-milan
prada,2020-01-12,2020 AW men,men,Milan,False,0.2245,,,,,,,,https://nowfashion.com/prada-menswear-fall-winter-2020-milan
prada,2020-02-20,2020 AW rtw,rtw,Milan,True,0.9795,0.7652,,,2.469,2.723,,,https://nowfashion.com/prada-ready-to-wear-fall-winter-2020-milan
prada,2020-09-24,2021 SS rtw,rtw,Milan,True,0.5854,0.2861,,,0.915,1.492,,,https://nowfashion.com/prada-ready-to-wear-spring-summer-2021-milan
prada,2021-06-20,2022 SS men,men,Milan,False,0.0305,,,,,,,,https://nowfashion.com/prada-menswear-spring-summer-2022-milan
prada,2021-09-24,2022 SS rtw,rtw,Milan,True,0.3578,0.0299,,,-0.594,-0.175,,,https://nowfashion.com/prada-ready-to-wear-spring-summer-2022-milan
prada,2022-01-16,2022 AW men,men,Milan,False,0.3251,,,,,,,,https://nowfashion.com/prada-menswear-fall-winter-2022-milan
prada,2022-02-24,2022 AW rtw,rtw,Milan,True,0.3587,0.0281,,,0.002,0.322,,,https://nowfashion.com/prada-ready-to-wear-fall-winter-2022-milan
prada,2022-09-22,2023 SS rtw,rtw,Milan,True,0.3755,0.0425,,,-0.332,-0.171,,,https://nowfashion.com/prada-ready-to-wear-spring-summer-2023-milan
prada,2023-01-15,2023 AW men,men,Milan,False,0.1681,,,,,,,,https://nowfashion.com/prada-menswear-fall-winter-2023-milan
prada,2023-02-23,2023 AW rtw,rtw,Milan,True,0.071,-0.2652,,,-0.528,-0.101,,,https://nowfashion.com/prada-ready-to-wear-fall-winter-2023-milan
prada,2023-06-18,2024 SS men,men,Milan,False,0.0678,,,,,,,,https://nowfashion.com/prada-menswear-spring-summer-2024-milan
prada,2023-09-21,2024 SS rtw,rtw,Milan,True,0.4735,0.1562,,,0.173,0.846,,,https://nowfashion.com/prada-ready-to-wear-spring-summer-2024-milan
prada,2024-01-14,2024 AW men,men,Milan,False,0.4372,,,,,,,,https://nowfashion.com/prada-menswear-fall-winter-2024-milan
prada,2024-02-22,2024 AW rtw,rtw,Milan,True,0.1409,-0.1868,,,-0.478,-0.188,,,https://nowfashion.com/prada-ready-to-wear-fall-winter-2024-milan
prada,2024-06-16,2025 SS men,men,Milan,False,-0.0922,,,,,,,,https://nowfashion.com/prada-menswear-spring-summer-2025-milan
prada,2024-09-19,2025 SS rtw,rtw,Milan,True,0.5111,0.1951,,,-0.091,0.166,,,https://nowfashion.com/prada-ready-to-wear-spring-summer-2025-milan
prada,2025-01-19,2025 AW men,men,Milan,False,0.2598,,,,,,,,https://nowfashion.com/prada-menswear-fall-winter-2025-milan
prada,2025-02-27,2025 AW rtw,rtw,Milan,True,0.3925,0.065,,,-0.268,0.062,,,https://nowfashion.com/prada-ready-to-wear-fall-winter-2025-milan
prada,2025-06-22,2026 SS men,men,Milan,False,0.2283,,,,,,,,https://nowfashion.com/prada-menswear-spring-summer-2026-milan
prada,2025-09-25,2026 SS rtw,rtw,Milan,True,0.0946,-0.2365,,,-1.124,-0.839,,,https://nowfashion.com/prada-ready-to-wear-spring-summer-2026-milan
prada,2026-01-18,2026 AW men,men,Milan,False,0.4847,,,,,,,,https://nowfashion.com/prada-menswear-fall-winter-2026-milan
prada,2026-02-26,2026 AW rtw,rtw,Milan,True,0.1194,-0.1993,,,-0.172,0.291,,,https://nowfashion.com/prada-ready-to-wear-fall-winter-2026-milan
prada,2026-06-21,2027 SS men,men,Milan,False,-0.4784,,,,,,,,https://nowfashion.com/prada-menswear-spring-summer-2027-milan
prada,2026-09-22,2027 SS rtw,rtw,,True,0.503,0.1943,,,0.314,0.789,,,https://nowfashion.com/prada-ready-to-wear-spring-summer-2027
saint_laurent,2015-01-25,2015 AW men,men,Paris,False,,,,,,,,,https://nowfashion.com/saint-laurent-menswear-fall-winter-2015-paris
saint_laurent,2015-03-09,2015 AW rtw,rtw,Paris,True,,,,,,,,,https://nowfashion.com/saint-laurent-ready-to-wear-fall-winter-2015-paris
saint_laurent,2015-06-28,2016 SS men,men,Paris,False,,,,,,,,,https://nowfashion.com/saint-laurent-menswear-spring-summer-2016-paris
saint_laurent,2015-10-05,2016 SS rtw,rtw,Paris,True,,,,,,,,,https://nowfashion.com/saint-laurent-ready-to-wear-spring-summer-2016-paris
saint_laurent,2016-03-07,2016 AW rtw,rtw,Paris,True,,,,,,,,,https://nowfashion.com/saint-laurent-ready-to-wear-fall-winter-2016-paris
saint_laurent,2016-09-27,2017 SS rtw,rtw,Paris,True,,,,,,,,,https://nowfashion.com/saint-laurent-ready-to-wear-spring-summer-2017-paris
saint_laurent,2017-02-28,2017 AW rtw,rtw,Paris,True,,,,,,,,,https://nowfashion.com/saint-laurent-ready-to-wear-fall-winter-2017-paris
saint_laurent,2017-09-26,2018 SS rtw,rtw,Paris,True,,,,,,,,,https://nowfashion.com/saint-laurent-ready-to-wear-spring-summer-2018-paris
saint_laurent,2018-02-27,2018 AW rtw,rtw,Paris,True,,,,,,,,,https://nowfashion.com/saint-laurent-ready-to-wear-fall-winter-2018-paris
saint_laurent,2018-09-25,2019 SS rtw,rtw,Paris,True,,,,,,,,,https://nowfashion.com/saint-laurent-ready-to-wear-spring-summer-2019-paris
saint_laurent,2019-02-26,2019 AW rtw,rtw,Paris,True,,,,,,,,,https://nowfashion.com/saint-laurent-ready-to-wear-fall-winter-2019-paris
saint_laurent,2019-09-24,2020 SS rtw,rtw,Paris,True,,,,,,,,,https://nowfashion.com/saint-laurent-ready-to-wear-spring-summer-2020-paris
saint_laurent,2020-02-25,2020 AW rtw,rtw,Paris,True,,,,,,,,,https://nowfashion.com/saint-laurent-ready-to-wear-fall-winter-2020-paris
saint_laurent,2021-07-14,2022 SS men,men,Paris,False,,,,,,,,,https://nowfashion.com/saint-laurent-menswear-spring-summer-2022-paris
saint_laurent,2021-09-28,2022 SS rtw,rtw,Paris,True,,,,,,,,,https://nowfashion.com/saint-laurent-ready-to-wear-spring-summer-2022-paris
saint_laurent,2022-03-01,2022 AW rtw,rtw,Paris,True,,,,,,,,,https://nowfashion.com/saint-laurent-ready-to-wear-fall-winter-2022-paris
saint_laurent,2022-06-22,2023 SS men,men,Paris,False,,,,,,,,,https://nowfashion.com/saint-laurent-menswear-spring-summer-2023-paris
saint_laurent,2022-09-27,2023 SS rtw,rtw,Paris,True,,,,,,,,,https://nowfashion.com/saint-laurent-ready-to-wear-spring-summer-2023-paris
saint_laurent,2023-01-17,2023 AW men,men,Paris,False,,,,,,,,,https://nowfashion.com/saint-laurent-menswear-fall-winter-2023-paris
saint_laurent,2023-02-28,2023 AW rtw,rtw,Paris,True,,,,,,,,,https://nowfashion.com/saint-laurent-ready-to-wear-fall-winter-2023-paris
saint_laurent,2023-09-26,2024 SS rtw,rtw,Paris,True,0.34,,,,-0.362,,,,https://nowfashion.com/saint-laurent-ready-to-wear-spring-summer-2024-paris
saint_laurent,2024-02-27,2024 AW rtw,rtw,Paris,True,0.1709,,,,-0.381,,,,https://nowfashion.com/saint-laurent-ready-to-wear-fall-winter-2024-paris
saint_laurent,2024-09-24,2025 SS rtw,rtw,Paris,True,0.4604,0.2049,,,-0.211,0.191,,,https://nowfashion.com/saint-laurent-ready-to-wear-spring-summer-2025-paris
saint_laurent,2025-01-28,2025 SS couture,couture,Paris,False,0.2011,,,,,,,,https://nowfashion.com/saint-laurent-couture-spring-summer-2025-paris
saint_laurent,2025-06-24,2026 SS men,men,Paris,False,0.4131,,,,,,,,https://nowfashion.com/saint-laurent-menswear-spring-summer-2026-paris
saint_laurent,2025-09-29,2026 SS rtw,rtw,Paris,True,-0.0735,-0.3973,,,-1.564,-1.31,,,https://nowfashion.com/saint-laurent-ready-to-wear-spring-summer-2026-paris
saint_laurent,2026-01-27,2026 AW men,men,Paris,False,0.2178,,,,,,,,https://nowfashion.com/saint-laurent-menswear-fall-winter-2026-paris
saint_laurent,2026-03-03,2026 AW rtw,rtw,Paris,True,-0.0482,-0.2727,,,-0.807,0.02,,,https://nowfashion.com/saint-laurent-ready-to-wear-fall-winter-2026-paris
saint_laurent,2026-06-23,2027 SS men,men,Paris,False,-0.0857,,,,,,,,https://nowfashion.com/saint-laurent-menswear-spring-summer-2027-paris
saint_laurent,2026-09-29,2027 SS rtw,rtw,Paris,True,0.1844,0.0145,,,-0.664,0.184,,,https://nowfashion.com/saint-laurent-ready-to-wear-spring-summer-2027-paris
tom_ford,2015-02-23,2015 AW rtw,rtw,London,True,,,,,,,,,https://nowfashion.com/tom-ford-ready-to-wear-fall-winter-2015-london
tom_ford,2017-09-07,2018 SS rtw,rtw,New York,True,,,,,,,,,https://nowfashion.com/tom-ford-ready-to-wear-spring-summer-2018-new-york
tom_ford,2018-02-09,2018 AW rtw,rtw,New York,True,,,,,,,,,https://nowfashion.com/tom-ford-ready-to-wear-fall-winter-2018-new-york
tom_ford,2018-09-06,2019 SS rtw,rtw,New York,True,,,,,,,,,https://nowfashion.com/tom-ford-ready-to-wear-spring-summer-2019-new-york
tom_ford,2019-02-07,2019 AW rtw,rtw,New York,True,,,,,,,,,https://nowfashion.com/tom-ford-ready-to-wear-fall-winter-2019-new-york
tom_ford,2019-09-10,2020 SS rtw,rtw,New York,True,,,,,,,,,https://nowfashion.com/tom-ford-ready-to-wear-spring-summer-2020-new-york
tom_ford,2020-02-11,2020 AW rtw,rtw,New York,True,,,,,,,,,https://nowfashion.com/tom-ford-ready-to-wear-fall-winter-2020-new-york
tom_ford,2020-09-16,2021 SS rtw,rtw,New York,True,,,,,,,,,https://nowfashion.com/tom-ford-ready-to-wear-spring-summer-2021-new-york
tom_ford,2021-01-19,2021 AW men,men,Milan,False,,,,,,,,,https://nowfashion.com/tom-ford-menswear-fall-winter-2021-milan
tom_ford,2021-02-24,2021 AW rtw,rtw,Milan,True,,,,,,,,,https://nowfashion.com/tom-ford-ready-to-wear-fall-winter-2021-milan
tom_ford,2021-09-13,2022 SS rtw,rtw,New York,True,1.2688,,,,1.802,,,,https://nowfashion.com/tom-ford-ready-to-wear-spring-summer-2022-new-york
tom_ford,2022-09-14,2023 SS rtw,rtw,New York,True,-0.1951,,,,-1.535,,,,https://nowfashion.com/tom-ford-ready-to-wear-spring-summer-2023-new-york
tom_ford,2023-09-21,2024 SS rtw,rtw,Milan,True,0.5806,0.0438,,,0.602,0.274,,,https://nowfashion.com/tom-ford-men-women-spring-summer-2024-milan
tom_ford,2024-02-22,2024 AW rtw,rtw,Milan,True,0.1247,-0.4267,,,-0.53,-1.034,,,https://nowfashion.com/tom-ford-men-women-fall-winter-2024-milan
tom_ford,2025-03-05,2025 AW rtw,rtw,Paris,True,0.7836,0.3388,,,1.347,1.261,,,https://nowfashion.com/tom-ford-ready-to-wear-fall-winter-2025-paris
tom_ford,2025-10-01,2026 SS rtw,rtw,Paris,True,0.6202,0.1077,,,0.255,0.167,,,https://nowfashion.com/tom-ford-ready-to-wear-spring-summer-2026-paris
tom_ford,2026-03-04,2026 AW rtw,rtw,Paris,True,0.2175,-0.313,,,0.199,-0.129,,,https://nowfashion.com/tom-ford-ready-to-wear-fall-winter-2026-paris
tom_ford,2026-09-30,2027 SS rtw,rtw,Paris,True,0.3895,-0.0963,,,-0.035,-0.188,,,https://nowfashion.com/tom-ford-men-women-spring-summer-2027-paris
valentino,2015-01-21,2015 AW men,men,Paris,False,,,,,,,,,https://nowfashion.com/valentino-menswear-fall-winter-2015-paris
valentino,2015-01-28,2015 SS couture,couture,Paris,False,,,,,,,,,https://nowfashion.com/valentino-couture-spring-summer-2015-paris
valentino,2015-03-10,2015 AW rtw,rtw,Paris,True,,,,,,,,,https://nowfashion.com/valentino-ready-to-wear-fall-winter-2015-paris
valentino,2015-06-24,2016 SS men,men,Paris,False,,,,,,,,,https://nowfashion.com/valentino-menswear-spring-summer-2016-paris
valentino,2015-07-07,2015 AW couture,couture,Paris,False,,,,,,,,,https://nowfashion.com/valentino-couture-fall-winter-2015-paris
valentino,2015-10-06,2016 SS rtw,rtw,Paris,True,,,,,,,,,https://nowfashion.com/valentino-ready-to-wear-spring-summer-2016-paris
valentino,2016-01-20,2016 AW men,men,Paris,False,,,,,,,,,https://nowfashion.com/valentino-menswear-fall-winter-2016-paris
valentino,2016-01-27,2016 SS couture,couture,Paris,False,,,,,,,,,https://nowfashion.com/valentino-couture-spring-summer-2016-paris
valentino,2016-03-08,2016 AW rtw,rtw,Paris,True,,,,,,,,,https://nowfashion.com/valentino-ready-to-wear-fall-winter-2016-paris
valentino,2016-06-22,2017 SS men,men,Paris,False,,,,,,,,,https://nowfashion.com/valentino-menswear-spring-summer-2017-paris
valentino,2016-07-06,2016 AW couture,couture,Paris,False,,,,,,,,,https://nowfashion.com/valentino-couture-fall-winter-2016-paris
valentino,2016-10-02,2017 SS rtw,rtw,Paris,True,,,,,,,,,https://nowfashion.com/valentino-ready-to-wear-spring-summer-2017-paris
valentino,2017-01-18,2017 AW men,men,Paris,False,,,,,,,,,https://nowfashion.com/valentino-menswear-fall-winter-2017-paris
valentino,2017-01-25,2017 SS couture,couture,Paris,False,,,,,,,,,https://nowfashion.com/valentino-couture-spring-summer-2017-paris
valentino,2017-03-05,2017 AW rtw,rtw,Paris,True,,,,,,,,,https://nowfashion.com/valentino-ready-to-wear-fall-winter-2017-paris
valentino,2017-06-21,2018 SS men,men,Paris,False,,,,,,,,,https://nowfashion.com/valentino-menswear-spring-summer-2018-paris
valentino,2017-07-05,2017 AW couture,couture,Paris,False,,,,,,,,,https://nowfashion.com/valentino-couture-fall-winter-2017-paris
valentino,2017-10-01,2018 SS rtw,rtw,Paris,True,,,,,,,,,https://nowfashion.com/valentino-ready-to-wear-spring-summer-2018-paris
valentino,2018-01-17,2018 AW men,men,Paris,False,,,,,,,,,https://nowfashion.com/valentino-menswear-fall-winter-2018-paris
valentino,2018-01-24,2018 SS couture,couture,Paris,False,,,,,,,,,https://nowfashion.com/valentino-couture-spring-summer-2018-paris
valentino,2018-03-04,2018 AW rtw,rtw,Paris,True,,,,,,,,,https://nowfashion.com/valentino-ready-to-wear-fall-winter-2018-paris
valentino,2018-06-20,2019 SS men,men,Paris,False,,,,,,,,,https://nowfashion.com/valentino-menswear-spring-summer-2019-paris
valentino,2018-07-04,2018 AW couture,couture,Paris,False,,,,,,,,,https://nowfashion.com/valentino-couture-fall-winter-2018-paris
valentino,2018-09-30,2019 SS rtw,rtw,Paris,True,,,,,,,,,https://nowfashion.com/valentino-ready-to-wear-spring-summer-2019-paris
valentino,2019-01-16,2019 AW men,men,Paris,False,,,,,,,,,https://nowfashion.com/valentino-menswear-fall-winter-2019-paris
valentino,2019-01-23,2019 SS couture,couture,Paris,False,,,,,,,,,https://nowfashion.com/valentino-couture-spring-summer-2019-paris
valentino,2019-03-03,2019 AW rtw,rtw,Paris,True,0.8292,,,,0.349,,,,https://nowfashion.com/valentino-ready-to-wear-fall-winter-2019-paris
valentino,2019-06-19,2020 SS men,men,Paris,False,0.2068,,,,,,,,https://nowfashion.com/valentino-menswear-spring-summer-2020-paris
valentino,2019-07-03,2019 AW couture,couture,Paris,False,0.7612,,,,,,,,https://nowfashion.com/valentino-couture-fall-winter-2019-paris
valentino,2019-09-29,2020 SS rtw,rtw,Paris,True,0.696,,,,0.425,,,,https://nowfashion.com/valentino-ready-to-wear-spring-summer-2020-paris
valentino,2020-01-15,2020 AW men,men,Paris,False,0.1707,,,,,,,,https://nowfashion.com/valentino-menswear-fall-winter-2020-paris
valentino,2020-01-22,2020 SS couture,couture,Paris,False,0.3273,,,,,,,,https://nowfashion.com/valentino-haute-couture-spring-summer-2020-paris
valentino,2020-03-01,2020 AW rtw,rtw,Paris,True,0.2,-0.5626,,,-0.383,-1.038,,,https://nowfashion.com/valentino-ready-to-wear-fall-winter-2020-paris
valentino,2020-09-27,2021 SS rtw,rtw,Milan,True,0.5043,-0.0708,,,0.569,0.113,,,https://nowfashion.com/valentino-ready-to-wear-spring-summer-2021-milan
valentino,2021-01-29,2021 SS couture,couture,Paris,False,0.2294,,,,,,,,https://nowfashion.com/valentino-couture-spring-summer-2021-paris
valentino,2021-03-01,2021 AW rtw,rtw,Milan,True,0.5453,-0.0121,,,1.122,0.53,,,https://nowfashion.com/valentino-ready-to-wear-fall-winter-2021-milan
valentino,2021-10-01,2022 SS rtw,rtw,Paris,True,0.4096,-0.1454,,,-0.457,-0.631,,,https://nowfashion.com/valentino-ready-to-wear-spring-summer-2022-paris
valentino,2022-01-26,2022 SS couture,couture,Paris,False,0.3652,,,,,,,,https://nowfashion.com/valentino-couture-spring-summer-2022-paris
valentino,2022-03-06,2022 AW rtw,rtw,Paris,True,0.6324,0.1017,,,0.775,0.512,,,https://nowfashion.com/valentino-ready-to-wear-fall-winter-2022-paris
valentino,2022-07-07,2022 AW couture,couture,Rome,False,1.0786,,,,,,,,https://nowfashion.com/valentino-couture-fall-winter-2022-rome
valentino,2022-07-08,2022 AW couture,couture,Paris,False,1.0846,,,,,,,,https://nowfashion.com/valentino-couture-fall-winter-2022-paris
valentino,2022-10-02,2023 SS rtw,rtw,Paris,True,0.7227,0.1774,,,0.4,0.145,,,https://nowfashion.com/valentino-ready-to-wear-spring-summer-2023-paris
valentino,2023-01-25,2023 SS couture,couture,Paris,False,0.7385,,,,,,,,https://nowfashion.com/valentino-couture-spring-summer-2023-paris
valentino,2023-03-05,2023 AW rtw,rtw,Paris,True,0.1492,-0.4182,,,-0.241,-0.689,,,https://nowfashion.com/valentino-ready-to-wear-fall-winter-2023-paris
valentino,2023-06-16,2024 SS men,men,Milan,False,0.1001,,,,,,,,https://nowfashion.com/valentino-menswear-spring-summer-2024-milan
valentino,2023-07-05,2023 AW couture,couture,Paris,False,0.4279,,,,,,,,https://nowfashion.com/valentino-couture-fall-winter-2023-paris
valentino,2023-10-01,2024 SS rtw,rtw,Paris,True,0.4869,-0.0341,,,0.227,-0.122,,,https://nowfashion.com/valentino-ready-to-wear-spring-summer-2024-paris
valentino,2024-01-20,2024 AW men,men,Paris,False,0.1959,,,,,,,,https://nowfashion.com/valentino-menswear-fall-winter-2024-paris
valentino,2024-01-24,2024 SS couture,couture,Paris,False,0.3254,,,,,,,,https://nowfashion.com/valentino-couture-spring-summer-2024-paris
valentino,2024-03-03,2024 AW rtw,rtw,Paris,True,0.2125,-0.3051,,,-0.248,-0.605,,,https://nowfashion.com/valentino-ready-to-wear-fall-winter-2024-paris
valentino,2024-09-29,2025 SS rtw,rtw,Paris,True,1.1037,0.6139,,,1.307,1.245,,,https://nowfashion.com/valentino-ready-to-wear-spring-summer-2025-paris
valentino,2025-01-29,2025 SS couture,couture,Paris,False,0.5847,,,,,,,,https://nowfashion.com/valentino-couture-spring-summer-2025-paris
valentino,2025-03-09,2025 AW rtw,rtw,Paris,True,0.3952,-0.1458,,,-0.257,-0.861,,,https://nowfashion.com/valentino-ready-to-wear-fall-winter-2025-paris
valentino,2025-10-05,2026 SS rtw,rtw,Paris,True,0.9212,0.3914,,,1.044,0.997,,,https://nowfashion.com/valentino-ready-to-wear-spring-summer-2026-paris
valentino,2026-01-28,2026 SS couture,couture,Paris,False,2.3978,,,,,,,,https://nowfashion.com/valentino-couture-spring-summer-2026-paris
valentino,2026-03-12,2026 AW rtw,rtw,Rome,True,-0.7298,-1.2875,,,-3.388,-3.73,,,https://nowfashion.com/valentino-ready-to-wear-fall-winter-2026-rome
valentino,2026-10-04,2027 SS rtw,rtw,Paris,True,,,,,,,,,https://nowfashion.com/valentino-ready-to-wear-spring-summer-2027-paris
versace,2015-01-17,2015 AW men,men,Milan,False,,,,,,,,,https://nowfashion.com/versace-menswear-fall-winter-2015-milan
versace,2015-01-25,2015 SS couture,couture,Paris,False,,,,,,,,,https://nowfashion.com/versace-couture-spring-summer-2015-paris
versace,2015-02-27,2015 AW rtw,rtw,Milan,True,,,,,,,,,https://nowfashion.com/versace-ready-to-wear-fall-winter-2015-milan
versace,2015-06-20,2016 SS men,men,Milan,False,,,,,,,,,https://nowfashion.com/versace-menswear-spring-summer-2016-milan-2
versace,2015-07-05,2015 AW couture,couture,Paris,False,,,,,,,,,https://nowfashion.com/versace-atelier-couture-fall-winter-2015-paris
versace,2015-09-25,2016 SS rtw,rtw,Milan,True,0.1491,,,,-0.66,,,,https://nowfashion.com/versace-ready-to-wear-spring-summer-2016-milan-2
versace,2016-01-16,2016 AW men,men,Milan,False,0.0813,,,,,,,,https://nowfashion.com/versace-menswear-fall-winter-2016-milan-2
versace,2016-01-24,2016 SS couture,couture,Paris,False,0.4378,,,,,,,,https://nowfashion.com/versace-couture-spring-summer-2016-paris
versace,2016-02-26,2016 AW rtw,rtw,Milan,True,0.8434,,,,2.013,,,,https://nowfashion.com/versace-ready-to-wear-fall-winter-2016-milan-2
versace,2016-06-18,2017 SS men,men,Milan,False,0.019,,,,,,,,https://nowfashion.com/versace-menswear-spring-summer-2017-milan-2
versace,2016-07-03,2016 AW couture,couture,Paris,False,1.1997,,,,,,,,https://nowfashion.com/versace-atelier-couture-fall-winter-2016-paris
versace,2016-09-23,2017 SS rtw,rtw,Milan,True,0.5157,0.0195,,,0.217,-0.23,,,https://nowfashion.com/versace-ready-to-wear-spring-summer-2017-milan-2
versace,2017-01-14,2017 AW men,men,Milan,False,0.3346,,,,,,,,https://nowfashion.com/versace-menswear-fall-winter-2017-milan-2
versace,2017-02-24,2017 AW rtw,rtw,Milan,True,0.5029,0.0002,,,0.258,-0.144,,,https://nowfashion.com/versace-ready-to-wear-fall-winter-2017-milan-2
versace,2017-06-17,2018 SS men,men,Milan,False,0.1678,,,,,,,,https://nowfashion.com/versace-menswear-spring-summer-2018-milan
versace,2017-09-22,2018 SS rtw,rtw,Milan,True,1.0688,0.566,,,2.223,2.676,,,https://nowfashion.com/versace-ready-to-wear-spring-summer-2018-milan
versace,2018-01-13,2018 AW men,men,Milan,False,0.9784,,,,,,,,https://nowfashion.com/versace-menswear-fall-winter-2018-milan
versace,2018-02-23,2018 AW rtw,rtw,Milan,True,-0.4094,-1.0254,,,-1.92,-2.242,,,https://nowfashion.com/versace-ready-to-wear-fall-winter-2018-milan
versace,2018-06-16,2019 SS men,men,Milan,False,-0.1429,,,,,,,,https://nowfashion.com/versace-menswear-spring-summer-2019-milan
versace,2018-09-21,2019 SS rtw,rtw,Milan,True,1.7699,1.3248,,,1.068,0.983,,,https://nowfashion.com/versace-ready-to-wear-spring-summer-2019-milan
versace,2019-01-12,2019 AW men,men,Milan,False,0.3971,,,,,,,,https://nowfashion.com/versace-menswear-fall-winter-2019-milan
versace,2019-02-22,2019 AW rtw,rtw,Milan,True,0.2128,-0.4215,,,-0.52,-0.735,,,https://nowfashion.com/versace-ready-to-wear-fall-winter-2019-milan
versace,2019-06-15,2020 SS men,men,Milan,False,0.0335,,,,,,,,https://nowfashion.com/versace-menswear-spring-summer-2020-milan
versace,2019-09-20,2020 SS rtw,rtw,Milan,True,0.6213,0.0396,,,0.096,0.025,,,https://nowfashion.com/versace-ready-to-wear-spring-summer-2020-milan
versace,2020-02-21,2020 AW rtw,rtw,Milan,True,0.1122,-0.4739,,,-0.704,-0.787,,,https://nowfashion.com/versace-ready-to-wear-fall-winter-2020-milan-2
versace,2020-09-25,2021 SS rtw,rtw,Milan,True,0.2252,-0.3135,,,-0.619,-0.824,,,https://nowfashion.com/versace-ready-to-wear-spring-summer-2021-milan-2
versace,2021-03-06,2021 AW rtw,rtw,Paris,True,0.2453,-0.2649,,,-0.577,-0.736,,,https://nowfashion.com/versace-ready-to-wear-fall-winter-2021-paris
versace,2021-09-24,2022 SS rtw,rtw,Milan,True,0.6489,0.1608,,,0.172,0.166,,,https://nowfashion.com/versace-ready-to-wear-spring-summer-2022-milan
versace,2022-02-25,2022 AW rtw,rtw,Milan,True,0.1052,-0.3953,,,-0.714,-0.767,,,https://nowfashion.com/versace-ready-to-wear-fall-winter-2022-milan
versace,2022-06-18,2023 SS men,men,Milan,False,0.0121,,,,,,,,https://nowfashion.com/versace-menswear-spring-summer-2023-milan
versace,2022-09-23,2023 SS rtw,rtw,Milan,True,0.2149,-0.2573,,,-0.671,-0.873,,,https://nowfashion.com/versace-ready-to-wear-spring-summer-2023-milan
versace,2023-03-02,2023 AW rtw,rtw,Paris,True,0.6223,0.1672,,,1.499,1.561,,,https://nowfashion.com/versace-ready-to-wear-fall-winter-2023-paris
versace,2024-02-23,2024 AW rtw,rtw,Milan,True,0.3275,-0.138,,,0.122,-0.016,,,https://nowfashion.com/versace-men-women-fall-winter-2024-milan
versace,2024-09-20,2025 SS rtw,rtw,Milan,True,0.2994,-0.158,,,-0.59,-0.744,,,https://nowfashion.com/versace-men-women-spring-summer-2025-milan
versace,2025-02-28,2025 AW rtw,rtw,Milan,True,0.6403,0.1917,,,0.756,0.617,,,https://nowfashion.com/versace-men-women-fall-winter-2025-milan
versace,2025-09-26,2026 SS rtw,rtw,Milan,True,0.0268,-0.4319,,,-1.301,-1.411,,,https://nowfashion.com/versace-ready-to-wear-spring-summer-2026-milan
zegna,2015-01-17,2015 AW men,men,Milan,True,,,,,,,,,https://nowfashion.com/ermenegildo-zegna-menswear-fall-winter-2015-milan
zegna,2015-06-20,2016 SS men,men,Milan,True,,,,,,,,,https://nowfashion.com/ermenegildo-zegna-menswear-spring-summer-2016-milan-2
zegna,2016-01-16,2016 AW men,men,Milan,True,0.2858,,,,,,,,https://nowfashion.com/ermenegildo-zegna-menswear-fall-winter-2016-milan-2
zegna,2017-01-13,2017 AW men,men,Milan,True,0.3816,,,,,,,,https://nowfashion.com/ermenegildo-zegna-menswear-fall-winter-2017-milan-2
zegna,2017-06-16,2018 SS men,men,Milan,True,0.2816,-0.0521,,,,,,,https://nowfashion.com/ermenegildo-zegna-menswear-spring-summer-2018-milan
zegna,2018-01-12,2018 AW men,men,Milan,True,0.317,0.0007,,,,,,,https://nowfashion.com/ermenegildo-zegna-menswear-fall-winter-2018-milan
zegna,2018-06-15,2019 SS men,men,Milan,True,0.5222,0.2057,,,,,,,https://nowfashion.com/ermenegildo-zegna-menswear-spring-summer-2019-milan
zegna,2019-01-11,2019 AW men,men,Milan,True,-0.0956,-0.4532,,,,,,,https://nowfashion.com/ermenegildo-zegna-menswear-fall-winter-2019-milan
zegna,2019-06-14,2020 SS men,men,Milan,True,0.6582,0.3761,,,,,,,https://nowfashion.com/ermenegildo-zegna-menswear-spring-summer-2020-milan
zegna,2020-01-10,2020 AW men,men,Milan,True,0.8503,0.5145,,,,,,,https://nowfashion.com/ermenegildo-zegna-menswear-fall-winter-2020-milan
zegna,2021-01-15,2021 AW men,men,Milan,True,0.941,0.5409,,,,,,,https://nowfashion.com/ermenegildo-zegna-menswear-fall-winter-2021-milan
zegna,2021-06-18,2022 SS men,men,Milan,True,0.1823,-0.2779,,,,,,,https://nowfashion.com/ermenegildo-zegna-menswear-spring-summer-2022-milan
zegna,2022-01-14,2022 AW men,men,Milan,True,0.1166,-0.3158,,,,,,,https://nowfashion.com/zegna-menswear-fall-winter-2022-milan
zegna,2022-06-20,2023 SS men,men,Milan,True,0.2527,-0.151,,,,,,,https://nowfashion.com/ermenegildo-zegna-menswear-spring-summer-2023-milan
zegna,2023-01-16,2023 AW men,men,Milan,True,0.4661,0.075,,,,,,,https://nowfashion.com/ermenegildo-zegna-menswear-fall-winter-2023-milan
zegna,2023-06-19,2024 SS men,men,Milan,True,0.0756,-0.3213,,,,,,,https://nowfashion.com/ermenegildo-zegna-menswear-spring-summer-2024-milan
zegna,2024-01-15,2024 AW men,men,Milan,True,0.4938,0.1198,,,,,,,https://nowfashion.com/zegna-menswear-fall-winter-2024-milan
zegna,2024-06-17,2025 SS men,men,Milan,True,0.2038,-0.1781,,,,,,,https://nowfashion.com/zegna-menswear-spring-summer-2025-milan
zegna,2025-01-20,2025 AW men,men,Milan,True,0.3887,0.0179,,,,,,,https://nowfashion.com/ermenegildo-zegna-menswear-fall-winter-2025-milan
zegna,2025-06-23,2026 SS men,men,Milan,True,-0.0646,-0.4365,,,,,,,https://nowfashion.com/zegna-menswear-spring-summer-2026-milan
zegna,2026-01-16,2026 AW men,men,Milan,True,0.3697,0.0221,,,,,,,https://nowfashion.com/zegna-menswear-fall-winter-2026-milan
zegna,2026-06-20,2027 SS men,men,Milan,True,-0.1747,-0.5235,,,,,,,https://nowfashion.com/zegna-menswear-spring-summer-2027-milan
