house,client,scope,campaign,work_type,published,creative_director,cd_basis,role,person,source_url,notes
gucci,Gucci,fashion,,advertising,2024-10,Sabato De Sarno,tenure,photographer,Davit Giorgadze,https://models.com/people/viola-di-sante,
gucci,Gucci,fashion,,lookbook,2025-01,Sabato De Sarno,tenure,photographer,Riccardo Raspa,https://models.com/people/viola-di-sante,
gucci,Gucci,fashion,,advertising,2025-02,,,photographer,Tina Barney,https://models.com/people/francesca-burns,published the month Sabato De Sarno left; designer not named in the source
gucci,Gucci,fashion,,advertising,2025-03,,,photographer,Tyler Mitchell,https://models.com/people/francesca-burns,between De Sarno and Demna; designer not named in the source
gucci,Gucci,fashion,,advertising,2025-05,,,photographer,Sam Rock,https://models.com/people/viola-di-sante,between De Sarno and Demna; designer not named in the source
gucci,Gucci,fashion,,advertising,2025-05,,,photographer,Senta Simond,https://models.com/people/viola-di-sante,between De Sarno and Demna; designer not named in the source
gucci,Gucci,fashion,,lookbook,2025-08,,,photographer,Anders Edström,https://models.com/people/viola-di-sante,"after Demna's appointment, before his first presentation; designer not named in the source"
gucci,Gucci,fashion,,lookbook,2025-09-22,Demna,tenure,photographer,Catherine Opie,https://models.com/models/estelle-marlow,"his first presentation, the day before the registry's debut date"
gucci,Gucci,fashion,,social,2025-10,Demna,tenure,photographer,Letty Schmiterlow,https://models.com/people/viola-di-sante,
gucci,Gucci,fashion,,lookbook,2025-12,Demna,tenure,photographer,Demna,https://models.com/people/loic-paulmier,
gucci,Gucci,fashion,,advertising,2026-01-01,Demna,tenure,photographer,Olgaç Bozalp,https://models.com/people/riccardo-zanola,
gucci,Gucci,fashion,,advertising,2026-01,Demna,tenure,photographer,Catherine Opie,https://models.com/models/estelle-marlow,
gucci,Gucci,fashion,Gucci The Gathering 2026 Campaign,advertising,2026-02,Demna,source,photographer,Andrew Miksys,https://models.com/work/gucci-gucci-the-gathering-2026-campaign,
gucci,Gucci,fashion,Gucci The Gathering 2026 Campaign,advertising,2026-02,Demna,source,art_direction,Riccardo Zanola,https://models.com/work/gucci-gucci-the-gathering-2026-campaign,
gucci,Gucci,fashion,Gucci The Gathering 2026 Campaign,advertising,2026-02,Demna,source,stylist,Ana Steiner,https://models.com/work/gucci-gucci-the-gathering-2026-campaign,
gucci,Gucci,fashion,Gucci The Gathering 2026 Campaign,advertising,2026-02,Demna,source,hair,Lukas Tralmer,https://models.com/work/gucci-gucci-the-gathering-2026-campaign,
gucci,Gucci,fashion,Gucci The Gathering 2026 Campaign,advertising,2026-02,Demna,source,makeup,Janeen Witherspoon,https://models.com/work/gucci-gucci-the-gathering-2026-campaign,
gucci,Gucci,fashion,Gucci The Gathering 2026 Campaign,advertising,2026-02,Demna,source,casting,Helena Balladino,https://models.com/work/gucci-gucci-the-gathering-2026-campaign,
gucci,Gucci,fashion,Gucci The Gathering 2026 Campaign,advertising,2026-02,Demna,source,casting,Jussi Vuorenlehto,https://models.com/work/gucci-gucci-the-gathering-2026-campaign,
gucci,Gucci,fashion,Gucci The Gathering 2026 Campaign,advertising,2026-02,Demna,source,casting,Piergiorgio Del Moro,https://models.com/work/gucci-gucci-the-gathering-2026-campaign,
gucci,Gucci,fashion,,advertising,2026-02,Demna,tenure,photographer,Anuschka Blommers and Niels Schumm,https://models.com/models/emma-koch,
gucci,Gucci,fashion,,advertising,2026-04,Demna,tenure,photographer,Anuschka Blommers and Niels Schumm,https://models.com/people/viola-di-sante,may be the February 2026 Blommers and Schumm campaign; the two pages date it differently
gucci,Gucci,fashion,,advertising,2026-04,Demna,tenure,photographer,Demna,https://models.com/models/emma-koch,
gucci,Gucci,fashion,,advertising,2026-04,Demna,source,art_direction,Riccardo Zanola,https://models.com/client/gucci,an April 2026 entry on the client page; the excerpt does not show which campaign or its photographer
gucci,Gucci,fashion,,advertising,2026-04,Demna,source,stylist,Dogi Nesanir,https://models.com/client/gucci,an April 2026 entry on the client page; the excerpt does not show which campaign or its photographer
gucci,Gucci,fashion,,advertising,2026-04,Demna,source,hair,Cyndia Harvey,https://models.com/client/gucci,an April 2026 entry on the client page; the excerpt does not show which campaign or its photographer
gucci,Gucci,fashion,,advertising,2026-04,Demna,source,makeup,Sam Visser,https://models.com/client/gucci,an April 2026 entry on the client page; the excerpt does not show which campaign or its photographer
gucci,Gucci,fashion,,advertising,2026-04,Demna,source,casting,Piergiorgio Del Moro,https://models.com/client/gucci,an April 2026 entry on the client page; the excerpt does not show which campaign or its photographer
gucci,Gucci,fashion,,advertising,2026-04,Demna,source,set_design,David White,https://models.com/client/gucci,an April 2026 entry on the client page; the excerpt does not show which campaign or its photographer
gucci,Gucci,fashion,,advertising,2026-04,Demna,tenure,photographer,Mert Alas and Marcus Piggott,https://models.com/people/riccardo-zanola,
gucci,Gucci,fashion,,advertising,2026-06,Demna,tenure,photographer,Mark Seliger,https://models.com/models/emma-koch,
gucci,Gucci,fashion,,advertising,2026-06,Demna,tenure,photographer,Paul Kooiker,https://models.com/client/gucci,
gucci,Gucci,fashion,,advertising,2026-06,Demna,tenure,art_direction,Riccardo Zanola,https://models.com/client/gucci,
gucci,Gucci,fashion,,advertising,2026-06,Demna,tenure,stylist,Joseph Ecorchard,https://models.com/client/gucci,
gucci,Gucci,fashion,,advertising,2026-06,Demna,tenure,hair,Natsumi Ebiko,https://models.com/client/gucci,
gucci,Gucci,fashion,,advertising,2026-06,Demna,tenure,makeup,Masae Ito,https://models.com/client/gucci,
gucci,Gucci,fashion,,advertising,2026-06,Demna,source,director,Robert Longo,https://models.com/client/gucci,a film
gucci,Gucci,fashion,,advertising,2026-06,Demna,source,art_direction,Riccardo Zanola,https://models.com/client/gucci,a film
gucci,Gucci,fashion,,advertising,2026-06,Demna,source,stylist,Katya Braithwaite,https://models.com/client/gucci,a film
gucci,Gucci,fashion,,advertising,2026-06,Demna,source,hair,Natsumi Ebiko,https://models.com/client/gucci,a film
gucci,Gucci,fashion,,advertising,2026-06,Demna,source,makeup,Masae Ito,https://models.com/client/gucci,a film
balenciaga,Balenciaga,fashion,Spring 2024 campaign,advertising,,Demna,source,photographer,Jitka Hanzlová,https://theimpression.com/balenciaga-summer-2024-ad-campaign-review-2/,the page is titled Summer 2024; the review says Spring 2024
balenciaga,Balenciaga,fashion,,lookbook,2024-12-02,Demna,tenure,photographer,Demna,https://models.com/models/queen-jt,
balenciaga,Balenciaga,fashion,,advertising,2025-02,Demna,tenure,director,Emma Alvin,https://models.com/people/el-valentine,a film
balenciaga,Balenciaga,fashion,Summer 2025 campaign,advertising,2025-03-19,Demna,source,photographer,Nadia Lee Cohen,https://models.com/models/queen-jt | https://theimpression.com/?p=11635884,date from models.com; the review calls it an ode to the Demna era
balenciaga,Balenciaga,fashion,Summer 2025 campaign,advertising,2025-03-19,Demna,source,director,Nadia Lee Cohen,https://models.com/models/queen-jt | https://theimpression.com/?p=11635884,date from models.com; the review calls it an ode to the Demna era
balenciaga,Balenciaga,fashion,,lookbook,2025-06-03,Demna,tenure,photographer,Ari Versluis,https://models.com/people/loic-paulmier,
balenciaga,Balenciaga,fashion,Balenciaga x Demna Sneaker 2025,advertising,2025-06,Demna,source,photographer,Collier Schorr,https://models.com/work/balenciaga-matthew-sneaker-demna,published on instagram.com
balenciaga,Balenciaga,fashion,Balenciaga x Demna Sneaker 2025,advertising,2025-06,Demna,source,stylist,Marie Chaix,https://models.com/work/balenciaga-matthew-sneaker-demna,published on instagram.com
balenciaga,Balenciaga,fashion,Balenciaga x Demna Sneaker 2025,advertising,2025-06,Demna,source,makeup,Camille Lutz,https://models.com/work/balenciaga-matthew-sneaker-demna,published on instagram.com
balenciaga,Balenciaga,fashion,Balenciaga x Demna Sneaker 2025,advertising,2025-06,Demna,source,casting,Franziska Bachofen Echt,https://models.com/work/balenciaga-matthew-sneaker-demna,published on instagram.com
balenciaga,Balenciaga,fashion,Balenciaga x Demna Sneaker 2025,advertising,2025-06,Demna,source,set_design,Julia Wagner,https://models.com/work/balenciaga-matthew-sneaker-demna,published on instagram.com
balenciaga,Balenciaga,fashion,first campaign under Piccioli,advertising,2025-10-21,Pierpaolo Piccioli,source,photographer,David Sims,https://aeworld.com/fashion/fashion-men/accessories-men/balenciaga-unveils-first-campaign-under-pierpaolo-piccioli/ | https://rain-mag.com/balenciaga-unveils-first-campaign-by-pierpaolo-piccioli,
balenciaga,Balenciaga,fashion,,lookbook,2026-01-15,Pierpaolo Piccioli,source,photographer,Robin Galiegue,https://models.com/people/pierpaolo-piccioli,
balenciaga,Balenciaga,fashion,'Heart and Body' Summer 2026,advertising,2026-02,Pierpaolo Piccioli,source,photographer,David Sims,https://models.com/people/pierpaolo-piccioli | https://theimpression.com/balenciaga-heart-and-body-summer-2026-ad-campaign-review/,the February 2026 listing and the Summer 2026 review are taken to be one campaign; both credit David Sims
balenciaga,Balenciaga,fashion,,advertising,2026-04,Pierpaolo Piccioli,source,photographer,Mark Peckmezian,https://models.com/people/pierpaolo-piccioli,
balenciaga,Balenciaga,fashion,,social,2026-05-04,Pierpaolo Piccioli,source,director,Rasa Juskeviciute,https://models.com/people/pierpaolo-piccioli,a film
balenciaga,Balenciaga,fashion,,advertising,2026-06,Pierpaolo Piccioli,source,director,Celine Song,https://models.com/people/pierpaolo-piccioli,a film
balenciaga,Balenciaga,fashion,,lookbook,2026-06,Pierpaolo Piccioli,source,photographer,Robin Galiegue,https://models.com/people/pierpaolo-piccioli,
balenciaga,Balenciaga,fashion,Balenciaga F/W 2026 Campaign,advertising,2026-08-27,Pierpaolo Piccioli,source,photographer,Robin Galiegue,https://cftest.models.com/Work/balenciaga-balenciaga--fw-2026-campaign | https://dmfashionbook.com/?p=20817,
balenciaga,Balenciaga,fashion,Balenciaga F/W 2026 Campaign,advertising,2026-08-27,Pierpaolo Piccioli,source,hair,Benjamin Muller,https://cftest.models.com/Work/balenciaga-balenciaga--fw-2026-campaign | https://dmfashionbook.com/?p=20817,
balenciaga,Balenciaga,fashion,Balenciaga F/W 2026 Campaign,advertising,2026-08-27,Pierpaolo Piccioli,source,makeup,Sheika Daley,https://cftest.models.com/Work/balenciaga-balenciaga--fw-2026-campaign | https://dmfashionbook.com/?p=20817,
chanel,Chanel,fashion,Chanel S/S 25,advertising,2025-02,,,photographer,Inez and Vinoodh,https://models.com/work/chanel-chanel-ss-25 | https://theimpression.com/chanel-spring-2025-ad-campaign-review/,no designer named; the review calls it the house's transitional era
chanel,Chanel,fashion,Chanel S/S 25,advertising,2025-02,,,art_direction,Sheila Single,https://models.com/work/chanel-chanel-ss-25 | https://theimpression.com/chanel-spring-2025-ad-campaign-review/,no designer named; the review calls it the house's transitional era
chanel,Chanel,fashion,Chanel S/S 25,advertising,2025-02,,,stylist,Valentina Collado,https://models.com/work/chanel-chanel-ss-25 | https://theimpression.com/chanel-spring-2025-ad-campaign-review/,no designer named; the review calls it the house's transitional era
chanel,Chanel,fashion,Chanel S/S 25,advertising,2025-02,,,hair,James Pecis,https://models.com/work/chanel-chanel-ss-25 | https://theimpression.com/chanel-spring-2025-ad-campaign-review/,no designer named; the review calls it the house's transitional era
chanel,Chanel,fashion,Chanel S/S 25,advertising,2025-02,,,makeup,Lisa Butler,https://models.com/work/chanel-chanel-ss-25 | https://theimpression.com/chanel-spring-2025-ad-campaign-review/,no designer named; the review calls it the house's transitional era
chanel,Chanel,fashion,Chanel S/S 25,advertising,2025-02,,,casting,Aurelie Duclos,https://models.com/work/chanel-chanel-ss-25 | https://theimpression.com/chanel-spring-2025-ad-campaign-review/,no designer named; the review calls it the house's transitional era
chanel,Chanel,fashion,CHANEL COCO BEACH 2025,advertising,2025-05,,,photographer,Inez and Vinoodh,https://models.com/work/chanel-chanel-coco-beach-2025-1,designer not named in the source
chanel,Chanel,fashion,CHANEL COCO BEACH 2025,advertising,2025-05,,,art_direction,Sheila Single,https://models.com/work/chanel-chanel-coco-beach-2025-1,designer not named in the source
chanel,Chanel,fashion,CHANEL COCO BEACH 2025,advertising,2025-05,,,stylist,Valentina Collado,https://models.com/work/chanel-chanel-coco-beach-2025-1,designer not named in the source
chanel,Chanel,fashion,CHANEL COCO BEACH 2025,advertising,2025-05,,,hair,James Pecis,https://models.com/work/chanel-chanel-coco-beach-2025-1,designer not named in the source
chanel,Chanel,fashion,CHANEL COCO BEACH 2025,advertising,2025-05,,,makeup,Lisa Butler,https://models.com/work/chanel-chanel-coco-beach-2025-1,designer not named in the source
chanel,Chanel,fashion,CHANEL COCO BEACH 2025,advertising,2025-05,,,casting,Aurelie Duclos,https://models.com/work/chanel-chanel-coco-beach-2025-1,designer not named in the source
chanel,Chanel,fashion,CHANEL COCO BEACH 2025,advertising,2025-05,,,set_design,Vincent Olivieri,https://models.com/work/chanel-chanel-coco-beach-2025-1,designer not named in the source
chanel,Chanel,fashion,Chanel Spring/Summer 2026 Campaign,advertising,2026-01,Matthieu Blazy,source,photographer,Alec Soth,https://models.com/work/chanel-spring-2026-campaign,
chanel,Chanel,fashion,Chanel Spring/Summer 2026 Campaign,advertising,2026-01,Matthieu Blazy,source,art_direction,Sheila Single,https://models.com/work/chanel-spring-2026-campaign,
chanel,Chanel,fashion,Chanel Spring/Summer 2026 Campaign,advertising,2026-01,Matthieu Blazy,source,director,Stuart Winecoff,https://models.com/work/chanel-spring-2026-campaign,
chanel,Chanel,fashion,Chanel Spring/Summer 2026 Campaign,advertising,2026-01,Matthieu Blazy,source,hair,Duffy,https://models.com/work/chanel-spring-2026-campaign,
chanel,Chanel,fashion,Chanel Spring/Summer 2026 Campaign,advertising,2026-01,Matthieu Blazy,source,makeup,Lucia Pieroni,https://models.com/work/chanel-spring-2026-campaign,
chanel,Chanel,fashion,Chanel Spring/Summer 2026 Campaign,advertising,2026-01,Matthieu Blazy,source,casting,Anita Bitton,https://models.com/work/chanel-spring-2026-campaign,
chanel,Chanel,fashion,Chanel Spring/Summer 2026 Campaign,advertising,2026-01,Matthieu Blazy,source,casting,Lorenzo Rotondo,https://models.com/work/chanel-spring-2026-campaign,
chanel,Chanel,fashion,Métiers d'Art 2026,advertising,,Matthieu Blazy,source,photographer,Craig McDean,https://theimpression.com/?p=11939340,may be the April 2026 Craig McDean entry on Blazy's models.com page
chanel,Chanel,fashion,Métiers d'Art 2026,advertising,,Matthieu Blazy,source,videographer,Rahim Fortune,https://theimpression.com/?p=11939340,may be the April 2026 Craig McDean entry on Blazy's models.com page
chanel,Chanel,fashion,,advertising,2026-04,Matthieu Blazy,source,photographer,Craig McDean,https://models.com/models/matthieu-blazy,may be the Métiers d'Art 2026 campaign
chanel,Chanel,fashion,,advertising,2026-04,Matthieu Blazy,source,photographer,Julien Martinez Leclerc,https://models.com/models/matthieu-blazy,
chanel,Chanel,fashion,,social,2026-04-27,Matthieu Blazy,source,photographer,Julien Martinez Leclerc,https://models.com/models/matthieu-blazy,
chanel,Chanel,fashion,Chanel Pre-Fall 2026 Campaign,advertising,2026-06,Matthieu Blazy,source,photographer,Craig McDean,https://models.com/work/chanel-chanel-pre-fall-2026-campaign,
chanel,Chanel,fashion,Chanel Pre-Fall 2026 Campaign,advertising,2026-06,Matthieu Blazy,source,director,Rahim Fortune,https://models.com/work/chanel-chanel-pre-fall-2026-campaign,
chanel,Chanel,fashion,Chanel Pre-Fall 2026 Campaign,advertising,2026-06,Matthieu Blazy,source,hair,Duffy,https://models.com/work/chanel-chanel-pre-fall-2026-campaign,
chanel,Chanel,fashion,Chanel Pre-Fall 2026 Campaign,advertising,2026-06,Matthieu Blazy,source,makeup,Lucia Pieroni,https://models.com/work/chanel-chanel-pre-fall-2026-campaign,
chanel,Chanel,fashion,Chanel Pre-Fall 2026 Campaign,advertising,2026-06,Matthieu Blazy,source,casting,Anita Bitton,https://models.com/work/chanel-chanel-pre-fall-2026-campaign,
chanel,Chanel,fashion,Chanel Pre-Fall 2026 Campaign,advertising,2026-06,Matthieu Blazy,source,casting,Lorenzo Rotondo,https://models.com/work/chanel-chanel-pre-fall-2026-campaign,
chanel,Chanel,fashion,Chanel Pre-Fall 2026 Campaign,advertising,2026-06,Matthieu Blazy,source,set_design,Piers Hanmer,https://models.com/work/chanel-chanel-pre-fall-2026-campaign,
chanel,Chanel,fashion,,advertising,2026-07,Matthieu Blazy,source,photographer,Louise & Maria Thornfeldt,https://models.com/models/matthieu-blazy,
chanel,Chanel Fragrances & Beauty,beauty,,advertising,2026-06,,,photographer,Tim El Kaïm,https://models.com/client/chanel-fragrances-and-beauty,
chanel,Chanel Fragrances & Beauty,beauty,,advertising,2026-06,,,stylist,Dimitri Riviere,https://models.com/client/chanel-fragrances-and-beauty,
chanel,Chanel Fragrances & Beauty,beauty,,advertising,2026-06,,,hair,Joseph Pujalte,https://models.com/client/chanel-fragrances-and-beauty,
chanel,Chanel Fragrances & Beauty,beauty,,advertising,2026-06,,,makeup,Christine Corbel,https://models.com/client/chanel-fragrances-and-beauty,
chanel,Chanel Fragrances & Beauty,beauty,,advertising,2026-05,,,photographer,Karim Sadli,https://models.com/client/chanel-fragrances-and-beauty,
chanel,Chanel Fragrances & Beauty,beauty,,advertising,2026-05,,,makeup,Sandrine Cano Bock,https://models.com/client/chanel-fragrances-and-beauty,
chanel,Chanel Fragrances & Beauty,beauty,,advertising,,,,photographer,Karim Sadli,https://models.com/client/chanel-fragrances-and-beauty,month not shown; listed between the May 2026 and September 2025 entries
chanel,Chanel Fragrances & Beauty,beauty,,advertising,,,,stylist,Andrew Mukamal,https://models.com/client/chanel-fragrances-and-beauty,month not shown; listed between the May 2026 and September 2025 entries
chanel,Chanel Fragrances & Beauty,beauty,,advertising,,,,stylist,Leila Smara,https://models.com/client/chanel-fragrances-and-beauty,month not shown; listed between the May 2026 and September 2025 entries
chanel,Chanel Fragrances & Beauty,beauty,,advertising,,,,hair,Bryce Scarlett,https://models.com/client/chanel-fragrances-and-beauty,month not shown; listed between the May 2026 and September 2025 entries
chanel,Chanel Fragrances & Beauty,beauty,,advertising,,,,makeup,Pati Dubroff,https://models.com/client/chanel-fragrances-and-beauty,month not shown; listed between the May 2026 and September 2025 entries
chanel,Chanel Fragrances & Beauty,beauty,,advertising,,,,photographer,Craig McDean,https://models.com/client/chanel-fragrances-and-beauty,month not shown; listed between the May 2026 and September 2025 entries
chanel,Chanel Fragrances & Beauty,beauty,,advertising,,,,stylist,Max Pearmain,https://models.com/client/chanel-fragrances-and-beauty,month not shown; listed between the May 2026 and September 2025 entries
chanel,Chanel Fragrances & Beauty,beauty,,advertising,,,,set_design,Jean-Michel Bertin,https://models.com/client/chanel-fragrances-and-beauty,month not shown; listed between the May 2026 and September 2025 entries
chanel,Chanel Fragrances & Beauty,beauty,,advertising,2025-09,,,photographer,Drew Vickers,https://models.com/client/chanel-fragrances-and-beauty,
chanel,Chanel Fragrances & Beauty,beauty,,advertising,2025-09,,,stylist,Imruh Asha,https://models.com/client/chanel-fragrances-and-beauty,
chanel,Chanel Fragrances & Beauty,beauty,,advertising,2025-09,,,hair,Benjamin Muller,https://models.com/client/chanel-fragrances-and-beauty,
chanel,Chanel Fragrances & Beauty,beauty,,advertising,2025-09,,,makeup,Ammy Drammeh,https://models.com/client/chanel-fragrances-and-beauty,
chanel,Chanel Fragrances & Beauty,beauty,,advertising,2025-09,,,set_design,Jean-Michel Bertin,https://models.com/client/chanel-fragrances-and-beauty,
chanel,Chanel Fragrances & Beauty,beauty,,advertising,,,,photographer,Steven Meisel,https://models.com/client/chanel-fragrances-and-beauty,month not shown; listed between the September 2025 and December 2024 entries
chanel,Chanel Fragrances & Beauty,beauty,,advertising,,,,art_direction,Jason Duzansky,https://models.com/client/chanel-fragrances-and-beauty,month not shown; listed between the September 2025 and December 2024 entries
chanel,Chanel Fragrances & Beauty,beauty,,advertising,,,,hair,Guido Palau,https://models.com/client/chanel-fragrances-and-beauty,month not shown; listed between the September 2025 and December 2024 entries
chanel,Chanel Fragrances & Beauty,beauty,,advertising,,,,set_design,Mary Howard,https://models.com/client/chanel-fragrances-and-beauty,month not shown; listed between the September 2025 and December 2024 entries
chanel,Chanel Fragrances & Beauty,beauty,,advertising,2024-12,,,photographer,Shayne Laverdiere,https://models.com/client/chanel-fragrances-and-beauty,
chanel,Chanel Fragrances & Beauty,beauty,,advertising,2024-12,,,photographer,Nicolas Kantor,https://models.com/client/chanel-fragrances-and-beauty,
chanel,Chanel Fragrances & Beauty,beauty,,advertising,2024-12,,,stylist,Imruh Asha,https://models.com/client/chanel-fragrances-and-beauty,
chanel,Chanel Fragrances & Beauty,beauty,,advertising,2024-12,,,hair,Joseph Pujalte,https://models.com/client/chanel-fragrances-and-beauty,
chanel,Chanel Fragrances & Beauty,beauty,,advertising,2024-12,,,makeup,Valentina Li,https://models.com/client/chanel-fragrances-and-beauty,
chanel,Chanel Fragrances & Beauty,beauty,,advertising,2024-12,,,set_design,Alexander Bock,https://models.com/client/chanel-fragrances-and-beauty,
chanel,Chanel Fragrances & Beauty,beauty,,advertising,2024-09,,,photographer,Inez and Vinoodh,https://models.com/client/chanel-fragrances-and-beauty,
chanel,Chanel Fragrances & Beauty,beauty,,advertising,2024-09,,,stylist,Heidi Bivens,https://models.com/client/chanel-fragrances-and-beauty,
chanel,Chanel Fragrances & Beauty,beauty,,advertising,2024-09,,,stylist,Leila Smara,https://models.com/client/chanel-fragrances-and-beauty,
chanel,Chanel Fragrances & Beauty,beauty,,advertising,2024-09,,,cinematography,Benoit Delhomme,https://models.com/client/chanel-fragrances-and-beauty,
chanel,Chanel Fragrances & Beauty,beauty,,advertising,2024-09,,,hair,Marc Orsatelli,https://models.com/client/chanel-fragrances-and-beauty,
chanel,Chanel Fragrances & Beauty,beauty,,advertising,2024-09,,,makeup,Ammy Drammeh,https://models.com/client/chanel-fragrances-and-beauty,
chanel,Chanel Fragrances & Beauty,beauty,,advertising,2024-09,,,makeup,Dick Page,https://models.com/client/chanel-fragrances-and-beauty,
dior,Dior,fashion,Fall 2025 campaign,advertising,,Maria Grazia Chiuri,source,photographer,Tim Walker,https://theimpression.com/?p=11687489,
dior,Dior,fashion,Fall 2025 campaign,advertising,,Maria Grazia Chiuri,source,director,Tim Walker,https://theimpression.com/?p=11687489,
dior,Dior,fashion,Dior Summer 2026 Campaign,advertising,2026-01,Jonathan Anderson,source,photographer,David Sims,https://models.com/work/dior-dior-summer-2026-campaign,
dior,Dior,fashion,Dior Summer 2026 Campaign,advertising,2026-01,Jonathan Anderson,source,director,David Sims,https://models.com/work/dior-dior-summer-2026-campaign,
dior,Dior,fashion,Dior Summer 2026 Campaign,advertising,2026-01,Jonathan Anderson,source,stylist,Benjamin Bruno,https://models.com/work/dior-dior-summer-2026-campaign,
dior,Dior,fashion,Dior Summer 2026 Campaign,advertising,2026-01,Jonathan Anderson,source,cinematography,Benoit Delhomme,https://models.com/work/dior-dior-summer-2026-campaign,
dior,Dior,fashion,Dior Summer 2026 Campaign,advertising,2026-01,Jonathan Anderson,source,hair,Guido Palau,https://models.com/work/dior-dior-summer-2026-campaign,
dior,Dior,fashion,Dior Summer 2026 Campaign,advertising,2026-01,Jonathan Anderson,source,makeup,Yadim,https://models.com/work/dior-dior-summer-2026-campaign,
dior,Dior,fashion,Dior Summer 2026 Campaign,advertising,2026-01,Jonathan Anderson,source,casting,Ashley Brokaw,https://models.com/work/dior-dior-summer-2026-campaign,
dior,Dior,fashion,Dior Summer 2026 Campaign,advertising,2026-01,Jonathan Anderson,source,set_design,Poppy Bartlett,https://models.com/work/dior-dior-summer-2026-campaign,
dior,Dior,fashion,Dior Winter 2026 Campaign,advertising,2026-07-23,Jonathan Anderson,source,photographer,David Sims,https://hd.models.com/work/dior-dior--winter-2026-campaign,
dior,Dior,fashion,Dior Winter 2026 Campaign,advertising,2026-07-23,Jonathan Anderson,source,stylist,Benjamin Bruno,https://hd.models.com/work/dior-dior--winter-2026-campaign,
dior,Dior,fashion,Dior Winter 2026 Campaign,advertising,2026-07-23,Jonathan Anderson,source,hair,Guido Palau,https://hd.models.com/work/dior-dior--winter-2026-campaign,
dior,Dior,fashion,Dior Winter 2026 Campaign,advertising,2026-07-23,Jonathan Anderson,source,makeup,Yadim,https://hd.models.com/work/dior-dior--winter-2026-campaign,
dior,Dior,fashion,Dior Winter 2026 Campaign,advertising,2026-07-23,Jonathan Anderson,source,casting,Ashley Brokaw,https://hd.models.com/work/dior-dior--winter-2026-campaign,
dior,Dior,fashion,Dior Winter 2026 Campaign,advertising,2026-07-23,Jonathan Anderson,source,set_design,Poppy Bartlett,https://hd.models.com/work/dior-dior--winter-2026-campaign,
dior,Dior Men,fashion,,advertising,2026-06,Jonathan Anderson,source,photographer,Theo Wenner,https://models.com/models/JW-Anderson,
dior,Dior Men,fashion,,advertising,2026-08,Jonathan Anderson,source,photographer,Theo Wenner,https://cftest.models.com/people/JW-Anderson,
dior,Dior Men,fashion,,advertising,2026-08,Jonathan Anderson,source,photographer,David Sims,https://models.com/models/JW-Anderson,
dior,Dior,fashion,,lookbook,2026-05,Jonathan Anderson,source,photographer,Grace Ahlbom,https://i.models.com/people/JW-Anderson,
dior,Dior,fashion,,lookbook,2026-08,Jonathan Anderson,source,photographer,Grace Ahlbom,https://cftest.models.com/people/JW-Anderson,
dior,Dior,fashion,,social,2026-05-13,Jonathan Anderson,source,director,Julian Klincewicz,https://models.com/people/JW-Anderson,a film
loewe,Loewe,fashion,Spring Summer 2025,advertising,2025-01,Jonathan Anderson,source,photographer,David Sims,https://www.adsoftheworld.com/campaigns/spring-summer-2025 | https://artplus.ph/features/loewe-ss25-campaign-connects-with-the-natural-world,"credits from Ads of the World, which lists February 2025; coverage is dated 16 January 2025"
loewe,Loewe,fashion,Spring Summer 2025,advertising,2025-01,Jonathan Anderson,source,director,David Sims,https://www.adsoftheworld.com/campaigns/spring-summer-2025 | https://artplus.ph/features/loewe-ss25-campaign-connects-with-the-natural-world,"credits from Ads of the World, which lists February 2025; coverage is dated 16 January 2025"
loewe,Loewe,fashion,Spring Summer 2025,advertising,2025-01,Jonathan Anderson,source,cinematography,Benoît Delhomme,https://www.adsoftheworld.com/campaigns/spring-summer-2025 | https://artplus.ph/features/loewe-ss25-campaign-connects-with-the-natural-world,"credits from Ads of the World, which lists February 2025; coverage is dated 16 January 2025"
loewe,Loewe,fashion,Spring Summer 2025,advertising,2025-01,Jonathan Anderson,source,set_design,Poppy Bartlett,https://www.adsoftheworld.com/campaigns/spring-summer-2025 | https://artplus.ph/features/loewe-ss25-campaign-connects-with-the-natural-world,"credits from Ads of the World, which lists February 2025; coverage is dated 16 January 2025"
loewe,Loewe,fashion,Spring Summer 2025,advertising,2025-01,Jonathan Anderson,source,stylist,Benjamin Bruno,https://www.adsoftheworld.com/campaigns/spring-summer-2025 | https://artplus.ph/features/loewe-ss25-campaign-connects-with-the-natural-world,"credits from Ads of the World, which lists February 2025; coverage is dated 16 January 2025"
loewe,Loewe,fashion,Spring Summer 2025,advertising,2025-01,Jonathan Anderson,source,hair,Duffy,https://www.adsoftheworld.com/campaigns/spring-summer-2025 | https://artplus.ph/features/loewe-ss25-campaign-connects-with-the-natural-world,"credits from Ads of the World, which lists February 2025; coverage is dated 16 January 2025"
loewe,Loewe,fashion,Spring Summer 2025,advertising,2025-01,Jonathan Anderson,source,makeup,Lucia Pieroni,https://www.adsoftheworld.com/campaigns/spring-summer-2025 | https://artplus.ph/features/loewe-ss25-campaign-connects-with-the-natural-world,"credits from Ads of the World, which lists February 2025; coverage is dated 16 January 2025"
loewe,Loewe,fashion,Spring 2026 teaser,advertising,,Jack McCollough and Lazaro Hernandez,source,photographer,Talia Chetrit,https://theimpression.com/loewe-spring-2025-ad-campaign-review-2/,"published before the 3 October 2025 debut, per the review"
loewe,Loewe,fashion,Pre-Spring 2026 accessories,advertising,,Jack McCollough and Lazaro Hernandez,source,photographer,Carlijn Jacobs,https://theimpression.com/loewe-pre-spring-2026-accessories-ad-campaign-review/,
loewe,Loewe,fashion,Pre-Spring 2026 accessories,advertising,,Jack McCollough and Lazaro Hernandez,source,set_design,Polly Philp,https://theimpression.com/loewe-pre-spring-2026-accessories-ad-campaign-review/,
loewe,Loewe,fashion,Loewe S/S 2026 Campaign,advertising,2026-02,Jack McCollough and Lazaro Hernandez,source,photographer,Talia Chetrit,https://models.com/work/loewe-loewe--ss-2026-campaign/2727601,
loewe,Loewe,fashion,Loewe S/S 2026 Campaign,advertising,2026-02,Jack McCollough and Lazaro Hernandez,source,art_direction,Carina Frey & Stefanie Barth,https://models.com/work/loewe-loewe--ss-2026-campaign/2727601,
loewe,Loewe,fashion,Loewe S/S 2026 Campaign,advertising,2026-02,Jack McCollough and Lazaro Hernandez,source,stylist,Jodie Barnes,https://models.com/work/loewe-loewe--ss-2026-campaign/2727601,
loewe,Loewe,fashion,Loewe S/S 2026 Campaign,advertising,2026-02,Jack McCollough and Lazaro Hernandez,source,hair,Holli Smith,https://models.com/work/loewe-loewe--ss-2026-campaign/2727601,
loewe,Loewe,fashion,Loewe S/S 2026 Campaign,advertising,2026-02,Jack McCollough and Lazaro Hernandez,source,makeup,Fara Homidi,https://models.com/work/loewe-loewe--ss-2026-campaign/2727601,
loewe,Loewe,fashion,Loewe S/S 2026 Campaign,advertising,2026-02,Jack McCollough and Lazaro Hernandez,source,casting,Ashley Brokaw,https://models.com/work/loewe-loewe--ss-2026-campaign/2727601,
loewe,Loewe,fashion,Loewe S/S 2026 Campaign,advertising,2026-02,Jack McCollough and Lazaro Hernandez,source,set_design,Valerie Weill,https://models.com/work/loewe-loewe--ss-2026-campaign/2727601,
loewe,Loewe,fashion,Pre-Fall 2026,advertising,,Jack McCollough and Lazaro Hernandez,source,photographer,Talia Chetrit,https://theimpression.com/loewe-pre-fall-2026-ad-campaign-review/,
loewe,Loewe,fashion,Pre-Fall 2026,advertising,,Jack McCollough and Lazaro Hernandez,source,art_direction,Carina Frey & Stefanie Barth,https://theimpression.com/loewe-pre-fall-2026-ad-campaign-review/,
loewe,Loewe,fashion,Fall 2026,advertising,,Jack McCollough and Lazaro Hernandez,source,photographer,Talia Chetrit,https://theimpression.com/?p=11986938,
bottega_veneta,Bottega Veneta,fashion,Summer 2024 campaign,advertising,,Matthieu Blazy,source,photographer,Alec Soth,https://www.vanityteen.com/?p=217753,
bottega_veneta,Bottega Veneta,fashion,Winter 2024 campaign,advertising,,Matthieu Blazy,source,photographer,Alec Soth,https://theimpression.com/bottega-veneta-winter-2024-ad-campaign-review/,
bottega_veneta,Bottega Veneta,fashion,Winter 2024 campaign,advertising,,Matthieu Blazy,source,director,Rahim Fortune,https://theimpression.com/bottega-veneta-winter-2024-ad-campaign-review/,
bottega_veneta,Bottega Veneta,fashion,Pre-Spring 2025 campaign,advertising,,Matthieu Blazy,source,photographer,Louise & Maria Thornfeldt,https://theimpression.com/?p=11496910,
bottega_veneta,Bottega Veneta,fashion,Spring 2025 campaign,advertising,,Matthieu Blazy,source,photographer,Sander Houthuys,https://theimpression.com/?p=11639379,
bottega_veneta,Bottega Veneta,fashion,,advertising,2026-01,Louise Trotter,source,photographer,Juergen Teller,https://models.com/people/louise-trotter,
bottega_veneta,Bottega Veneta,fashion,,advertising,2026-02,Louise Trotter,tenure,casting,Denise Hu,https://models.com/client/bottega-veneta,
bottega_veneta,Bottega Veneta,fashion,,advertising,2026-05,Louise Trotter,source,photographer,Chris Rhodes,https://models.com/people/louise-trotter,
bottega_veneta,Bottega Veneta,fashion,,advertising,2026-06,Louise Trotter,source,photographer,Drew Vickers,https://models.com/client/bottega-veneta | https://models.com/people/louise-trotter,
bottega_veneta,Bottega Veneta,fashion,,advertising,2026-06,Louise Trotter,source,director,Stephen Kidd,https://models.com/client/bottega-veneta | https://models.com/people/louise-trotter,
bottega_veneta,Bottega Veneta,fashion,,advertising,2026-06,Louise Trotter,source,hair,Shiori Takahashi,https://models.com/client/bottega-veneta | https://models.com/people/louise-trotter,
bottega_veneta,Bottega Veneta,fashion,,advertising,2026-06,Louise Trotter,source,makeup,Laura Dominique,https://models.com/client/bottega-veneta | https://models.com/people/louise-trotter,
bottega_veneta,Bottega Veneta,fashion,,advertising,2026-06,Louise Trotter,source,casting,Anita Bitton,https://models.com/client/bottega-veneta | https://models.com/people/louise-trotter,
bottega_veneta,Bottega Veneta,fashion,,advertising,2026-06,Louise Trotter,source,set_design,Giovanna Martial,https://models.com/client/bottega-veneta | https://models.com/people/louise-trotter,
bottega_veneta,Bottega Veneta,fashion,,lookbook,2026-05,Louise Trotter,tenure,stylist,Katie Shaw,https://models.com/client/bottega-veneta,
bottega_veneta,Bottega Veneta,fashion,,lookbook,2026-05,Louise Trotter,tenure,casting,Anita Bitton,https://models.com/client/bottega-veneta,
bottega_veneta,Bottega Veneta,fashion,,lookbook,2026-06,Louise Trotter,source,photographer,James Ari King,https://models.com/people/louise-trotter,
celine,Celine,fashion,Spring 2025 campaign,advertising,,Hedi Slimane,source,photographer,Hedi Slimane,https://www.thefashionspot.com/?p=892854,Slimane's last Celine campaign
celine,Celine,fashion,'Hiver' 2026,advertising,,Michael Rider,source,photographer,Zoë Ghertner,https://theimpression.com/celine-hiver-2026-ad-campaign-review/,
celine,Celine,fashion,'Hiver' 2026,advertising,,Michael Rider,source,art_direction,Charles Levai,https://theimpression.com/celine-hiver-2026-ad-campaign-review/,
celine,Celine,fashion,'Hiver' 2026,advertising,,Michael Rider,source,art_direction,Kevin Tekinel,https://theimpression.com/celine-hiver-2026-ad-campaign-review/,
celine,Celine,fashion,'Hiver' 2026,advertising,,Michael Rider,source,director,Massimiliano Bomba,https://theimpression.com/celine-hiver-2026-ad-campaign-review/,
fendi,Fendi,fashion,centenary campaign,advertising,2025-07,Silvia Venturini Fendi,tenure,photographer,Steven Meisel,https://thefashionography.com/tag/fendi/,"she held the creative director role until September 2025, per the same source"
fendi,Fendi,fashion,Fall/Winter 2026,advertising,2026-07,Maria Grazia Chiuri,source,photographer,Jo Ann Callis,https://theimpression.com/fendi-fall-2027-ad-campaign-review/ | https://hypebae.com/th/2026/7/fendi-fw26-campaign-maria-grazia-chiuri-jo-ann-callis-photography | https://exposureny.com/news/arianne-phillips-and-jo-ann-callis-for-fendi/,the review's address says Fall 2027; its text and other coverage say Fall/Winter 2026
fendi,Fendi,fashion,Fall/Winter 2026,advertising,2026-07,Maria Grazia Chiuri,source,stylist,Arianne Phillips,https://theimpression.com/fendi-fall-2027-ad-campaign-review/ | https://hypebae.com/th/2026/7/fendi-fw26-campaign-maria-grazia-chiuri-jo-ann-callis-photography | https://exposureny.com/news/arianne-phillips-and-jo-ann-callis-for-fendi/,the review's address says Fall 2027; its text and other coverage say Fall/Winter 2026
jil_sander,Jil Sander,fashion,Spring 2026,advertising,2026-02,Simone Bellotti,source,photographer,Stef Mitchell,https://theimpression.com/jil-sander-spring-2026-ad-campaign-review/ | https://fashionunited.uk/press/fashion/jil-sander-unveils-its-spring-summer-2026-adv-campaign/2026020986192,
jil_sander,Jil Sander,fashion,Fall 2026,advertising,,Simone Bellotti,source,photographer,Moni Haworth,https://theimpression.com/jil-sander-fall-2026-ad-campaign-review/,
jil_sander,Jil Sander,fashion,Fall 2026,advertising,,Simone Bellotti,source,director,Moni Haworth,https://theimpression.com/jil-sander-fall-2026-ad-campaign-review/,
jil_sander,Jil Sander,fashion,Fall 2026,advertising,,Simone Bellotti,source,art_direction,Carina Frey & Stefanie Barth,https://theimpression.com/jil-sander-fall-2026-ad-campaign-review/,
margiela,Maison Margiela,fashion,Artisanal 2025,advertising,,Glenn Martens,source,photographer,Arnaud Lajeunie,https://theimpression.com/maison-margiela-artisanal-2025-ad-campaign-review/,
margiela,Maison Margiela,fashion,Artisanal 2025,advertising,,Glenn Martens,source,stylist,Olivier Rizzo,https://theimpression.com/maison-margiela-artisanal-2025-ad-campaign-review/,
margiela,Maison Margiela,fashion,Fall 2025,advertising,,Glenn Martens,source,photographer,Paolo Roversi,https://theimpression.com/maison-margiela-fall-2025-ad-campaign-review/,
saint_laurent,Saint Laurent,fashion,Spring 1 2025,advertising,,Anthony Vaccarello,source,photographer,David Sims,https://theimpression.com/saint-laurent-spring-1-2025-ad-campaign-review/,
saint_laurent,Saint Laurent,fashion,'An Ordinary Day' Pre-Fall 2025,advertising,,Anthony Vaccarello,source,photographer,Martin Parr,https://www.theimpression.com/saint-laurent-an-ordinary-day-2025-ad-campaign-review/,also credited as creative director
saint_laurent,Saint Laurent,fashion,Summer 2025,advertising,,Anthony Vaccarello,source,photographer,Mark Kean,https://theimpression.com/saint-laurent-summer-2025-ad-campaign-review-2/,
saint_laurent,Saint Laurent,fashion,Summer 2025,advertising,,Anthony Vaccarello,source,hair,Duffy,https://theimpression.com/saint-laurent-summer-2025-ad-campaign-review-2/,
saint_laurent,Saint Laurent,fashion,Summer 2025,advertising,,Anthony Vaccarello,source,makeup,Pat McGrath,https://theimpression.com/saint-laurent-summer-2025-ad-campaign-review-2/,
saint_laurent,Saint Laurent,fashion,'Shades of Summer' 2025,advertising,,Anthony Vaccarello,source,photographer,Henrik Purienne,https://theimpression.com/?p=11692673,
saint_laurent,Saint Laurent,fashion,'Shades of Summer' 2025,advertising,,Anthony Vaccarello,source,director,Henrik Purienne,https://theimpression.com/?p=11692673,
saint_laurent,Saint Laurent,fashion,Fall 2025,advertising,,Anthony Vaccarello,source,photographer,Gray Sorrenti,https://theimpression.com/?p=11708667,
saint_laurent,Saint Laurent,fashion,Men's Winter 2025,advertising,,Anthony Vaccarello,source,photographer,Glen Luchford,https://theimpression.com/saint-laurent-mens-winter-2025-ad-campaign-review-2/,
saint_laurent,Saint Laurent,fashion,Fall 2026,advertising,,Anthony Vaccarello,source,photographer,Talia Chetrit,https://theimpression.com/saint-laurent-fall-2026-ad-campaign-review/,
prada,Prada,fashion,Spring 2025 (women),advertising,,Miuccia Prada and Raf Simons,source,photographer,Steven Meisel,https://theimpression.com/prada-spring-2025-ad-campaign-review/,
prada,Prada,fashion,Spring 2025 (women),advertising,,Miuccia Prada and Raf Simons,source,art_direction,Ferdinando Verderi,https://theimpression.com/prada-spring-2025-ad-campaign-review/,
prada,Prada,fashion,Spring 2025 (men),advertising,,Miuccia Prada and Raf Simons,source,photographer,Steven Meisel,https://theimpression.com/?p=11514166,
prada,Prada,fashion,Spring 2025 (men),advertising,,Miuccia Prada and Raf Simons,source,art_direction,Ferdinando Verderi,https://theimpression.com/?p=11514166,
prada,Prada,fashion,'Days of Summer' 2025,advertising,,Miuccia Prada and Raf Simons,source,photographer,Oliver Hadlee Pearch,https://theimpression.com/prada-summer-2025-ad-campaign-review/,
prada,Prada,fashion,'Days of Summer' 2025,advertising,,Miuccia Prada and Raf Simons,source,art_direction,Ferdinando Verderi,https://theimpression.com/prada-summer-2025-ad-campaign-review/,
prada,Prada,fashion,Fall 2025,advertising,,Miuccia Prada and Raf Simons,source,photographer,Oliver Hadlee Pearch,https://theimpression.com/prada-fall-2025-ad-campaign-review/,
prada,Prada,fashion,Fall 2025,advertising,,Miuccia Prada and Raf Simons,source,art_direction,Ferdinando Verderi,https://theimpression.com/prada-fall-2025-ad-campaign-review/,
prada,Prada,fashion,Fine Jewelry 'Couleur Vivante' 2025,advertising,,Miuccia Prada and Raf Simons,source,photographer,David Sims,https://theimpression.com/prada-fine-jewelry-2025-ad-campaign-review/,fine jewellery
prada,Prada,fashion,Fine Jewelry 'Couleur Vivante' 2025,advertising,,Miuccia Prada and Raf Simons,source,art_direction,Ferdinando Verderi,https://theimpression.com/prada-fine-jewelry-2025-ad-campaign-review/,fine jewellery
prada,Prada,fashion,Spring 2026,advertising,,Miuccia Prada and Raf Simons,source,photographer,Anne Collier,https://theimpression.com/prada-spring-2026-ad-campaign-review/,Oliver Hadlee Pearch's images appear held within Anne Collier's photographs
prada,Prada,fashion,Spring 2026,advertising,,Miuccia Prada and Raf Simons,source,photographer,Oliver Hadlee Pearch,https://theimpression.com/prada-spring-2026-ad-campaign-review/,Oliver Hadlee Pearch's images appear held within Anne Collier's photographs
prada,Prada,fashion,Spring 2026,advertising,,Miuccia Prada and Raf Simons,source,art_direction,Ferdinando Verderi,https://theimpression.com/prada-spring-2026-ad-campaign-review/,Oliver Hadlee Pearch's images appear held within Anne Collier's photographs
prada,Prada,fashion,"'I, I, I, I AM... PRADA' Spring 2026",advertising,,Miuccia Prada and Raf Simons,source,photographer,Oliver Hadlee Pearch,https://theimpression.com/prada-i-i-i-i-am-prada-spring-2026-ad-campaign-review/,reworked by the artist Jordan Wolfson; may overlap the Spring 2026 row
louis_vuitton,Louis Vuitton,fashion,Spring 2021,advertising,,Nicolas Ghesquière,source,photographer,Nicolas Ghesquière,https://theimpression.com/?p=10431331,
louis_vuitton,Louis Vuitton,fashion,Fall 2021,advertising,,Nicolas Ghesquière,source,photographer,David Sims,https://theimpression.com/louis-vuitton-fall-2021-ad-campaign/,
louis_vuitton,Louis Vuitton,fashion,Fall 2021,advertising,,Nicolas Ghesquière,source,casting,Ashley Brokaw,https://theimpression.com/louis-vuitton-fall-2021-ad-campaign/,
louis_vuitton,Louis Vuitton,fashion,Fall 2022,advertising,,Nicolas Ghesquière,source,photographer,David Sims,https://theimpression.com/?p=10764203,
louis_vuitton,Louis Vuitton,fashion,Fall 2022,advertising,,Nicolas Ghesquière,source,stylist,Marie-Amélie Sauvé,https://theimpression.com/?p=10764203,
louis_vuitton,Louis Vuitton,fashion,Spring 2023,advertising,,Nicolas Ghesquière,source,photographer,David Sims,https://theimpression.com/louis-vuitton-spring-2023-ad-campaign-review/,
louis_vuitton,Louis Vuitton,fashion,Spring 2023,advertising,,Nicolas Ghesquière,source,art_direction,Edward Quarmby,https://theimpression.com/louis-vuitton-spring-2023-ad-campaign-review/,
louis_vuitton,Louis Vuitton,fashion,Fall 2023,advertising,,Nicolas Ghesquière,source,photographer,David Sims,https://theimpression.com/louis-vuitton-fall-2023-ad-campaign-review/,
louis_vuitton,Louis Vuitton,fashion,Fall 2023,advertising,,Nicolas Ghesquière,source,stylist,Marie-Amélie Sauvé,https://theimpression.com/louis-vuitton-fall-2023-ad-campaign-review/,
louis_vuitton,Louis Vuitton,fashion,Fall 2023,advertising,,Nicolas Ghesquière,source,hair,Duffy,https://theimpression.com/louis-vuitton-fall-2023-ad-campaign-review/,
louis_vuitton,Louis Vuitton,fashion,Spring 2024,advertising,,Nicolas Ghesquière,source,photographer,Tim El Kaïm,https://theimpression.com/louis-vuitton-spring-2024-ad-campaign-review-2-2/,
louis_vuitton,Louis Vuitton,fashion,Spring 2024,advertising,,Nicolas Ghesquière,source,stylist,Marie-Amélie Sauvé,https://theimpression.com/louis-vuitton-spring-2024-ad-campaign-review-2-2/,
louis_vuitton,Louis Vuitton,fashion,Spring 2024,advertising,,Nicolas Ghesquière,source,hair,Alexander Soltermann,https://theimpression.com/louis-vuitton-spring-2024-ad-campaign-review-2-2/,
louis_vuitton,Louis Vuitton,fashion,Spring 2024,advertising,,Nicolas Ghesquière,source,makeup,Aya Murai,https://theimpression.com/louis-vuitton-spring-2024-ad-campaign-review-2-2/,
louis_vuitton,Louis Vuitton,fashion,Spring 2025,advertising,,Nicolas Ghesquière,source,photographer,Steven Meisel,https://theimpression.com/louis-vuitton-spring-2025-ad-campaign-review/,
louis_vuitton,Louis Vuitton,fashion,Leather Goods 2025,advertising,,Nicolas Ghesquière,source,photographer,Ethan James Green,https://theimpression.com/louis-vuitton-fall-2025-ad-campaign-review/,bags from the Fall/Winter 2025 collection
miu_miu,Miu Miu,fashion,Prelude 2025,advertising,,Miuccia Prada,source,photographer,Alessio Bolzoni,https://theimpression.com/miu-miu-prelude-2025-ad-campaign-review/,
miu_miu,Miu Miu,fashion,Prelude 2025,advertising,,Miuccia Prada,source,art_direction,Edward Quarmby,https://theimpression.com/miu-miu-prelude-2025-ad-campaign-review/,
miu_miu,Miu Miu,fashion,Prelude 2025,advertising,,Miuccia Prada,source,stylist,Lotta Volkova,https://theimpression.com/miu-miu-prelude-2025-ad-campaign-review/,
miu_miu,Miu Miu,fashion,Spring 2025,advertising,,Miuccia Prada,source,photographer,Lengua,https://theimpression.com/?p=11547820,
miu_miu,Miu Miu,fashion,Spring 2025,advertising,,Miuccia Prada,source,director,Lengua,https://theimpression.com/?p=11547820,
miu_miu,Miu Miu,fashion,Spring 2025,advertising,,Miuccia Prada,source,art_direction,Edward Quarmby,https://theimpression.com/?p=11547820,
miu_miu,Miu Miu,fashion,Leathergoods 2025,advertising,,Miuccia Prada,source,photographer,Steven Meisel,https://theimpression.com/?p=11640895,
miu_miu,Miu Miu,fashion,Leathergoods 2025,advertising,,Miuccia Prada,source,art_direction,Edward Quarmby,https://theimpression.com/?p=11640895,
miu_miu,Miu Miu,fashion,Leathergoods 2025,advertising,,Miuccia Prada,source,stylist,Lotta Volkova,https://theimpression.com/?p=11640895,
miu_miu,Miu Miu,fashion,Fall 2025,advertising,,Miuccia Prada,source,photographer,Lengua,https://theimpression.com/miu-miu-fall-2025-ad-campaign-review/,
miu_miu,Miu Miu,fashion,Fall 2025,advertising,,Miuccia Prada,source,stylist,Lotta Volkova,https://theimpression.com/miu-miu-fall-2025-ad-campaign-review/,
miu_miu,Miu Miu,fashion,Spring 2026,advertising,,Miuccia Prada,source,photographer,Jamie Hawkesworth,https://theimpression.com/miu-miu-spring-2026-ad-campaign-review/,
miu_miu,Miu Miu,fashion,Spring 2026,advertising,,Miuccia Prada,source,art_direction,Christopher Simmonds,https://theimpression.com/miu-miu-spring-2026-ad-campaign-review/,
miu_miu,Miu Miu,fashion,Spring 2026,advertising,,Miuccia Prada,source,director,Jordan Hemingway,https://theimpression.com/miu-miu-spring-2026-ad-campaign-review/,
miu_miu,Miu Miu,fashion,'L'Eté' 2026,advertising,,Miuccia Prada,source,photographer,Jeano Edwards,https://theimpression.com/miu-miu-lete-2026-ad-campaign-review/,
miu_miu,Miu Miu,fashion,Fall 2026,advertising,,Miuccia Prada,source,photographer,Zoë Ghertner,https://theimpression.com/miu-miu-fall-2026-ad-campaign-review/,
miu_miu,Miu Miu,fashion,Fall 2026,advertising,,Miuccia Prada,source,art_direction,Christopher Simmonds,https://theimpression.com/miu-miu-fall-2026-ad-campaign-review/,
miu_miu,Miu Miu,fashion,Fall 2026,advertising,,Miuccia Prada,source,director,Renell Medrano,https://theimpression.com/miu-miu-fall-2026-ad-campaign-review/,
burberry,Burberry,fashion,'London in Love' 2025,advertising,,Daniel Lee,source,photographer,Drew Vickers,https://theimpression.com/burberry-its-always-burberry-weather-london-in-love-2025-ad-campaign-review/,
burberry,Burberry,fashion,'London in Love' 2025,advertising,,Daniel Lee,source,videographer,Benoît Delhomme,https://theimpression.com/burberry-its-always-burberry-weather-london-in-love-2025-ad-campaign-review/,
burberry,Burberry,fashion,Fall 2025,advertising,,Daniel Lee,source,photographer,Sam Rock,https://theimpression.com/burberry-fall-2025-ad-campaign-review/,
burberry,Burberry,fashion,Fall 2025,advertising,,Daniel Lee,source,art_direction,Lane & Associates,https://theimpression.com/burberry-fall-2025-ad-campaign-review/,
burberry,Burberry,fashion,'Back to the City' (Autumn 2025),advertising,,Daniel Lee,source,photographer,Angelo Pennetta,https://theimpression.com/burberry-back-to-the-city-ad-campaign-review/,
burberry,Burberry,fashion,'Back to the City' (Autumn 2025),advertising,,Daniel Lee,source,videographer,Angelo Pennetta,https://theimpression.com/burberry-back-to-the-city-ad-campaign-review/,
burberry,Burberry,fashion,'Back to the City' (Autumn 2025),advertising,,Daniel Lee,source,cinematography,Errol Rainey,https://theimpression.com/burberry-back-to-the-city-ad-campaign-review/,
burberry,Burberry,fashion,'High Summer' 2026,advertising,,Daniel Lee,source,photographer,Ryan McGinley,https://theimpression.com/burberry-high-summer-2026-ad-campaign-review/,
burberry,Burberry,fashion,'High Summer' 2026,advertising,,Daniel Lee,source,director,Francis Plummer,https://theimpression.com/burberry-high-summer-2026-ad-campaign-review/,
burberry,Burberry,fashion,Fall 2026,advertising,,Daniel Lee,source,photographer,Mario Sorrenti,https://theimpression.com/burberry-fall-2026-ad-campaign-review/,
burberry,Burberry,fashion,Fall 2026,advertising,,Daniel Lee,source,videographer,Elliott Power,https://theimpression.com/burberry-fall-2026-ad-campaign-review/,
burberry,Burberry,fashion,Winter 2026,advertising,,Daniel Lee,source,photographer,Glen Luchford,https://theimpression.com/burberry-winter-2026-ad-campaign-review/,
burberry,Burberry,fashion,Winter 2026,advertising,,Daniel Lee,source,art_direction,Lane & Associates,https://theimpression.com/burberry-winter-2026-ad-campaign-review/,
valentino,Valentino,fashion,'Pavillon des Folies' Spring 2025,advertising,,Alessandro Michele,source,photographer,Glen Luchford,https://theimpression.com/?p=11574953,
valentino,Valentino,fashion,'Pavillon des Folies' Spring 2025,advertising,,Alessandro Michele,source,director,Glen Luchford,https://theimpression.com/?p=11574953,
valentino,Valentino,fashion,'Pavillon des Folies' Spring 2025,advertising,,Alessandro Michele,source,art_direction,Christopher Simmonds,https://theimpression.com/?p=11574953,
valentino,Valentino,fashion,'Pavillon des Folies' Spring 2025,advertising,,Alessandro Michele,source,stylist,Jonathan Kaye,https://theimpression.com/?p=11574953,
valentino,Valentino,fashion,Nellcôte Bag 2025,advertising,,Alessandro Michele,source,photographer,Julie Greve,https://theimpression.com/valentino-nellcote-bag-2025-ad-campaign-review/,
valentino,Valentino,fashion,Fall 2025,advertising,,Alessandro Michele,source,photographer,Glen Luchford,https://theimpression.com/valentino-fall-2025-ad-campaign-review/,
valentino,Valentino,fashion,Fall 2025,advertising,,Alessandro Michele,source,art_direction,Christopher Simmonds,https://theimpression.com/valentino-fall-2025-ad-campaign-review/,
valentino,Valentino,fashion,Fall 2025,advertising,,Alessandro Michele,source,stylist,Jonathan Kaye,https://theimpression.com/valentino-fall-2025-ad-campaign-review/,
valentino,Valentino,fashion,'Fireflies' Spring 2026,advertising,,Alessandro Michele,source,photographer,Willy Vanderperre,https://theimpression.com/valentino-fireflies-spring-2026-ad-campaign-review/,
valentino,Valentino,fashion,Pre-Fall 2026,advertising,,Alessandro Michele,source,photographer,Johnny Dufort,https://theimpression.com/valentino-pre-fall-2026-ad-campaign-review/,
valentino,Valentino,fashion,'Interferenze' Fall 2026,advertising,,Alessandro Michele,source,photographer,Glen Luchford,https://theimpression.com/valentino-interferenze-fall-2026-ad-campaign-review/,
valentino,Valentino,fashion,'Interferenze' Fall 2026,advertising,,Alessandro Michele,source,director,Glen Luchford,https://theimpression.com/valentino-interferenze-fall-2026-ad-campaign-review/,
valentino,Valentino,fashion,'Interferenze' Fall 2026,advertising,,Alessandro Michele,source,art_direction,Ezra Petronio,https://theimpression.com/valentino-interferenze-fall-2026-ad-campaign-review/,
valentino,Valentino,fashion,'Interferenze' Fall 2026,advertising,,Alessandro Michele,source,art_direction,Lana Petrusevych,https://theimpression.com/valentino-interferenze-fall-2026-ad-campaign-review/,
hermes,Hermès,fashion,'The Endless Line' Spring 2025,advertising,,,,photographer,Nathaniel Goldberg,https://theimpression.com/?p=11584214,
hermes,Hermès,fashion,'The Endless Line' Spring 2025,advertising,,,,art_direction,Fabien Mouillard,https://theimpression.com/?p=11584214,
hermes,Hermès,fashion,HERMES SUMMER 2025 CAMPAIGN,advertising,2025-07,,,photographer,David Luraschi,https://models.com/work/herms-hermes-summer-campaign | https://theimpression.com/?p=11702280,
hermes,Hermès,fashion,HERMES SUMMER 2025 CAMPAIGN,advertising,2025-07,,,stylist,Celia Moutawahid,https://models.com/work/herms-hermes-summer-campaign | https://theimpression.com/?p=11702280,
hermes,Hermès,fashion,HERMES SUMMER 2025 CAMPAIGN,advertising,2025-07,,,hair,Laurent Philippon,https://models.com/work/herms-hermes-summer-campaign | https://theimpression.com/?p=11702280,
hermes,Hermès,fashion,HERMES SUMMER 2025 CAMPAIGN,advertising,2025-07,,,makeup,Aurore Gibrien,https://models.com/work/herms-hermes-summer-campaign | https://theimpression.com/?p=11702280,
hermes,Hermès,fashion,HERMES SUMMER 2025 CAMPAIGN,advertising,2025-07,,,set_design,Camille Lichtenstern,https://models.com/work/herms-hermes-summer-campaign | https://theimpression.com/?p=11702280,
hermes,Hermès,fashion,Hermès F/W 2025 Campaign,advertising,2025-09,Nadège Vanhee-Cybulski and Véronique Nichanian,source,photographer,Justine Kurland,https://models.com/work/herms-herms--fw-2025-campaign,
hermes,Hermès,fashion,Hermès F/W 2025 Campaign,advertising,2025-09,Nadège Vanhee-Cybulski and Véronique Nichanian,source,art_direction,Fabien Mouillard,https://models.com/work/herms-herms--fw-2025-campaign,
hermes,Hermès,fashion,Hermès F/W 2025 Campaign,advertising,2025-09,Nadège Vanhee-Cybulski and Véronique Nichanian,source,art_direction,Klervia Gabaud,https://models.com/work/herms-herms--fw-2025-campaign,
hermes,Hermès,fashion,Hermès F/W 2025 Campaign,advertising,2025-09,Nadège Vanhee-Cybulski and Véronique Nichanian,source,stylist,Elodie David Touboul,https://models.com/work/herms-herms--fw-2025-campaign,
hermes,Hermès,fashion,Hermès F/W 2025 Campaign,advertising,2025-09,Nadège Vanhee-Cybulski and Véronique Nichanian,source,stylist,Pauline Charriere,https://models.com/work/herms-herms--fw-2025-campaign,
hermes,Hermès,fashion,Hermès F/W 2025 Campaign,advertising,2025-09,Nadège Vanhee-Cybulski and Véronique Nichanian,source,hair,Stephane Lancien,https://models.com/work/herms-herms--fw-2025-campaign,
hermes,Hermès,fashion,Hermès F/W 2025 Campaign,advertising,2025-09,Nadège Vanhee-Cybulski and Véronique Nichanian,source,makeup,Christine Corbel,https://models.com/work/herms-herms--fw-2025-campaign,
hermes,Hermès,fashion,'Crossing Horizons' Spring Summer 2026,advertising,2026-02,,,photographer,Mikael Jansson,https://models.com/work/herms-hermes-spring-summer-2026-campaign | https://theimpression.com/hermes-spring-2026-ad-campaign-review/,
hermes,Hermès,fashion,'Crossing Horizons' Spring Summer 2026,advertising,2026-02,,,art_direction,Fabien Mouillard,https://models.com/work/herms-hermes-spring-summer-2026-campaign | https://theimpression.com/hermes-spring-2026-ad-campaign-review/,
hermes,Hermès,fashion,'Crossing Horizons' Spring Summer 2026,advertising,2026-02,,,stylist,Elodie David Touboul,https://models.com/work/herms-hermes-spring-summer-2026-campaign | https://theimpression.com/hermes-spring-2026-ad-campaign-review/,
hermes,Hermès,fashion,'Crossing Horizons' Spring Summer 2026,advertising,2026-02,,,hair,Laurent Philippon,https://models.com/work/herms-hermes-spring-summer-2026-campaign | https://theimpression.com/hermes-spring-2026-ad-campaign-review/,
hermes,Hermès,fashion,'Crossing Horizons' Spring Summer 2026,advertising,2026-02,,,makeup,Karin Westerlund,https://models.com/work/herms-hermes-spring-summer-2026-campaign | https://theimpression.com/hermes-spring-2026-ad-campaign-review/,
hermes,Hermès,fashion,,advertising,2026-03,,,photographer,Misha Taylor,https://models.com/people/vincent-and-yasmine,
hermes,Hermès,fashion,,advertising,2026-03,,,casting,Vincent & Yasmine,https://models.com/people/vincent-and-yasmine,
hermes,Hermès,fashion,,advertising,2026-05,,,photographer,Agnes Lloyd-Platt,https://models.com/people/vincent-and-yasmine,
hermes,Hermès,fashion,,advertising,2026-05,,,casting,Vincent & Yasmine,https://models.com/people/vincent-and-yasmine,
loro_piana,Loro Piana,fashion,Spring 2025,advertising,,,,photographer,Mario Sorrenti,https://theimpression.com/?p=11516545,creative direction credited to Atelier Franck Durand
loro_piana,Loro Piana,fashion,Spring 2025,advertising,,,,art_direction,Franck Durand,https://theimpression.com/?p=11516545,creative direction credited to Atelier Franck Durand
loro_piana,Loro Piana,fashion,Spring 2025,advertising,,,,stylist,Aleksandra Woroniecka,https://theimpression.com/?p=11516545,creative direction credited to Atelier Franck Durand
loro_piana,Loro Piana,fashion,Spring 2025,advertising,,,,videographer,Luca Werner,https://theimpression.com/?p=11516545,creative direction credited to Atelier Franck Durand
loro_piana,Loro Piana,fashion,Spring 2025,advertising,,,,hair,Damien Boissinot,https://theimpression.com/?p=11516545,creative direction credited to Atelier Franck Durand
loro_piana,Loro Piana,fashion,Spring 2025,advertising,,,,makeup,Aaron De Mey,https://theimpression.com/?p=11516545,creative direction credited to Atelier Franck Durand
loro_piana,Loro Piana,fashion,Fall/Winter 2025-2026,advertising,,,,photographer,Mario Sorrenti,https://metalmagazine.eu/en/post/loro-piana-fw-2025-2026-campaign-a-portrait-in-ease | https://buro247.me/?p=99061,
loro_piana,Loro Piana,fashion,Spring 2026,advertising,,,,photographer,Mario Sorrenti,https://theimpression.com/loro-piana-spring-2026-ad-campaign-review/,creative direction credited to Atelier Franck Durand
loro_piana,Loro Piana,fashion,Spring 2026,advertising,,,,art_direction,Franck Durand,https://theimpression.com/loro-piana-spring-2026-ad-campaign-review/,creative direction credited to Atelier Franck Durand
loro_piana,Loro Piana,fashion,Spring 2026,advertising,,,,stylist,Aleksandra Woroniecka,https://theimpression.com/loro-piana-spring-2026-ad-campaign-review/,creative direction credited to Atelier Franck Durand
loro_piana,Loro Piana,fashion,Fall 2026,advertising,2026-07,,,photographer,Mario Sorrenti,https://theimpression.com/loro-piana-fall-2026-ad-campaign-review/ | https://models.com/models/sigrid-de-lepine,
loro_piana,Loro Piana,fashion,Fall 2026,advertising,2026-07,,,art_direction,Franck Durand,https://theimpression.com/loro-piana-fall-2026-ad-campaign-review/ | https://models.com/models/sigrid-de-lepine,
loro_piana,Loro Piana,fashion,'Back to School' Fall 2026,advertising,,,,photographer,Sam Rock,https://theimpression.com/loro-piana-fall-2026-back-to-school-campaign/,
jil_sander,Jil Sander,fashion,Spring 2024,advertising,2024-03-08,Lucie and Luke Meier,source,photographer,Jack Davison,https://theimpression.com/?p=11317990 | https://www2.tag-walk.com/en/news/jil-sander-spring-summer-2024-advertising-campaign,
jil_sander,Jil Sander,fashion,Spring 2024,advertising,2024-03-08,Lucie and Luke Meier,source,art_direction,Heiko Keinath,https://theimpression.com/?p=11317990 | https://www2.tag-walk.com/en/news/jil-sander-spring-summer-2024-advertising-campaign,
jil_sander,Jil Sander+,fashion,Jil Sander+ Spring 2024,advertising,,Lucie and Luke Meier,source,photographer,Nikki McClarron,https://theimpression.com/?p=11388603,
jil_sander,Jil Sander+,fashion,Jil Sander+ Spring 2024,advertising,,Lucie and Luke Meier,source,art_direction,Heiko Keinath,https://theimpression.com/?p=11388603,
jil_sander,Jil Sander+,fashion,Jil Sander+ Spring 2024,advertising,,Lucie and Luke Meier,source,director,Stephen Kidd,https://theimpression.com/?p=11388603,
jil_sander,Jil Sander+,fashion,Jil Sander+ Spring 2024,advertising,,Lucie and Luke Meier,source,stylist,Malina Joseph Gilchrist,https://theimpression.com/?p=11388603,
jil_sander,Jil Sander+,fashion,Jil Sander+ Spring 2024,advertising,,Lucie and Luke Meier,source,hair,Daniela Magginetti,https://theimpression.com/?p=11388603,
jil_sander,Jil Sander+,fashion,Jil Sander+ Spring 2024,advertising,,Lucie and Luke Meier,source,makeup,Michiko Ikeda,https://theimpression.com/?p=11388603,
jil_sander,Jil Sander+,fashion,Jil Sander+ Spring 2024,advertising,,Lucie and Luke Meier,source,casting,Julia Lange,https://theimpression.com/?p=11388603,
jil_sander,Jil Sander,fashion,Fall 2024,advertising,,Lucie and Luke Meier,source,photographer,David Sims,https://theimpression.com/jil-sander-fall-2024-ad-campaign-review/,
jil_sander,Jil Sander,fashion,Fall 2024,advertising,,Lucie and Luke Meier,source,art_direction,Heiko Keinath,https://theimpression.com/jil-sander-fall-2024-ad-campaign-review/,
jil_sander,Jil Sander+,fashion,Jil Sander+ Fall 2024,advertising,,Lucie and Luke Meier,source,photographer,Nikki McClarron,https://theimpression.com/?p=11496821,
jil_sander,Jil Sander+,fashion,Jil Sander+ Fall 2024,advertising,,Lucie and Luke Meier,source,art_direction,Heiko Keinath,https://theimpression.com/?p=11496821,
jil_sander,Jil Sander+,fashion,Jil Sander+ Fall 2024,advertising,,Lucie and Luke Meier,source,videographer,Stephen Kidd,https://theimpression.com/?p=11496821,
jil_sander,Jil Sander+,fashion,Jil Sander+ Fall 2024,advertising,,Lucie and Luke Meier,source,hair,Daniela Magginetti,https://theimpression.com/?p=11496821,
jil_sander,Jil Sander+,fashion,Jil Sander+ Fall 2024,advertising,,Lucie and Luke Meier,source,makeup,Michiko Ikeda,https://theimpression.com/?p=11496821,
jil_sander,Jil Sander+,fashion,Jil Sander+ Fall 2024,advertising,,Lucie and Luke Meier,source,casting,Julia Lange,https://theimpression.com/?p=11496821,
jil_sander,Jil Sander,fashion,Holiday 2024,advertising,,Lucie and Luke Meier,source,photographer,Joaquin Laguinge,https://theimpression.com/?p=11500107,still life
jil_sander,Jil Sander,fashion,Jil Sander S/S 2025 Campaign,advertising,2025-03,Lucie and Luke Meier,source,photographer,Mario Sorrenti,https://cdnorigin.models.com/work/jil-sander-jil-sander-ss-2025-campaign | https://theimpression.com/jil-sander-spring-2025-ad-campaign-review/,casting credited to Mathilde Curel by models.com and to Julia Lange by the review
jil_sander,Jil Sander,fashion,Jil Sander S/S 2025 Campaign,advertising,2025-03,Lucie and Luke Meier,source,art_direction,Heiko Keinath,https://cdnorigin.models.com/work/jil-sander-jil-sander-ss-2025-campaign | https://theimpression.com/jil-sander-spring-2025-ad-campaign-review/,casting credited to Mathilde Curel by models.com and to Julia Lange by the review
jil_sander,Jil Sander,fashion,Jil Sander S/S 2025 Campaign,advertising,2025-03,Lucie and Luke Meier,source,stylist,Poppy Kain,https://cdnorigin.models.com/work/jil-sander-jil-sander-ss-2025-campaign | https://theimpression.com/jil-sander-spring-2025-ad-campaign-review/,casting credited to Mathilde Curel by models.com and to Julia Lange by the review
jil_sander,Jil Sander,fashion,Jil Sander S/S 2025 Campaign,advertising,2025-03,Lucie and Luke Meier,source,hair,Tomo Jidai,https://cdnorigin.models.com/work/jil-sander-jil-sander-ss-2025-campaign | https://theimpression.com/jil-sander-spring-2025-ad-campaign-review/,casting credited to Mathilde Curel by models.com and to Julia Lange by the review
jil_sander,Jil Sander,fashion,Jil Sander S/S 2025 Campaign,advertising,2025-03,Lucie and Luke Meier,source,casting,Mathilde Curel,https://cdnorigin.models.com/work/jil-sander-jil-sander-ss-2025-campaign | https://theimpression.com/jil-sander-spring-2025-ad-campaign-review/,casting credited to Mathilde Curel by models.com and to Julia Lange by the review
jil_sander,Jil Sander,fashion,Jil Sander S/S 2025 Campaign,advertising,2025-03,Lucie and Luke Meier,source,casting,Julia Lange,https://cdnorigin.models.com/work/jil-sander-jil-sander-ss-2025-campaign | https://theimpression.com/jil-sander-spring-2025-ad-campaign-review/,casting credited to Mathilde Curel by models.com and to Julia Lange by the review
margiela,Maison Margiela,fashion,,advertising,2024-04,John Galliano,source,photographer,Jordan Hemingway,https://models.com/people/john-galliano,
margiela,Maison Margiela,fashion,Artisanal 2024 'Nighthawk',advertising,,John Galliano,source,director,Sasha Kasiuha,https://theimpression.com/maison-margiela-artisanal-2024-ad-campaign-review/,a film
margiela,Maison Margiela,fashion,,advertising,2025-04,John Galliano,source,photographer,Szilveszter Mako,https://models.com/people/john-galliano,listed on Galliano's page after his December 2024 exit
chloe,Chloé,fashion,Spring/Summer 2023,advertising,2023-02,Gabriela Hearst,source,photographer,Zoë Ghertner,https://senatus.net/tv/chloe-spring-summer-2023-into-the-mojave-desert-wi | https://theimpression.com/?p=10980438,Mojave Desert shoot with Gigi Hadid
chloe,Chloé,fashion,Spring/Summer 2023,advertising,2023-02,Gabriela Hearst,source,stylist,Camilla Nickerson,https://senatus.net/tv/chloe-spring-summer-2023-into-the-mojave-desert-wi | https://theimpression.com/?p=10980438,
chloe,Chloé,fashion,Spring/Summer 2023,advertising,2023-02,Gabriela Hearst,source,art_direction,Peter Miles,https://senatus.net/tv/chloe-spring-summer-2023-into-the-mojave-desert-wi | https://theimpression.com/?p=10980438,credited as Art Director
chloe,Chloé,fashion,Spring/Summer 2023,advertising,2023-02,Gabriela Hearst,source,set_design,Spencer Vrooman,https://theimpression.com/?p=10980438,The Impression only
chloe,Chloé,fashion,Fall 2023,advertising,2023-09,Gabriela Hearst,source,photographer,Zoë Ghertner,https://theimpression.com/?p=11092352 | https://www.fashiongonerogue.com/?p=1192268,"shot in Milos, Greece; published September 2023, before Hearst's final show on 28 September 2023"
chloe,Chloé,fashion,Fall 2023,advertising,2023-09,Gabriela Hearst,source,stylist,Camilla Nickerson,https://theimpression.com/?p=11092352 | https://www.fashiongonerogue.com/?p=1192268,
chloe,Chloé,fashion,Fall 2023,advertising,2023-09,Gabriela Hearst,source,art_direction,Peter Miles,https://theimpression.com/?p=11092352,credited as Art Director; The Impression only
chloe,Chloé,fashion,Chloé Portraits,advertising,2024-02,Chemena Kamali,source,photographer,David Sims,https://www.chloe.com/en-bg/news/chloe-launches-chloe-portraits.html,brand portrait series released before Kamali's first show (29 February 2024); not a seasonal collection campaign
chloe,Chloé,fashion,Chloé Portraits,advertising,2024-02,Chemena Kamali,source,director,Frank Lebon,https://www.chloe.com/en-bg/news/chloe-launches-chloe-portraits.html,"campaign film; release: ""with a film by Frank Lebon"""
chloe,Chloé,fashion,Chloé Portraits,advertising,2024-02,Chemena Kamali,source,stylist,Lotta Volkova,https://theimpression.com/chloe-portraits-2024-ad-campaign-review/,The Impression only; the brand release names no stylist
chloe,Chloé,fashion,Chloé Portraits,advertising,2024-02,Chemena Kamali,source,art_direction,Lina Kutsovskaya,https://theimpression.com/chloe-portraits-2024-ad-campaign-review/,The Impression only: credited as Creative Director (agency Be Good Studio) alongside Kamali
chloe,Chloé,fashion,Chloé Portraits,advertising,2024-02,Chemena Kamali,source,casting,Ashley Brokaw,https://theimpression.com/chloe-portraits-2024-ad-campaign-review/,The Impression only
chloe,Chloé,fashion,Fall 2024,advertising,2024-05,Chemena Kamali,source,photographer,Sam Rock,https://www.tag-walk.com/en/news/chloe-unveils-the-fall-2024-campaign | https://theimpression.com/chloe-fall-2024-ad-campaign-review/,Kamali's first collection (pre-fall; The Fashion Spot calls it Pre-Fall 2024); in stores from 31 May 2024
chloe,Chloé,fashion,Fall 2024,advertising,2024-05,Chemena Kamali,source,director,Frank Lebon,https://www.tag-walk.com/en/news/chloe-unveils-the-fall-2024-campaign,campaign film; release credits Film Direction; The Impression calls him videographer
chloe,Chloé,fashion,Fall 2024,advertising,2024-05,Chemena Kamali,source,stylist,Lotta Volkova,https://theimpression.com/chloe-fall-2024-ad-campaign-review/,The Impression only
chloe,Chloé,fashion,Fall 2024,advertising,2024-05,Chemena Kamali,source,casting,Ashley Brokaw,https://theimpression.com/chloe-fall-2024-ad-campaign-review/,The Impression only
chloe,Chloé,fashion,Winter 2024,advertising,2024-08,Chemena Kamali,source,photographer,David Sims,https://www.chloe.com/en-ch/news/chloe-unveils-the-winter-2024-campaign.html | https://theimpression.com/chloe-winter-2024-ad-campaign-review/,first campaign for Kamali's first runway collection
chloe,Chloé,fashion,Winter 2024,advertising,2024-08,Chemena Kamali,source,director,David Sims,https://www.chloe.com/en-ch/news/chloe-unveils-the-winter-2024-campaign.html,campaign film; release: Photography & Film Direction
chloe,Chloé,fashion,Winter 2024,advertising,2024-08,Chemena Kamali,source,stylist,Elodie David Touboul,https://www.chloe.com/en-ch/news/chloe-unveils-the-winter-2024-campaign.html | https://theimpression.com/chloe-winter-2024-ad-campaign-review/,
chloe,Chloé,fashion,Winter 2024,advertising,2024-08,Chemena Kamali,source,art_direction,Petronio Associates,https://www.chloe.com/en-ch/news/chloe-unveils-the-winter-2024-campaign.html | https://theimpression.com/chloe-winter-2024-ad-campaign-review/,credited as Art Direction
chloe,Chloé,fashion,Winter 2024,advertising,2024-08,Chemena Kamali,source,casting,Ashley Brokaw,https://www.chloe.com/en-ch/news/chloe-unveils-the-winter-2024-campaign.html | https://theimpression.com/chloe-winter-2024-ad-campaign-review/,
chloe,Chloé,fashion,Winter 2024,advertising,2024-08,Chemena Kamali,source,set_design,Giovanna Martial,https://www.chloe.com/en-ch/news/chloe-unveils-the-winter-2024-campaign.html | https://theimpression.com/chloe-winter-2024-ad-campaign-review/,
chloe,Chloé,fashion,Summer 2025,advertising,2025-01,Chemena Kamali,source,photographer,David Sims,https://www.chloe.com/en-au/news/chloe-unveils-the-summer-2025-campaign.html | https://theimpression.com/chloe-spring-2025-ad-campaign-review/,The Impression titles it Spring 2025
chloe,Chloé,fashion,Summer 2025,advertising,2025-01,Chemena Kamali,source,director,David Sims,https://www.chloe.com/en-au/news/chloe-unveils-the-summer-2025-campaign.html,campaign film; release: Photography and Film Direction
chloe,Chloé,fashion,Summer 2025,advertising,2025-01,Chemena Kamali,source,stylist,Elodie David Touboul,https://www.chloe.com/en-au/news/chloe-unveils-the-summer-2025-campaign.html | https://theimpression.com/chloe-spring-2025-ad-campaign-review/,
chloe,Chloé,fashion,Summer 2025,advertising,2025-01,Chemena Kamali,source,art_direction,Ezra Petronio,https://theimpression.com/chloe-spring-2025-ad-campaign-review/,credited as Art Director; The Impression only
chloe,Chloé,fashion,Summer 2025,advertising,2025-01,Chemena Kamali,source,casting,Ashley Brokaw,https://theimpression.com/chloe-spring-2025-ad-campaign-review/,The Impression only
chloe,Chloé,fashion,Summer 2025,advertising,2025-01,Chemena Kamali,source,set_design,Poppy Bartlett,https://theimpression.com/chloe-spring-2025-ad-campaign-review/,The Impression only
chloe,Chloé,fashion,Winter 2025,advertising,2025-08,Chemena Kamali,source,photographer,David Sims,https://www.chloe.com/en-gb/news/chloe-unveils-the-winter-2025-campaign.html | https://theimpression.com/chloe-winter-2025-ad-campaign-review/,
chloe,Chloé,fashion,Winter 2025,advertising,2025-08,Chemena Kamali,source,director,David Sims,https://www.chloe.com/en-gb/news/chloe-unveils-the-winter-2025-campaign.html,campaign film; release: Photography and Film Direction
chloe,Chloé,fashion,Winter 2025,advertising,2025-08,Chemena Kamali,source,stylist,Elodie David Touboul,https://www.chloe.com/en-gb/news/chloe-unveils-the-winter-2025-campaign.html | https://theimpression.com/chloe-winter-2025-ad-campaign-review/,
chloe,Chloé,fashion,Winter 2025,advertising,2025-08,Chemena Kamali,source,art_direction,David Sims,https://theimpression.com/chloe-winter-2025-ad-campaign-review/,The Impression credits him as Creative Director & Photographer; the brand release says Photography and Film Direction
chloe,Chloé,fashion,Winter 2025,advertising,2025-08,Chemena Kamali,source,set_design,Poppy Bartlett,https://theimpression.com/chloe-winter-2025-ad-campaign-review/,The Impression only
chloe,Chloé,fashion,Summer 2026,advertising,2026-02,Chemena Kamali,source,photographer,Sam Rock,https://fashionunited.uk/press/fashion/chloe-unveils-the-summer-2026-campaign/2026021086200 | https://www.adsoftheworld.com/campaigns/summer-2026-campaign,
chloe,Chloé,fashion,Summer 2026,advertising,2026-02,Chemena Kamali,source,director,Romain Wygas,https://fashionunited.uk/press/fashion/chloe-unveils-the-summer-2026-campaign/2026021086200 | https://www.adsoftheworld.com/campaigns/summer-2026-campaign,campaign film
chloe,Chloé,fashion,Summer 2026,advertising,2026-02,Chemena Kamali,source,stylist,Elodie David Touboul,https://fashionunited.uk/press/fashion/chloe-unveils-the-summer-2026-campaign/2026021086200 | https://www.adsoftheworld.com/campaigns/summer-2026-campaign,
chloe,Chloé,fashion,Summer 2026,advertising,2026-02,Chemena Kamali,source,art_direction,Gray Hamner,https://www.adsoftheworld.com/campaigns/summer-2026-campaign,credited as Art Director; Ads of the World only
chloe,Chloé,fashion,Summer 2026,advertising,2026-02,Chemena Kamali,source,casting,Piergiorgio Del Moro,https://www.adsoftheworld.com/campaigns/summer-2026-campaign,"Ads of the World only (the press copy's ""Casting"" line lists the models)"
chloe,Chloé,fashion,Summer 2026,advertising,2026-02,Chemena Kamali,source,set_design,Spencer Vrooman,https://www.adsoftheworld.com/campaigns/summer-2026-campaign,Ads of the World only
chloe,Chloé,fashion,Winter 2026,advertising,2026-07,Chemena Kamali,source,photographer,Inez van Lamsweerde and Vinoodh Matadin,https://www.chloe.com/en-gb/news/chloe-winter-2026-campaign.html,release dated 23 July 2026
chloe,Chloé,fashion,Winter 2026,advertising,2026-07,Chemena Kamali,source,director,Inez van Lamsweerde and Vinoodh Matadin,https://www.chloe.com/en-gb/news/chloe-winter-2026-campaign.html,campaign film; release: Photographers and Film Directors
chloe,Chloé,fashion,Winter 2026,advertising,2026-07,Chemena Kamali,source,stylist,Elodie David Touboul,https://www.chloe.com/en-gb/news/chloe-winter-2026-campaign.html,
chloe,Chloé,fashion,Winter 2026,advertising,2026-07,Chemena Kamali,source,casting,Piergiorgio Del Moro,https://www.chloe.com/en-gb/news/chloe-winter-2026-campaign.html,
versace,Versace,fashion,Spring/Summer 2023,advertising,2023-01,Donatella Versace,source,photographer,Mert Alas and Marcus Piggott,https://theimpression.com/versace-spring-2023-ad-campaign-review/ | https://www.fashiongonerogue.com/?p=1172666,Emily Ratajkowski
versace,Versace,fashion,Spring/Summer 2023,advertising,2023-01,Donatella Versace,source,director,Mert Alas and Marcus Piggott,https://theimpression.com/versace-spring-2023-ad-campaign-review/,campaign film; The Impression: photographers and film directors
versace,Versace,fashion,Spring/Summer 2023,advertising,2023-01,Donatella Versace,source,art_direction,Kevin Tekinel and Charles Levai,https://theimpression.com/versace-spring-2023-ad-campaign-review/,credited as Creative Director(s); The Impression only
versace,Versace,fashion,Spring/Summer 2023,advertising,2023-01,Donatella Versace,source,stylist,Jacob K,https://theimpression.com/versace-spring-2023-ad-campaign-review/ | https://www.fashiongonerogue.com/?p=1172666,
versace,Versace,fashion,Spring/Summer 2023,advertising,2023-01,Donatella Versace,source,casting,Piergiorgio Del Moro,https://theimpression.com/versace-spring-2023-ad-campaign-review/,
versace,Versace,fashion,Spring/Summer 2023,advertising,2023-01,Donatella Versace,source,set_design,Andrea Cellerino,https://theimpression.com/versace-spring-2023-ad-campaign-review/,
versace,Versace,fashion,Fall/Winter 2023,advertising,2023-08,Donatella Versace,tenure,photographer,Mert Alas and Marcus Piggott,https://theimpression.com/versace-fall-2023-ad-campaign-review/ | https://luxurydaily.com/famed-fashion-faces-back-versace-for-fallwinter-2023/?print=1,
versace,Versace,fashion,Fall/Winter 2023,advertising,2023-08,Donatella Versace,tenure,art_direction,Christopher Simmonds,https://theimpression.com/versace-fall-2023-ad-campaign-review/,The Impression only
versace,Versace,fashion,Fall/Winter 2023,advertising,2023-08,Donatella Versace,tenure,stylist,Jacob K,https://theimpression.com/versace-fall-2023-ad-campaign-review/,
versace,Versace,fashion,Fall/Winter 2023,advertising,2023-08,Donatella Versace,tenure,casting,Piergiorgio Del Moro,https://theimpression.com/versace-fall-2023-ad-campaign-review/,
versace,Versace,fashion,Spring/Summer 2024,advertising,2024-02,Donatella Versace,source,photographer,Mert Alas,https://theimpression.com/versace-spring-2024-ad-campaign-review | https://www.designscene.net/2024/02/versace-spring-2024.html,"Mert Alas alone, not the duo; Claudia Schiffer"
versace,Versace,fashion,Spring/Summer 2024,advertising,2024-02,Donatella Versace,source,art_direction,Mert Alas,https://theimpression.com/versace-spring-2024-ad-campaign-review,The Impression: Creative Director & Photographer; Design Scene: Director & Photographer
versace,Versace,fashion,Spring/Summer 2024,advertising,2024-02,Donatella Versace,source,stylist,Jacob K,https://theimpression.com/versace-spring-2024-ad-campaign-review | https://www.designscene.net/2024/02/versace-spring-2024.html,
versace,Versace,fashion,Spring/Summer 2024,advertising,2024-02,Donatella Versace,source,casting,Piergiorgio Del Moro,https://theimpression.com/versace-spring-2024-ad-campaign-review | https://www.designscene.net/2024/02/versace-spring-2024.html,
versace,Versace,fashion,Fall/Winter 2024,advertising,2024-07,Donatella Versace,source,photographer,Mert Alas and Marcus Piggott,https://fashionunited.uk/press/fashion/elevated-energy-through-craft-and-innovation-versace-fw24/2024072476782 | https://theimpression.com/?p=11393721,"shot at Chateau Marmont, Los Angeles"
versace,Versace,fashion,Fall/Winter 2024,advertising,2024-07,Donatella Versace,source,director,Mert Alas and Marcus Piggott,https://fashionunited.uk/press/fashion/elevated-energy-through-craft-and-innovation-versace-fw24/2024072476782 | https://theimpression.com/?p=11393721,campaign film; release: Photographers & Directors; The Impression: Videographer
versace,Versace,fashion,Fall/Winter 2024,advertising,2024-07,Donatella Versace,source,art_direction,Mert Alas and Marcus Piggott,https://theimpression.com/?p=11393721,The Impression only
versace,Versace,fashion,Fall/Winter 2024,advertising,2024-07,Donatella Versace,source,stylist,Jacob K,https://fashionunited.uk/press/fashion/elevated-energy-through-craft-and-innovation-versace-fw24/2024072476782 | https://theimpression.com/?p=11393721,
versace,Versace,fashion,Spring/Summer 2025,advertising,2025-02,Donatella Versace,source,photographer,Mert Alas and Marcus Piggott,https://theimpression.com/versace-spring-2025-ad-campaign-review/,
versace,Versace,fashion,Spring/Summer 2025,advertising,2025-02,Donatella Versace,source,art_direction,Ezra Petronio,https://theimpression.com/versace-spring-2025-ad-campaign-review/,"credited as Art Directors, with Lana Petrusevych"
versace,Versace,fashion,Spring/Summer 2025,advertising,2025-02,Donatella Versace,source,art_direction,Lana Petrusevych,https://theimpression.com/versace-spring-2025-ad-campaign-review/,"credited as Art Directors, with Ezra Petronio"
versace,Versace,fashion,Spring/Summer 2025,advertising,2025-02,Donatella Versace,source,stylist,Jacob K,https://theimpression.com/versace-spring-2025-ad-campaign-review/,
versace,Versace,fashion,Spring/Summer 2025,advertising,2025-02,Donatella Versace,source,casting,Piergiorgio Del Moro,https://theimpression.com/versace-spring-2025-ad-campaign-review/,
versace,Versace,fashion,Spring/Summer 2025,advertising,2025-02,Donatella Versace,source,set_design,Emma Roach,https://theimpression.com/versace-spring-2025-ad-campaign-review/,
versace,Versace,fashion,Fall/Winter 2025,advertising,2025-07,Dario Vitale,tenure,photographer,Mert Alas and Marcus Piggott,https://theimpression.com/?p=11688549 | https://www.fashiongonerogue.com/?p=1268443,published after Donatella Versace stepped down (Dario Vitale chief creative officer from 1 April 2025); the campaign is for her final collection and The Impression credits her as Creative Director. Tenure: https://www.capriholdings.com/news-releases/news-releases-details/2025/Donatella-Versace-Assumes-Role-of-Chief-Brand-Ambassador-of-Versace/default.aspx
versace,Versace,fashion,Fall/Winter 2025,advertising,2025-07,Dario Vitale,tenure,stylist,Jacob K,https://theimpression.com/?p=11688549 | https://www.fashiongonerogue.com/?p=1268443,published after Donatella Versace stepped down (Dario Vitale chief creative officer from 1 April 2025); the campaign is for her final collection and The Impression credits her as Creative Director. Tenure: https://www.capriholdings.com/news-releases/news-releases-details/2025/Donatella-Versace-Assumes-Role-of-Chief-Brand-Ambassador-of-Versace/default.aspx
versace,Versace,fashion,Fall/Winter 2025,advertising,2025-07,Dario Vitale,tenure,art_direction,Ezra Petronio,https://theimpression.com/?p=11688549,"art direction named in the review text, with Lana Petrusevych; not in the credits block. published after Donatella Versace stepped down (Dario Vitale chief creative officer from 1 April 2025); the campaign is for her final collection and The Impression credits her as Creative Director. Tenure: https://www.capriholdings.com/news-releases/news-releases-details/2025/Donatella-Versace-Assumes-Role-of-Chief-Brand-Ambassador-of-Versace/default.aspx"
versace,Versace,fashion,Fall/Winter 2025,advertising,2025-07,Dario Vitale,tenure,art_direction,Lana Petrusevych,https://theimpression.com/?p=11688549,"art direction named in the review text, with Ezra Petronio; not in the credits block. published after Donatella Versace stepped down (Dario Vitale chief creative officer from 1 April 2025); the campaign is for her final collection and The Impression credits her as Creative Director. Tenure: https://www.capriholdings.com/news-releases/news-releases-details/2025/Donatella-Versace-Assumes-Role-of-Chief-Brand-Ambassador-of-Versace/default.aspx"
versace,Versace,fashion,Spring/Summer 2026,advertising,2026-02,,,photographer,Steven Meisel,https://www.tag-walk.com/en/news/versace-spring-summer-2026-campaign | https://theimpression.com/versace-spring-2026-ad-campaign-review/,"credits name Dario Vitale (Creative Direction), but he left Versace on 12 December 2025 and Pieter Mulier did not start until 1 July 2026, so no creative director was in post at publication. Tenure: https://dazeddigital.com/fashion/article/69229/1/dario-vitale-has-left-versace-after-9-months-prada-group-acquisition ; https://www.laconceria.it/en/fashion/prada-appoints-pieter-mulier-as-versaces-new-creative-director"
versace,Versace,fashion,Spring/Summer 2026,advertising,2026-02,,,photographer,Frank Lebon,https://www.tag-walk.com/en/news/versace-spring-summer-2026-campaign | https://theimpression.com/versace-spring-2026-ad-campaign-review/,"credits name Dario Vitale (Creative Direction), but he left Versace on 12 December 2025 and Pieter Mulier did not start until 1 July 2026, so no creative director was in post at publication. Tenure: https://dazeddigital.com/fashion/article/69229/1/dario-vitale-has-left-versace-after-9-months-prada-group-acquisition ; https://www.laconceria.it/en/fashion/prada-appoints-pieter-mulier-as-versaces-new-creative-director"
versace,Versace,fashion,Spring/Summer 2026,advertising,2026-02,,,photographer,Tania Franco Klein,https://www.tag-walk.com/en/news/versace-spring-summer-2026-campaign | https://theimpression.com/versace-spring-2026-ad-campaign-review/,"credits name Dario Vitale (Creative Direction), but he left Versace on 12 December 2025 and Pieter Mulier did not start until 1 July 2026, so no creative director was in post at publication. Tenure: https://dazeddigital.com/fashion/article/69229/1/dario-vitale-has-left-versace-after-9-months-prada-group-acquisition ; https://www.laconceria.it/en/fashion/prada-appoints-pieter-mulier-as-versaces-new-creative-director"
versace,Versace,fashion,Spring/Summer 2026,advertising,2026-02,,,stylist,Spencer Singer,https://theimpression.com/versace-spring-2026-ad-campaign-review/,"The Impression only. credits name Dario Vitale (Creative Direction), but he left Versace on 12 December 2025 and Pieter Mulier did not start until 1 July 2026, so no creative director was in post at publication. Tenure: https://dazeddigital.com/fashion/article/69229/1/dario-vitale-has-left-versace-after-9-months-prada-group-acquisition ; https://www.laconceria.it/en/fashion/prada-appoints-pieter-mulier-as-versaces-new-creative-director"
versace,Versace,fashion,Spring/Summer 2026,advertising,2026-02,,,casting,Julia Lange,https://theimpression.com/versace-spring-2026-ad-campaign-review/,"credited with Max Maerzinger; The Impression only. credits name Dario Vitale (Creative Direction), but he left Versace on 12 December 2025 and Pieter Mulier did not start until 1 July 2026, so no creative director was in post at publication. Tenure: https://dazeddigital.com/fashion/article/69229/1/dario-vitale-has-left-versace-after-9-months-prada-group-acquisition ; https://www.laconceria.it/en/fashion/prada-appoints-pieter-mulier-as-versaces-new-creative-director"
versace,Versace,fashion,Spring/Summer 2026,advertising,2026-02,,,casting,Max Maerzinger,https://theimpression.com/versace-spring-2026-ad-campaign-review/,"credited with Julia Lange; The Impression only. credits name Dario Vitale (Creative Direction), but he left Versace on 12 December 2025 and Pieter Mulier did not start until 1 July 2026, so no creative director was in post at publication. Tenure: https://dazeddigital.com/fashion/article/69229/1/dario-vitale-has-left-versace-after-9-months-prada-group-acquisition ; https://www.laconceria.it/en/fashion/prada-appoints-pieter-mulier-as-versaces-new-creative-director"
versace,Versace,fashion,"Versace Obsessed, Chapter II (Fall/Winter 2026)",advertising,2026-07,Pieter Mulier,tenure,photographer,Steven Meisel,https://fashionunited.uk/press/fashion/versaces-fall-winter-2026-campaign-versace-obsessed-chapter-ii-revisits-the-houses-archive/2026080389581 | https://vmagazine.com/?p=294019,"campaign for the Fall/Winter 2026 collection, made before Pieter Mulier started on 1 July 2026; Dazed calls it unattributed to any designer. Tenure: https://www.laconceria.it/en/fashion/prada-appoints-pieter-mulier-as-versaces-new-creative-director ; https://www.dazeddigital.com/fashion/article/70730/1/versace-aw26-new-campaign-dario-vitale-pieter-mulier-prada-group"
versace,Versace,fashion,"Versace Obsessed, Chapter II (Fall/Winter 2026)",advertising,2026-07,Pieter Mulier,tenure,art_direction,Ferdinando Verderi,https://fashionunited.uk/press/fashion/versaces-fall-winter-2026-campaign-versace-obsessed-chapter-ii-revisits-the-houses-archive/2026080389581 | https://vmagazine.com/?p=294019,"release: creative direction and campaign films. campaign for the Fall/Winter 2026 collection, made before Pieter Mulier started on 1 July 2026; Dazed calls it unattributed to any designer. Tenure: https://www.laconceria.it/en/fashion/prada-appoints-pieter-mulier-as-versaces-new-creative-director ; https://www.dazeddigital.com/fashion/article/70730/1/versace-aw26-new-campaign-dario-vitale-pieter-mulier-prada-group"
versace,Versace,fashion,"Versace Obsessed, Chapter II (Fall/Winter 2026)",advertising,2026-07,Pieter Mulier,tenure,director,Ferdinando Verderi,https://fashionunited.uk/press/fashion/versaces-fall-winter-2026-campaign-versace-obsessed-chapter-ii-revisits-the-houses-archive/2026080389581,"campaign film; release: creative direction and campaign films. campaign for the Fall/Winter 2026 collection, made before Pieter Mulier started on 1 July 2026; Dazed calls it unattributed to any designer. Tenure: https://www.laconceria.it/en/fashion/prada-appoints-pieter-mulier-as-versaces-new-creative-director ; https://www.dazeddigital.com/fashion/article/70730/1/versace-aw26-new-campaign-dario-vitale-pieter-mulier-prada-group"
versace,Versace,fashion,"Versace Obsessed, Chapter II (Fall/Winter 2026)",advertising,2026-07,Pieter Mulier,tenure,stylist,Karl Templer,https://fashionunited.uk/press/fashion/versaces-fall-winter-2026-campaign-versace-obsessed-chapter-ii-revisits-the-houses-archive/2026080389581 | https://vmagazine.com/?p=294019,"campaign for the Fall/Winter 2026 collection, made before Pieter Mulier started on 1 July 2026; Dazed calls it unattributed to any designer. Tenure: https://www.laconceria.it/en/fashion/prada-appoints-pieter-mulier-as-versaces-new-creative-director ; https://www.dazeddigital.com/fashion/article/70730/1/versace-aw26-new-campaign-dario-vitale-pieter-mulier-prada-group"
versace,Versace,fashion,"Versace Obsessed, Chapter II (Fall/Winter 2026)",advertising,2026-07,Pieter Mulier,tenure,set_design,Mary Howard,https://fashionunited.uk/press/fashion/versaces-fall-winter-2026-campaign-versace-obsessed-chapter-ii-revisits-the-houses-archive/2026080389581 | https://vmagazine.com/?p=294019,"campaign for the Fall/Winter 2026 collection, made before Pieter Mulier started on 1 July 2026; Dazed calls it unattributed to any designer. Tenure: https://www.laconceria.it/en/fashion/prada-appoints-pieter-mulier-as-versaces-new-creative-director ; https://www.dazeddigital.com/fashion/article/70730/1/versace-aw26-new-campaign-dario-vitale-pieter-mulier-prada-group"
versace,Versace,fashion,"Versace Obsessed, Chapter II (Fall/Winter 2026)",advertising,2026-07,Pieter Mulier,tenure,casting,Julia Lange,https://fashionunited.uk/press/fashion/versaces-fall-winter-2026-campaign-versace-obsessed-chapter-ii-revisits-the-houses-archive/2026080389581 | https://vmagazine.com/?p=294019,"campaign for the Fall/Winter 2026 collection, made before Pieter Mulier started on 1 July 2026; Dazed calls it unattributed to any designer. Tenure: https://www.laconceria.it/en/fashion/prada-appoints-pieter-mulier-as-versaces-new-creative-director ; https://www.dazeddigital.com/fashion/article/70730/1/versace-aw26-new-campaign-dario-vitale-pieter-mulier-prada-group"
givenchy,Givenchy,fashion,Spring/Summer 2023,advertising,2023-01,Matthew M. Williams,source,photographer,Heji Shin,https://theglassmagazine.com/?p=135486 | https://theimpression.com/givenchy-spring-2023-ad-campaign-review/,
givenchy,Givenchy,fashion,Spring/Summer 2023,advertising,2023-01,Matthew M. Williams,source,art_direction,Edouard Risselet,https://theimpression.com/givenchy-spring-2023-ad-campaign-review/,credited as Art Director; The Impression only
givenchy,Givenchy,fashion,Spring/Summer 2023,advertising,2023-01,Matthew M. Williams,source,stylist,Carine Roitfeld,https://theimpression.com/givenchy-spring-2023-ad-campaign-review/,The Impression only
givenchy,Givenchy,fashion,Fall/Winter 2023,advertising,2023-07,Matthew M. Williams,source,photographer,Heji Shin,https://theimpression.com/givenchy-fall-2023-ad-campaign-review,
givenchy,Givenchy,fashion,Fall/Winter 2023,advertising,2023-07,Matthew M. Williams,source,art_direction,Edouard Risselet,https://theimpression.com/givenchy-fall-2023-ad-campaign-review,credited as Art Director
givenchy,Givenchy,fashion,Fall/Winter 2023,advertising,2023-07,Matthew M. Williams,source,stylist,Carine Roitfeld,https://theimpression.com/givenchy-fall-2023-ad-campaign-review,
givenchy,Givenchy,fashion,Fall/Winter 2023,advertising,2023-07,Matthew M. Williams,source,set_design,Manon Everhard,https://theimpression.com/givenchy-fall-2023-ad-campaign-review,
givenchy,Givenchy,fashion,Spring/Summer 2024,advertising,2024-01,,,photographer,Kacper Kasprzyk,https://theimpression.com/givenchy-spring-2024-ad-campaign-review/,"Williams left at the end of 2023 and Sarah Burton was appointed in September 2024, so no creative director was in post; The Impression still lists Williams as Givenchy Creative Director (his final collection). Tenure: https://en.wikipedia.org/wiki/Givenchy"
givenchy,Givenchy,fashion,Spring/Summer 2024,advertising,2024-01,,,director,Nicolo Terraneo,https://theimpression.com/givenchy-spring-2024-ad-campaign-review/,"campaign film; credited as Videographer. Williams left at the end of 2023 and Sarah Burton was appointed in September 2024, so no creative director was in post; The Impression still lists Williams as Givenchy Creative Director (his final collection). Tenure: https://en.wikipedia.org/wiki/Givenchy"
givenchy,Givenchy,fashion,Spring/Summer 2024,advertising,2024-01,,,art_direction,CR Studio,https://theimpression.com/givenchy-spring-2024-ad-campaign-review/,"credited as Agency. Williams left at the end of 2023 and Sarah Burton was appointed in September 2024, so no creative director was in post; The Impression still lists Williams as Givenchy Creative Director (his final collection). Tenure: https://en.wikipedia.org/wiki/Givenchy"
givenchy,Givenchy,fashion,Spring/Summer 2024,advertising,2024-01,,,stylist,Carine Roitfeld,https://theimpression.com/givenchy-spring-2024-ad-campaign-review/,"Williams left at the end of 2023 and Sarah Burton was appointed in September 2024, so no creative director was in post; The Impression still lists Williams as Givenchy Creative Director (his final collection). Tenure: https://en.wikipedia.org/wiki/Givenchy"
givenchy,Givenchy,fashion,Fall/Winter 2024,advertising,2024-08,,,photographer,Liv Liberg,https://theimpression.com/givenchy-fall-2024-ad-campaign-review/,no creative director in post (Williams left at the end of 2023; Sarah Burton appointed September 2024); The Impression calls it an archive-focused collection made in transition; no other credits given. Tenure: https://en.wikipedia.org/wiki/Givenchy
givenchy,Givenchy,fashion,Fall 2025 (Kaia Gerber by Halina Reijn),advertising,2025-06,Sarah Burton,source,photographer,Halina Reijn,https://theimpression.com/givenchy-fall-2025-ad-campaign-review/ | https://www.neo2.com/?p=623349,"first campaign under Burton, published before the main Fall/Winter 2025 campaign; The Impression misspells her Helina"
givenchy,Givenchy,fashion,Fall 2025 (Kaia Gerber by Halina Reijn),advertising,2025-06,Sarah Burton,source,director,Halina Reijn,https://theimpression.com/givenchy-fall-2025-ad-campaign-review/,campaign film; credited as Photographer & Director; she also shot the accompanying video
givenchy,Givenchy,fashion,Fall/Winter 2025,advertising,2025-08,Sarah Burton,source,photographer,Collier Schorr,https://vein.es/givenchy-by-sarah-burton-a-debut-campaign-about-women-together/ | https://coveteur.com/sarah-burton-givenchy-fall-2025-campaign,cast includes Burton's team; Schorr appears in one image
givenchy,Givenchy,fashion,Fall/Winter 2025,advertising,2025-08,Sarah Burton,source,stylist,Camilla Nickerson,https://vein.es/givenchy-by-sarah-burton-a-debut-campaign-about-women-together/ | https://coveteur.com/sarah-burton-givenchy-fall-2025-campaign,Nickerson also appears in the images
givenchy,Givenchy,fashion,Fall/Winter 2025,advertising,2025-08,Sarah Burton,source,art_direction,Ferdinando Verderi,https://vein.es/givenchy-by-sarah-burton-a-debut-campaign-about-women-together/,credited as Campaign Creative Direction
givenchy,Givenchy,fashion,Fall/Winter 2025,advertising,2025-08,Sarah Burton,source,casting,Jess Hallett,https://vein.es/givenchy-by-sarah-burton-a-debut-campaign-about-women-together/,
givenchy,Givenchy,fashion,Friends and Muses (Spring 2026),advertising,2025-11,Sarah Burton,tenure,photographer,Collier Schorr,https://theimpression.com/givenchy-spring-2026-ad-campaign-review/,The Impression calls it the Spring 2026 campaign; published November 2025 with Rooney Mara and Paul Simonon; the separate Summer 2026 campaign followed in February 2026
givenchy,Givenchy,fashion,Friends and Muses (Spring 2026),advertising,2025-11,Sarah Burton,tenure,stylist,Camilla Nickerson,https://theimpression.com/givenchy-spring-2026-ad-campaign-review/,
givenchy,Givenchy,fashion,Friends and Muses (Spring 2026),advertising,2025-11,Sarah Burton,tenure,art_direction,Ferdinando Verderi,https://theimpression.com/givenchy-spring-2026-ad-campaign-review/,
givenchy,Givenchy,fashion,Friends and Muses (Spring 2026),advertising,2025-11,Sarah Burton,tenure,casting,Jess Hallett,https://theimpression.com/givenchy-spring-2026-ad-campaign-review/,
givenchy,Givenchy,fashion,The Portrait Series III (Summer 2026),advertising,2026-02,Sarah Burton,source,photographer,Collier Schorr,https://theimpression.com/givenchy-summer-2026-ad-campaign-review/ | https://www.modaes.com/global/look/annie-leibovitz-in-front-of-the-camera-the-photographer-poses-for-givenchys-new-campaign,
givenchy,Givenchy,fashion,The Portrait Series III (Summer 2026),advertising,2026-02,Sarah Burton,source,stylist,Camilla Nickerson,https://theimpression.com/givenchy-summer-2026-ad-campaign-review/ | https://www.modaes.com/global/look/annie-leibovitz-in-front-of-the-camera-the-photographer-poses-for-givenchys-new-campaign,
givenchy,Givenchy,fashion,The Portrait Series III (Summer 2026),advertising,2026-02,Sarah Burton,source,art_direction,Ferdinando Verderi,https://theimpression.com/givenchy-summer-2026-ad-campaign-review/,
givenchy,Givenchy,fashion,The Portrait Series III (Summer 2026),advertising,2026-02,Sarah Burton,source,casting,Jess Hallett,https://theimpression.com/givenchy-summer-2026-ad-campaign-review/,
givenchy,Givenchy,fashion,The Portrait Series III (Summer 2026),advertising,2026-02,Sarah Burton,source,set_design,Gideon Ponte,https://theimpression.com/givenchy-summer-2026-ad-campaign-review/,
givenchy,Givenchy,fashion,Fall/Winter 2026,advertising,2026-09,Sarah Burton,source,photographer,Juergen Teller,https://theimpression.com/givenchy-fall-2026-ad-campaign-review/,The Impression review dated 1 September 2026
givenchy,Givenchy,fashion,Fall/Winter 2026,advertising,2026-09,Sarah Burton,source,art_direction,M/M,https://theimpression.com/givenchy-fall-2026-ad-campaign-review/,credited as Campaign Creative Director
givenchy,Givenchy,fashion,Fall/Winter 2026,advertising,2026-09,Sarah Burton,source,stylist,Camilla Nickerson,https://theimpression.com/givenchy-fall-2026-ad-campaign-review/,
givenchy,Givenchy,fashion,Fall/Winter 2026,advertising,2026-09,Sarah Burton,source,casting,Jess Hallett,https://theimpression.com/givenchy-fall-2026-ad-campaign-review/,
tom_ford,Tom Ford,fashion,Spring/Summer 2023,advertising,2023-04,Tom Ford,source,photographer,Steven Klein,https://theimpression.com/tom-ford-spring-2023-ad-campaign-review/,"published before the Estée Lauder deal closed on 28 April 2023, when Peter Hawkings succeeded Ford. Tenure: https://en.wikipedia.org/wiki/Tom_Ford_(brand)"
tom_ford,Tom Ford,fashion,Spring/Summer 2023,advertising,2023-04,Tom Ford,source,art_direction,K Studio,https://theimpression.com/tom-ford-spring-2023-ad-campaign-review/,credited as Creative Director alongside Tom Ford. Tenure: https://en.wikipedia.org/wiki/Tom_Ford_(brand)
tom_ford,Tom Ford,fashion,Spring/Summer 2023,advertising,2023-04,Tom Ford,source,stylist,Carine Roitfeld,https://theimpression.com/tom-ford-spring-2023-ad-campaign-review/,Tenure: https://en.wikipedia.org/wiki/Tom_Ford_(brand)
tom_ford,Tom Ford,fashion,Fall/Winter 2023,advertising,2023-11,Peter Hawkings,source,photographer,Rory van Millingen,https://theimpression.com/tom-ford-fall-2023-ad-campaign-review/,published November 2023; The Impression credits Hawkings here but calls the Spring 2024 campaign (December 2023) his first
tom_ford,Tom Ford,fashion,Fall/Winter 2023,advertising,2023-11,Peter Hawkings,source,art_direction,Edward James Lee,https://theimpression.com/tom-ford-fall-2023-ad-campaign-review/,credited as Art Director. published November 2023; The Impression credits Hawkings here but calls the Spring 2024 campaign (December 2023) his first
tom_ford,Tom Ford,fashion,Fall/Winter 2023,advertising,2023-11,Peter Hawkings,source,stylist,Edward Bowleg III,https://theimpression.com/tom-ford-fall-2023-ad-campaign-review/,published November 2023; The Impression credits Hawkings here but calls the Spring 2024 campaign (December 2023) his first
tom_ford,Tom Ford,fashion,Fall/Winter 2023,advertising,2023-11,Peter Hawkings,source,casting,Bronson Vajda,https://theimpression.com/tom-ford-fall-2023-ad-campaign-review/,published November 2023; The Impression credits Hawkings here but calls the Spring 2024 campaign (December 2023) his first
tom_ford,Tom Ford,fashion,Spring/Summer 2024,advertising,2023-12,Peter Hawkings,source,photographer,Robin Galiegue,https://theimpression.com/tom-ford-spring-2024-ad-campaign-review/,review published 12 December 2023; called Tom Ford's first campaign under Hawkings
tom_ford,Tom Ford,fashion,Spring/Summer 2024,advertising,2023-12,Peter Hawkings,source,stylist,Marie Chaix,https://theimpression.com/tom-ford-spring-2024-ad-campaign-review/,
tom_ford,Tom Ford,fashion,Spring/Summer 2024,advertising,2023-12,Peter Hawkings,source,casting,Adam Hindle,https://theimpression.com/tom-ford-spring-2024-ad-campaign-review/,
tom_ford,Tom Ford,fashion,Spring/Summer 2024,advertising,2023-12,Peter Hawkings,source,set_design,Giovanna Martial,https://theimpression.com/tom-ford-spring-2024-ad-campaign-review/,
tom_ford,Tom Ford,fashion,Fall/Winter 2026,advertising,2026-08,Haider Ackermann,source,photographer,Stuart Winecoff,https://theimpression.com/tom-ford-fall-2026-ad-campaign-review/,"no stylist, casting or set credits in the review"
dries_van_noten,Dries Van Noten,fashion,Fall 2025 Editorial Project,advertising,2025-09,Julian Klausner,source,photographer,Carlijn Jacobs,https://theimpression.com/dries-van-noten-fall-2025-ad-campaign-review/,"The Impression calls it an editorial project rather than a conventional campaign; its first paragraph wrongly names Julien Dossena, while its credits name Julian Klausner"
dries_van_noten,Dries Van Noten,fashion,Fall 2025 Editorial Project,advertising,2025-09,Julian Klausner,source,stylist,Katie Burnett,https://theimpression.com/dries-van-noten-fall-2025-ad-campaign-review/,"The Impression calls it an editorial project rather than a conventional campaign; its first paragraph wrongly names Julien Dossena, while its credits name Julian Klausner"
dries_van_noten,Dries Van Noten,fashion,Fall 2025 Editorial Project,advertising,2025-09,Julian Klausner,source,casting,DM Casting,https://theimpression.com/dries-van-noten-fall-2025-ad-campaign-review/,"The Impression calls it an editorial project rather than a conventional campaign; its first paragraph wrongly names Julien Dossena, while its credits name Julian Klausner"
alaia,Alaïa,fashion,Spring/Summer 2023,advertising,2023-02,Pieter Mulier,source,photographer,Tyrone Lebon,https://theimpression.com/alaia-spring-2023-ad-campaign-review/,Kaia Gerber
alaia,Alaïa,fashion,Spring/Summer 2023,advertising,2023-02,Pieter Mulier,source,art_direction,Ezra Petronio,https://theimpression.com/alaia-spring-2023-ad-campaign-review/,credited as Creative Directors with Lana Petrusevych; agency Petronio Associates
alaia,Alaïa,fashion,Spring/Summer 2023,advertising,2023-02,Pieter Mulier,source,art_direction,Lana Petrusevych,https://theimpression.com/alaia-spring-2023-ad-campaign-review/,credited as Creative Directors with Ezra Petronio; agency Petronio Associates
alaia,Alaïa,fashion,Spring/Summer 2023,advertising,2023-02,Pieter Mulier,source,stylist,Aleksandra Woroniecka,https://theimpression.com/alaia-spring-2023-ad-campaign-review/,
alaia,Alaïa,fashion,Spring/Summer 2023,advertising,2023-02,Pieter Mulier,source,casting,Ashley Brokaw,https://theimpression.com/alaia-spring-2023-ad-campaign-review/,
alaia,Alaïa,fashion,Summer Fall 2023,advertising,2023-09,Pieter Mulier,source,photographer,Tyrone Lebon,https://theimpression.com/alaia-fall-2023-ad-campaign-review/,shot at Mulier's home in Antwerp
alaia,Alaïa,fashion,Summer Fall 2023,advertising,2023-09,Pieter Mulier,source,stylist,Aleksandra Woroniecka,https://theimpression.com/alaia-fall-2023-ad-campaign-review/,
alaia,Alaïa,fashion,Summer Fall 2023,advertising,2023-09,Pieter Mulier,source,casting,Ashley Brokaw,https://theimpression.com/alaia-fall-2023-ad-campaign-review/,
alaia,Alaïa,fashion,Spring/Summer 2024,advertising,2024-02,Pieter Mulier,source,photographer,Tyrone Lebon,https://theimpression.com/alaia-spring-2024-ad-campaign-review/,Gisele Bündchen
alaia,Alaïa,fashion,Spring/Summer 2024,advertising,2024-02,Pieter Mulier,source,stylist,Aleksandra Woroniecka,https://theimpression.com/alaia-spring-2024-ad-campaign-review/,
alaia,Alaïa,fashion,Spring/Summer 2024,advertising,2024-02,Pieter Mulier,source,casting,Ashley Brokaw,https://theimpression.com/alaia-spring-2024-ad-campaign-review/,
alaia,Alaïa,fashion,Fall/Winter 2024,advertising,2024-10,Pieter Mulier,source,photographer,Tyrone Lebon,https://theimpression.com/alaia-fall-2024-ad-campaign-review/,review dated 24 October 2024
alaia,Alaïa,fashion,Fall/Winter 2024,advertising,2024-10,Pieter Mulier,source,art_direction,Ezra Petronio,https://theimpression.com/alaia-fall-2024-ad-campaign-review/,credited as Art Director with Lana Petrusevych
alaia,Alaïa,fashion,Fall/Winter 2024,advertising,2024-10,Pieter Mulier,source,art_direction,Lana Petrusevych,https://theimpression.com/alaia-fall-2024-ad-campaign-review/,credited as Art Director with Ezra Petronio (spelled Petrusevyc in the review)
alaia,Alaïa,fashion,Fall/Winter 2024,advertising,2024-10,Pieter Mulier,source,stylist,Aleksandra Woroniecka,https://theimpression.com/alaia-fall-2024-ad-campaign-review/,
alaia,Alaïa,fashion,Fall/Winter 2024,advertising,2024-10,Pieter Mulier,source,casting,Ashley Brokaw,https://theimpression.com/alaia-fall-2024-ad-campaign-review/,
alaia,Alaïa,fashion,Fall/Winter 2024,advertising,2024-10,Pieter Mulier,source,set_design,Arthur De Borman,https://theimpression.com/alaia-fall-2024-ad-campaign-review/,credited as Production Designer
alaia,Alaïa,fashion,Spring/Summer 2025,advertising,2025-02,Pieter Mulier,source,photographer,Tyrone Lebon,https://theimpression.com/alaia-spring-2025-ad-campaign-review/,Daria Werbowy; no stylist credited
alaia,Alaïa,fashion,Spring/Summer 2025,advertising,2025-02,Pieter Mulier,source,art_direction,Ezra Petronio,https://theimpression.com/alaia-spring-2025-ad-campaign-review/,credited as Art Director with Daria Werbowy and Lana Petrusevych
alaia,Alaïa,fashion,Spring/Summer 2025,advertising,2025-02,Pieter Mulier,source,art_direction,Daria Werbowy,https://theimpression.com/alaia-spring-2025-ad-campaign-review/,credited as Art Director with Ezra Petronio and Lana Petrusevych; she is also the model
alaia,Alaïa,fashion,Spring/Summer 2025,advertising,2025-02,Pieter Mulier,source,art_direction,Lana Petrusevych,https://theimpression.com/alaia-spring-2025-ad-campaign-review/,credited as Art Director with Ezra Petronio and Daria Werbowy
alaia,Alaïa,fashion,Spring/Summer 2025,advertising,2025-02,Pieter Mulier,source,casting,Ashley Brokaw,https://theimpression.com/alaia-spring-2025-ad-campaign-review/,
alaia,Alaïa,fashion,Spring/Summer 2025,advertising,2025-02,Pieter Mulier,source,set_design,Happy Massee,https://theimpression.com/alaia-spring-2025-ad-campaign-review/,
alaia,Alaïa,fashion,Fall/Winter 2025,advertising,2025-08,Pieter Mulier,source,photographer,Tyrone Lebon,https://theimpression.com/alaia-fall-2025-ad-campaign-review/,no stylist credited
alaia,Alaïa,fashion,Fall/Winter 2025,advertising,2025-08,Pieter Mulier,source,director,Frank Lebon,https://theimpression.com/alaia-fall-2025-ad-campaign-review/,campaign film; credited as Videographer
alaia,Alaïa,fashion,Fall/Winter 2025,advertising,2025-08,Pieter Mulier,source,art_direction,Ezra Petronio,https://theimpression.com/alaia-fall-2025-ad-campaign-review/,credited as Art Director with Lana Petrusevych
alaia,Alaïa,fashion,Fall/Winter 2025,advertising,2025-08,Pieter Mulier,source,art_direction,Lana Petrusevych,https://theimpression.com/alaia-fall-2025-ad-campaign-review/,credited as Art Director with Ezra Petronio
alaia,Alaïa,fashion,Fall/Winter 2025,advertising,2025-08,Pieter Mulier,source,casting,Ashley Brokaw,https://theimpression.com/alaia-fall-2025-ad-campaign-review/,
alaia,Alaïa,fashion,Fall/Winter 2025,advertising,2025-08,Pieter Mulier,source,set_design,Vincent Olivieri,https://theimpression.com/alaia-fall-2025-ad-campaign-review/,
alaia,Alaïa,fashion,Spring/Summer 2026,advertising,2026-02,Pieter Mulier,source,photographer,Steven Meisel,https://theimpression.com/alaia-spring-2026-ad-campaign-review/,published before Mulier's final show (March 2026); no stylist credited
alaia,Alaïa,fashion,Spring/Summer 2026,advertising,2026-02,Pieter Mulier,source,art_direction,Fabien Baron,https://theimpression.com/alaia-spring-2026-ad-campaign-review/,credited as Creative Director and for Art Direction & Video; agency Baron & Baron
alaia,Alaïa,fashion,Spring/Summer 2026,advertising,2026-02,Pieter Mulier,source,director,Fabien Baron,https://theimpression.com/alaia-spring-2026-ad-campaign-review/,campaign film; credited for Art Direction & Video
alaia,Alaïa,fashion,Spring/Summer 2026,advertising,2026-02,Pieter Mulier,source,casting,Ashley Brokaw,https://theimpression.com/alaia-spring-2026-ad-campaign-review/,
alaia,Alaïa,fashion,Summer Fall 2026,advertising,2026-08,,,photographer,David Sims,https://theimpression.com/alaia-fall-2026-ad-campaign-review/,"Mulier's final collection (shown March 2026); he left for Versace (from 1 July 2026) and The Impression says the house is between creative directors, so none was in post at publication. Tenure: https://uk.fashionnetwork.com/news/Pieter-mulier-steps-down-as-alaia-s-creative-director,1803175.html"
alaia,Alaïa,fashion,Summer Fall 2026,advertising,2026-08,,,director,David Sims,https://theimpression.com/alaia-fall-2026-ad-campaign-review/,"campaign film; credited as Photographer & Director. Mulier's final collection (shown March 2026); he left for Versace (from 1 July 2026) and The Impression says the house is between creative directors, so none was in post at publication. Tenure: https://uk.fashionnetwork.com/news/Pieter-mulier-steps-down-as-alaia-s-creative-director,1803175.html"
alaia,Alaïa,fashion,Summer Fall 2026,advertising,2026-08,,,art_direction,Aleksandra Woroniecka,https://theimpression.com/alaia-fall-2026-ad-campaign-review/,"credited as Creative Director and Stylist. Mulier's final collection (shown March 2026); he left for Versace (from 1 July 2026) and The Impression says the house is between creative directors, so none was in post at publication. Tenure: https://uk.fashionnetwork.com/news/Pieter-mulier-steps-down-as-alaia-s-creative-director,1803175.html"
alaia,Alaïa,fashion,Summer Fall 2026,advertising,2026-08,,,stylist,Aleksandra Woroniecka,https://theimpression.com/alaia-fall-2026-ad-campaign-review/,"Mulier's final collection (shown March 2026); he left for Versace (from 1 July 2026) and The Impression says the house is between creative directors, so none was in post at publication. Tenure: https://uk.fashionnetwork.com/news/Pieter-mulier-steps-down-as-alaia-s-creative-director,1803175.html"
alaia,Alaïa,fashion,Summer Fall 2026,advertising,2026-08,,,set_design,Vincent Olivieri,https://theimpression.com/alaia-fall-2026-ad-campaign-review/,"Mulier's final collection (shown March 2026); he left for Versace (from 1 July 2026) and The Impression says the house is between creative directors, so none was in post at publication. Tenure: https://uk.fashionnetwork.com/news/Pieter-mulier-steps-down-as-alaia-s-creative-director,1803175.html"
dolce_gabbana,Dolce&Gabbana,fashion,'Caretto Collection' Spring 2023 (menswear),advertising,2023-06,Domenico Dolce and Stefano Gabbana,source,photographer,Steven Meisel,https://theimpression.com/dolce-gabbana-fall-2023-ad-campaign-review/,"men's Carretto (spelled Caretto in the review) collection campaign, not the main seasonal campaign; the URL redirects to the review titled 'Caretto Collection' Spring 2023"
dolce_gabbana,Dolce&Gabbana,fashion,'Caretto Collection' Spring 2023 (menswear),advertising,2023-06,Domenico Dolce and Stefano Gabbana,source,stylist,Karl Templer,https://theimpression.com/dolce-gabbana-fall-2023-ad-campaign-review/,"men's Carretto (spelled Caretto in the review) collection campaign, not the main seasonal campaign; the URL redirects to the review titled 'Caretto Collection' Spring 2023"
dolce_gabbana,Dolce&Gabbana,fashion,'Caretto Collection' Spring 2023 (menswear),advertising,2023-06,Domenico Dolce and Stefano Gabbana,source,casting,Rosie Vogel,https://theimpression.com/dolce-gabbana-fall-2023-ad-campaign-review/,"men's Carretto (spelled Caretto in the review) collection campaign, not the main seasonal campaign; the URL redirects to the review titled 'Caretto Collection' Spring 2023"
dolce_gabbana,Dolce&Gabbana,fashion,Fall/Winter 2023 (menswear),advertising,2023-09,Domenico Dolce and Stefano Gabbana,tenure,photographer,Steven Meisel,https://www.thefashionisto.com/dolce-gabbana-fall-2023-campaign/,menswear campaign with Kit Butler; article dated 14 September 2023; no womenswear credit found
dolce_gabbana,Dolce&Gabbana,fashion,Fall/Winter 2023 (menswear),advertising,2023-09,Domenico Dolce and Stefano Gabbana,tenure,art_direction,Fabien Baron,https://www.thefashionisto.com/dolce-gabbana-fall-2023-campaign/,"article: ""Directed by Fabien Baron"""
dolce_gabbana,Dolce&Gabbana,fashion,Spring/Summer 2024,advertising,2024-02,Domenico Dolce and Stefano Gabbana,source,photographer,Steven Meisel,https://theimpression.com/dolce-gabbana-spring-2024-ad-campaign-review/,
dolce_gabbana,Dolce&Gabbana,fashion,Spring/Summer 2024,advertising,2024-02,Domenico Dolce and Stefano Gabbana,source,art_direction,Fabien Baron,https://theimpression.com/dolce-gabbana-spring-2024-ad-campaign-review/,agency Baron & Baron
dolce_gabbana,Dolce&Gabbana,fashion,Spring/Summer 2024,advertising,2024-02,Domenico Dolce and Stefano Gabbana,source,stylist,Karl Templer,https://theimpression.com/dolce-gabbana-spring-2024-ad-campaign-review/,
dolce_gabbana,Dolce&Gabbana,fashion,Spring/Summer 2024,advertising,2024-02,Domenico Dolce and Stefano Gabbana,source,casting,Rosie Vogel,https://theimpression.com/dolce-gabbana-spring-2024-ad-campaign-review/,
dolce_gabbana,Dolce&Gabbana,fashion,Spring/Summer 2024,advertising,2024-02,Domenico Dolce and Stefano Gabbana,source,set_design,Mary Howard,https://theimpression.com/dolce-gabbana-spring-2024-ad-campaign-review/,
dolce_gabbana,Dolce&Gabbana,fashion,Fall/Winter 2024 (menswear),advertising,2024-09,Domenico Dolce and Stefano Gabbana,tenure,photographer,Steven Meisel,https://www.thefashionisto.com/dolce-gabbana-fall-2024-campaign/,menswear campaign with Leon Dame; article dated 10 September 2024; no womenswear credit found
dolce_gabbana,Dolce&Gabbana,fashion,Fall/Winter 2024 (menswear),advertising,2024-09,Domenico Dolce and Stefano Gabbana,tenure,art_direction,Baron & Baron,https://www.thefashionisto.com/dolce-gabbana-fall-2024-campaign/,credited for art direction
dolce_gabbana,Dolce&Gabbana,fashion,Fall/Winter 2024 (menswear),advertising,2024-09,Domenico Dolce and Stefano Gabbana,tenure,stylist,Karl Templer,https://www.thefashionisto.com/dolce-gabbana-fall-2024-campaign/,
dolce_gabbana,Dolce&Gabbana,fashion,Spring/Summer 2025,advertising,2025-03,Domenico Dolce and Stefano Gabbana,source,photographer,Steven Meisel,https://theimpression.com/dolce-gabbana-spring-2025-ad-campaign-review/,month is the review date (31 March 2025)
dolce_gabbana,Dolce&Gabbana,fashion,Spring/Summer 2025,advertising,2025-03,Domenico Dolce and Stefano Gabbana,source,art_direction,Fabien Baron,https://theimpression.com/dolce-gabbana-spring-2025-ad-campaign-review/,
dolce_gabbana,Dolce&Gabbana,fashion,Spring/Summer 2025,advertising,2025-03,Domenico Dolce and Stefano Gabbana,source,stylist,Karl Templer,https://theimpression.com/dolce-gabbana-spring-2025-ad-campaign-review/,
dolce_gabbana,Dolce&Gabbana,fashion,Spring/Summer 2025,advertising,2025-03,Domenico Dolce and Stefano Gabbana,source,casting,Rosie Vogel,https://theimpression.com/dolce-gabbana-spring-2025-ad-campaign-review/,
dolce_gabbana,Dolce&Gabbana,fashion,Spring/Summer 2025,advertising,2025-03,Domenico Dolce and Stefano Gabbana,source,set_design,Mary Howard,https://theimpression.com/dolce-gabbana-spring-2025-ad-campaign-review/,
dolce_gabbana,Dolce&Gabbana,fashion,Fall/Winter 2025,advertising,2025-09,Domenico Dolce and Stefano Gabbana,source,photographer,Steven Meisel,https://theimpression.com/dolce-gabbana-fall-2025-ad-campaign-review/,month is the review date (8 September 2025)
dolce_gabbana,Dolce&Gabbana,fashion,Fall/Winter 2025,advertising,2025-09,Domenico Dolce and Stefano Gabbana,source,art_direction,Fabien Baron,https://theimpression.com/dolce-gabbana-fall-2025-ad-campaign-review/,agency Baron & Baron
dolce_gabbana,Dolce&Gabbana,fashion,Fall/Winter 2025,advertising,2025-09,Domenico Dolce and Stefano Gabbana,source,stylist,Karl Templer,https://theimpression.com/dolce-gabbana-fall-2025-ad-campaign-review/,
dolce_gabbana,Dolce&Gabbana,fashion,Fall/Winter 2025,advertising,2025-09,Domenico Dolce and Stefano Gabbana,source,casting,Rosie Vogel,https://theimpression.com/dolce-gabbana-fall-2025-ad-campaign-review/,
dolce_gabbana,Dolce&Gabbana,fashion,Fall/Winter 2025,advertising,2025-09,Domenico Dolce and Stefano Gabbana,source,set_design,Mary Howard,https://theimpression.com/dolce-gabbana-fall-2025-ad-campaign-review/,
dolce_gabbana,Dolce&Gabbana,fashion,Spring/Summer 2026,advertising,2026-04,Domenico Dolce and Stefano Gabbana,source,photographer,Steven Meisel,https://theimpression.com/dolce-gabbana-spring-2026-ad-campaign-review-2/,month is the review date (14 April 2026); a separate DG fragrance campaign reviewed the same day is excluded
dolce_gabbana,Dolce&Gabbana,fashion,Spring/Summer 2026,advertising,2026-04,Domenico Dolce and Stefano Gabbana,source,stylist,Karl Templer,https://theimpression.com/dolce-gabbana-spring-2026-ad-campaign-review-2/,
dolce_gabbana,Dolce&Gabbana,fashion,Spring/Summer 2026,advertising,2026-04,Domenico Dolce and Stefano Gabbana,source,casting,Piergiorgio Del Moro,https://theimpression.com/dolce-gabbana-spring-2026-ad-campaign-review-2/,
dolce_gabbana,Dolce&Gabbana,fashion,Fall/Winter 2026,advertising,2026-08,Domenico Dolce and Stefano Gabbana,source,photographer,Steven Meisel,https://theimpression.com/dolce-gabbana-fall-2026-ad-campaign-review/,no other credits in the review
max_mara,Max Mara,fashion,Spring/Summer 2023,advertising,2023-03,Ian Griffiths,source,photographer,Ethan James Green,https://theimpression.com/max-mara-spring-2023-ad-campaign-review/,
max_mara,Max Mara,fashion,Spring/Summer 2023,advertising,2023-03,Ian Griffiths,source,stylist,Tonne Goodman,https://theimpression.com/max-mara-spring-2023-ad-campaign-review/,
max_mara,Max Mara,fashion,Spring/Summer 2023,advertising,2023-03,Ian Griffiths,source,casting,Giulia Massullo,https://theimpression.com/max-mara-spring-2023-ad-campaign-review/,credited with Piergiorgio Del Moro
max_mara,Max Mara,fashion,Spring/Summer 2023,advertising,2023-03,Ian Griffiths,source,casting,Piergiorgio Del Moro,https://theimpression.com/max-mara-spring-2023-ad-campaign-review/,credited with Giulia Massullo
max_mara,Max Mara,fashion,Fall/Winter 2023,advertising,2023-09,Ian Griffiths,source,photographer,Ethan James Green,https://theimpression.com/max-mara-fall-2023-ad-campaign-review/,
max_mara,Max Mara,fashion,Fall/Winter 2023,advertising,2023-09,Ian Griffiths,source,art_direction,Magnus Berger,https://theimpression.com/max-mara-fall-2023-ad-campaign-review/,
max_mara,Max Mara,fashion,Fall/Winter 2023,advertising,2023-09,Ian Griffiths,source,stylist,Tonne Goodman,https://theimpression.com/max-mara-fall-2023-ad-campaign-review/,
max_mara,Max Mara,fashion,Spring/Summer 2024,advertising,2024-02,Ian Griffiths,source,photographer,Craig McDean,https://theimpression.com/max-mara-spring-2024-ad-campaign-review/,
max_mara,Max Mara,fashion,Spring/Summer 2024,advertising,2024-02,Ian Griffiths,source,director,Craig McDean,https://theimpression.com/max-mara-spring-2024-ad-campaign-review/,campaign film; credited as Photographer and Film Director
max_mara,Max Mara,fashion,Spring/Summer 2024,advertising,2024-02,Ian Griffiths,source,art_direction,Magnus Berger,https://theimpression.com/max-mara-spring-2024-ad-campaign-review/,
max_mara,Max Mara,fashion,Spring/Summer 2024,advertising,2024-02,Ian Griffiths,source,stylist,Tonne Goodman,https://theimpression.com/max-mara-spring-2024-ad-campaign-review/,
max_mara,Max Mara,fashion,Fall/Winter 2024,advertising,2024-11,Ian Griffiths,source,photographer,Craig McDean,https://theimpression.com/max-mara-fall-2024-ad-campaign-review/,month is the review date (11 November 2024)
max_mara,Max Mara,fashion,Fall/Winter 2024,advertising,2024-11,Ian Griffiths,source,stylist,Tonne Goodman,https://theimpression.com/max-mara-fall-2024-ad-campaign-review/,
max_mara,Max Mara,fashion,Spring/Summer 2025,advertising,2025-03,Ian Griffiths,source,photographer,Craig McDean,https://theimpression.com/max-mara-spring-2025-ad-campaign-review/,
max_mara,Max Mara,fashion,Spring/Summer 2025,advertising,2025-03,Ian Griffiths,source,stylist,Tonne Goodman,https://theimpression.com/max-mara-spring-2025-ad-campaign-review/,
max_mara,Max Mara,fashion,Spring/Summer 2025,advertising,2025-03,Ian Griffiths,source,casting,Piergiorgio Del Moro,https://theimpression.com/max-mara-spring-2025-ad-campaign-review/,
max_mara,Max Mara,fashion,Spring/Summer 2025,advertising,2025-03,Ian Griffiths,source,set_design,Piers Hanmer,https://theimpression.com/max-mara-spring-2025-ad-campaign-review/,
max_mara,Max Mara,fashion,Fall/Winter 2025,advertising,2025-09,Ian Griffiths,source,photographer,Craig McDean,https://theimpression.com/max-mara-fall-2025-ad-campaign-review/,Wuthering Heights theme
max_mara,Max Mara,fashion,Fall/Winter 2025,advertising,2025-09,Ian Griffiths,source,director,Craig McDean,https://theimpression.com/max-mara-fall-2025-ad-campaign-review/,campaign film; credited as Photographer/Director; Theo Stanley credited as director of photography
max_mara,Max Mara,fashion,Fall/Winter 2025,advertising,2025-09,Ian Griffiths,source,stylist,Tonne Goodman,https://theimpression.com/max-mara-fall-2025-ad-campaign-review/,
max_mara,Max Mara,fashion,Fall/Winter 2025,advertising,2025-09,Ian Griffiths,source,casting,Piergiorgio Del Moro,https://theimpression.com/max-mara-fall-2025-ad-campaign-review/,
max_mara,Max Mara,fashion,Fall/Winter 2025,advertising,2025-09,Ian Griffiths,source,set_design,Stefan Beckman,https://theimpression.com/max-mara-fall-2025-ad-campaign-review/,
max_mara,Max Mara,fashion,Spring/Summer 2026,advertising,2026-02,Ian Griffiths,tenure,photographer,Craig McDean,https://theimpression.com/max-mara-spring-2026-ad-campaign-review/,"the review's credits give ""Max Mara Creative Director | Max Mara"" and do not name Griffiths; Griffiths confirmed as creative director in The Impression's Fall 2026 show review (https://theimpression.com/max-mara-fall-2026-fashion-show-review/)"
max_mara,Max Mara,fashion,Spring/Summer 2026,advertising,2026-02,Ian Griffiths,tenure,art_direction,Jacobs+Talbourdet-Napoleone,https://theimpression.com/max-mara-spring-2026-ad-campaign-review/,credited as Creative Direction; Griffiths confirmed as creative director in The Impression's Fall 2026 show review (https://theimpression.com/max-mara-fall-2026-fashion-show-review/)
max_mara,Max Mara,fashion,Spring/Summer 2026,advertising,2026-02,Ian Griffiths,tenure,stylist,Tonne Goodman,https://theimpression.com/max-mara-spring-2026-ad-campaign-review/,Griffiths confirmed as creative director in The Impression's Fall 2026 show review (https://theimpression.com/max-mara-fall-2026-fashion-show-review/)
max_mara,Max Mara,fashion,Spring/Summer 2026,advertising,2026-02,Ian Griffiths,tenure,set_design,Stefan Beckman,https://theimpression.com/max-mara-spring-2026-ad-campaign-review/,Griffiths confirmed as creative director in The Impression's Fall 2026 show review (https://theimpression.com/max-mara-fall-2026-fashion-show-review/)
brunello_cucinelli,Brunello Cucinelli,fashion,Spring/Summer 2025,advertising,2025-04,Brunello Cucinelli,tenure,photographer,Morgan Pilcher,https://theimpression.com/brunello-cucinelli-spring-2025-ad-campaign-review/,month is the review date (2 April 2025); the review names no creative director; Wikipedia describes Cucinelli as executive chairman of the brand and a creative director (https://en.wikipedia.org/wiki/Brunello_Cucinelli); no start date given
brunello_cucinelli,Brunello Cucinelli,fashion,Spring/Summer 2025,advertising,2025-04,Brunello Cucinelli,tenure,stylist,Michela Buratti,https://theimpression.com/brunello-cucinelli-spring-2025-ad-campaign-review/,Wikipedia describes Cucinelli as executive chairman of the brand and a creative director (https://en.wikipedia.org/wiki/Brunello_Cucinelli); no start date given
zegna,Zegna,fashion,Spring/Summer 2023,advertising,2023-02,Alessandro Sartori,source,photographer,David Gomez Maestre,https://theimpression.com/zegna-spring-2023-ad-campaign-review/,Sartori's title at Zegna is artistic director; the review lists him as Zegna Creative Director
zegna,Zegna,fashion,Spring/Summer 2023,advertising,2023-02,Alessandro Sartori,source,art_direction,Alexander Ingham Brooke,https://theimpression.com/zegna-spring-2023-ad-campaign-review/,
zegna,Zegna,fashion,Spring/Summer 2023,advertising,2023-02,Alessandro Sartori,source,stylist,Julie Ragolia,https://theimpression.com/zegna-spring-2023-ad-campaign-review/,
zegna,Zegna,fashion,Spring/Summer 2023,advertising,2023-02,Alessandro Sartori,source,casting,Ben Grimes,https://theimpression.com/zegna-spring-2023-ad-campaign-review/,
