house_id,brand,group,measure,period,period_type,period_start,period_end,revenue_m,currency,reported_change_pct,comparable_change_pct,verified,source_url,note
bottega_veneta,Bottega Veneta,Kering,house_revenue,2019Q1,quarter,2019-01-01,2019-03-31,248.1,EUR,-5.0,-8.9,true,https://echanges.dila.gouv.fr/OPENDATA/AMF/BWR/2019/04/FCBWR117122_20190417.pdf,"Kering Q1 2019 revenue press release, copy filed through the AMF regulated-information feed (DILA open data). Published to one decimal. The release states 2018 comparatives are restated under IFRS 5 (PUMA, Stella McCartney, Volcom, Christopher Kane)."
bottega_veneta,Bottega Veneta,Kering,house_revenue,2019Q2,quarter,2019-04-01,2019-06-30,300.9,EUR,3.4,0.8,true,https://echanges.dila.gouv.fr/OPENDATA/AMF/BWR/2019/07/FCBWR119578_20190725.pdf,"Kering H1 2019 results press release, Q2 table, copy filed through the AMF regulated-information feed (DILA open data). Published to one decimal."
bottega_veneta,Bottega Veneta,Kering,house_revenue,2019Q3,quarter,2019-07-01,2019-09-30,284.3,EUR,9.8,6.9,true,https://echanges.dila.gouv.fr/OPENDATA/AMF/BWR/2019/10/FCBWR121461_20191024.pdf,"Kering Q3 2019 revenue press release, Q3 table, copy filed through the AMF regulated-information feed (DILA open data). Published to one decimal."
bottega_veneta,Bottega Veneta,Kering,house_revenue,2019Q4,quarter,2019-10-01,2019-12-31,334.3,EUR,12.2,9.4,true,https://echanges.dila.gouv.fr/OPENDATA/AMF/BWR/2020/02/FCBWR123517_20200212.pdf,"Kering FY 2019 results press release, Q4 table, copy filed through the AMF regulated-information feed (DILA open data). Published to one decimal."
bottega_veneta,Bottega Veneta,Kering,house_revenue,2020Q1,quarter,2020-01-01,2020-03-31,273.7,EUR,10.3,8.5,true,https://www.businesswire.com/news/home/20200421005650/en/In-a-Quarter-Heavily-Impacted-by-Covid-19-Kering-Demonstrates-Its-Solidity,Kering Q1 2020 revenue press release distributed via Business Wire. Published to one decimal.
bottega_veneta,Bottega Veneta,Kering,house_revenue,2020Q2,quarter,2020-04-01,2020-06-30,229.4,EUR,-23.8,-24.4,true,https://www.businesswire.com/news/home/20200728005745/en/Kering-2020-Half-year-Results,"Kering H1 2020 results press release, Q2 table, distributed via Business Wire. Published to one decimal."
bottega_veneta,Bottega Veneta,Kering,house_revenue,2020Q3,quarter,2020-07-01,2020-09-30,332.5,EUR,,,true,https://echanges.dila.gouv.fr/OPENDATA/AMF/MKW/2021/10/FCMKW113143_20211019.pdf,"NOT FIRST PUBLICATION: the original Q3 2020 revenue release (Oct 2020) could not be opened; figure read from the Q3 2020 comparative column of Kering's Q3 2021 revenue press release, copy filed through the AMF regulated-information feed (DILA open data). Published to one decimal. Q1+Q2+Q3+Q4 2020 add up exactly to the FY 2020 totals in the FY 2020 release, so no restatement was detected. Year-on-year changes vs Q3 2019 are not given in this source, so left blank."
bottega_veneta,Bottega Veneta,Kering,house_revenue,2020Q4,quarter,2020-10-01,2020-12-31,374.7,EUR,12.1,15.7,true,https://www.globenewswire.com/news-release/2021/02/17/2176745/0/en/Kering-2020-Annual-Results.html,"Kering FY 2020 results press release, Q4 table, distributed via GlobeNewswire. Published to one decimal."
bottega_veneta,Bottega Veneta,Kering,house_revenue,2021Q1,quarter,2021-01-01,2021-03-31,328.2,EUR,19.9,24.6,true,https://echanges.dila.gouv.fr/OPENDATA/AMF/MKW/2021/04/FCMKW119525_20210420.pdf,"Kering Q1 2021 revenue press release, copy filed through the AMF regulated-information feed (DILA open data). Published to one decimal."
bottega_veneta,Bottega Veneta,Kering,house_revenue,2021Q2,quarter,2021-04-01,2021-06-30,379.4,EUR,65.4,69.0,true,https://www.globenewswire.com/news-release/2021/07/27/2269679/0/en/Kering-2021-First-half-results.html,"Kering H1 2021 results press release, Q2 table, distributed via GlobeNewswire. Published to one decimal."
bottega_veneta,Bottega Veneta,Kering,house_revenue,2021Q3,quarter,2021-07-01,2021-09-30,363.4,EUR,9.3,8.9,true,https://echanges.dila.gouv.fr/OPENDATA/AMF/MKW/2021/10/FCMKW113143_20211019.pdf,"Kering Q3 2021 revenue press release, Q3 table, copy filed through the AMF regulated-information feed (DILA open data). Published to one decimal."
bottega_veneta,Bottega Veneta,Kering,house_revenue,2021Q4,quarter,2021-10-01,2021-12-31,431.8,EUR,15.2,13.7,true,https://www.globenewswire.com/news-release/2022/02/17/2386808/0/en/Kering-2021-FY-Results-EXCELLENT-2021-PERFORMANCES-WELL-AHEAD-OF-2019-LEVELS.html,"Kering FY 2021 results press release, Q4 table, distributed via GlobeNewswire. Published to one decimal."
bottega_veneta,Bottega Veneta,Kering,house_revenue,2022Q1,quarter,2022-01-01,2022-03-31,396.4,EUR,20.8,16.3,true,https://echanges.dila.gouv.fr/OPENDATA/AMF/MKW/2022/04/FCMKW118204_20220421.pdf,"Kering Q1 2022 revenue press release, copy filed through the AMF regulated-information feed (DILA open data). Published to one decimal. First release using the Kering Eyewear and Corporate segment."
bottega_veneta,Bottega Veneta,Kering,house_revenue,2022Q2,quarter,2022-04-01,2022-06-30,438,EUR,15,10,true,https://www.bnains.org/archives/communiques/PPR/20220727_Communique_resultats_semestriels_2022_Kering.pdf,"Kering H1 2022 results press release, Q2 (T2) table; French-language release; PDF copy hosted on the bnains.org archive. Published in whole millions and whole percentages."
bottega_veneta,Bottega Veneta,Kering,house_revenue,2022Q3,quarter,2022-07-01,2022-09-30,437,EUR,20,14,true,https://www.bnains.org/archives/communiques/PPR/20221020_Communique_CA_T3_2022_Kering.pdf,"Kering Q3 2022 revenue press release, Q3 (T3) table; French-language release; PDF copy hosted on the bnains.org archive."
bottega_veneta,Bottega Veneta,Kering,house_revenue,2022Q4,quarter,2022-10-01,2022-12-31,469,EUR,8,6,true,https://echanges.dila.gouv.fr/OPENDATA/AMF/MKW/2023/02/FCMKW112751_20230215.pdf,"Kering FY 2022 results press release, Q4 table, copy filed through the AMF regulated-information feed (DILA open data)."
bottega_veneta,Bottega Veneta,Kering,house_revenue,2023Q1,quarter,2023-01-01,2023-03-31,395,EUR,-0,0,true,https://echanges.dila.gouv.fr/OPENDATA/AMF/MKW/2023/04/FCMKW116047_20230425.pdf,"Kering Q1 2023 revenue press release, copy filed through the AMF regulated-information feed (DILA open data). Changes printed as -0% (reported) and +0% (comparable)."
bottega_veneta,Bottega Veneta,Kering,house_revenue,2023Q2,quarter,2023-04-01,2023-06-30,438,EUR,0,3,true,https://www.globenewswire.com/news-release/2023/07/27/2712470/0/en/Kering-First-half-2023-results.html,"Kering H1 2023 results press release, Q2 table, distributed via GlobeNewswire. Reported change printed as +0%."
bottega_veneta,Bottega Veneta,Kering,house_revenue,2023Q3,quarter,2023-07-01,2023-09-30,381,EUR,-13,-7,true,https://www.globenewswire.com/news-release/2023/10/24/2765897/0/en/Kering-Third-quarter-2023-revenue.html,"Kering Q3 2023 revenue press release, Q3 table, distributed via GlobeNewswire."
bottega_veneta,Bottega Veneta,Kering,house_revenue,2023Q4,quarter,2023-10-01,2023-12-31,431,EUR,-8,-4,true,https://mfn.se/one/a/kering/kering-press-release-2023-annual-results-9aec89a1,"Kering FY 2023 results press release, Q4 table, distributed via MFN."
bottega_veneta,Bottega Veneta,Kering,house_revenue,2024Q1,quarter,2024-01-01,2024-03-31,388,EUR,-2,2,true,https://echanges.dila.gouv.fr/OPENDATA/AMF/MKW/2024/04/FCMKW116369_20240423.pdf,"Kering Q1 2024 revenue press release, copy filed through the AMF regulated-information feed (DILA open data)."
bottega_veneta,Bottega Veneta,Kering,house_revenue,2024Q2,quarter,2024-04-01,2024-06-30,448,EUR,2,4,true,https://www.bnains.org/archives/communiques/PPR/20240724_Communique_resultats_semestriels_2024_Kering.pdf,"Kering H1 2024 results press release, Q2 (T2) table; French-language release; PDF copy hosted on the bnains.org archive."
bottega_veneta,Bottega Veneta,Kering,house_revenue,2024Q3,quarter,2024-07-01,2024-09-30,397,EUR,4,5,true,https://echanges.dila.gouv.fr/OPENDATA/AMF/MKW/2024/10/FCMKW119136_20241023.pdf,"Kering Q3 2024 revenue press release, Q3 table, copy filed through the AMF regulated-information feed (DILA open data)."
bottega_veneta,Bottega Veneta,Kering,house_revenue,2024Q4,quarter,2024-10-01,2024-12-31,480,EUR,11,12,true,https://www.bnains.org/archives/communiques/PPR/20250211_Communique_resultats_annuels_2024_Kering.pdf,"Kering FY 2024 results press release, Q4 (T4) table; French-language release; PDF copy hosted on the bnains.org archive."
bottega_veneta,Bottega Veneta,Kering,house_revenue,2025Q1,quarter,2025-01-01,2025-03-31,405,EUR,4,4,true,https://www.bnains.org/archives/communiques/PPR/20250423_Communique_CA_T1_2025_Kering.pdf,"Kering Q1 2025 revenue press release; French-language release; PDF copy hosted on the bnains.org archive. From Q1 2026 Kering no longer reports Yves Saint Laurent, Bottega Veneta or Other Houses revenue separately (new segments: Kering Fashion & Leather Goods, Kering Jewelry, Kering Eyewear, Corporate & Other); the 2026 releases give no restated house-level figure for this quarter."
bottega_veneta,Bottega Veneta,Kering,house_revenue,2025Q2,quarter,2025-04-01,2025-06-30,441,EUR,-1,1,true,https://www.bnains.org/archives/communiques/PPR/20250729_Communique_resultats_semestriels_2025_Kering.pdf,"Kering H1 2025 results press release, Q2 (T2) table; French-language release; PDF copy hosted on the bnains.org archive. From Q1 2026 Kering no longer reports Yves Saint Laurent, Bottega Veneta or Other Houses revenue separately (new segments: Kering Fashion & Leather Goods, Kering Jewelry, Kering Eyewear, Corporate & Other); the 2026 releases give no restated house-level figure for this quarter."
bottega_veneta,Bottega Veneta,Kering,house_revenue,2025Q3,quarter,2025-07-01,2025-09-30,393,EUR,-1,3,true,https://www.bnains.org/archives/communiques/PPR/20251022_Communique_CA_T3_2025_Kering.pdf,"Kering Q3 2025 revenue press release, Q3 (T3) table; French-language release; PDF copy hosted on the bnains.org archive. From Q1 2026 Kering no longer reports Yves Saint Laurent, Bottega Veneta or Other Houses revenue separately (new segments: Kering Fashion & Leather Goods, Kering Jewelry, Kering Eyewear, Corporate & Other); the 2026 releases give no restated house-level figure for this quarter."
brunello_cucinelli,Brunello Cucinelli,Brunello Cucinelli S.p.A.,net_revenues,2019Q1,quarter,2019-01-01,2019-03-31,160.4,EUR,8.1,7.1,true,https://investor.brunellocucinelli.com/yep-content/media/BC_1Q_19_ENG.pdf,"Brunello Cucinelli net revenues, first quarter; reported = change at current exchange rates, comparable = change at constant exchange rates; source: first-quarter sales release, 8 May 2019"
brunello_cucinelli,Brunello Cucinelli,Brunello Cucinelli S.p.A.,net_revenues,2019H1,half,2019-01-01,2019-06-30,291.4,EUR,8.1,7.2,true,https://investor.brunellocucinelli.com/yep-content/media/BC_1H_19_ENG.pdf,"Brunello Cucinelli net revenues, first half; reported = change at current exchange rates, comparable = change at constant exchange rates; source: 2019 half-year financial report release, 28 Aug 2019"
brunello_cucinelli,Brunello Cucinelli,Brunello Cucinelli S.p.A.,net_revenues,2019-9M,nine_months,2019-01-01,2019-09-30,459.2,EUR,8.8,7.7,true,https://investor.brunellocucinelli.com/yep-content/media/BC_9M_19_ENG.pdf,"Brunello Cucinelli net revenues, nine months to 30 Sep; reported = change at current exchange rates, comparable = change at constant exchange rates; source: nine-month sales release, 7 Nov 2019"
brunello_cucinelli,Brunello Cucinelli,Brunello Cucinelli S.p.A.,net_revenues,FY2019,year,2019-01-01,2019-12-31,607.8,EUR,9.9,8.6,true,https://investor.brunellocucinelli.com/yep-content/media/BC_FY_19_EN_final.pdf,"Brunello Cucinelli net revenues, full year; reported = change at current exchange rates, comparable = change at constant exchange rates; source: 2019 consolidated financial statements release, 11 Mar 2020"
brunello_cucinelli,Brunello Cucinelli,Brunello Cucinelli S.p.A.,net_revenues,2020Q1,quarter,2020-01-01,2020-03-31,156.7,EUR,-2.3,-2.9,true,https://investor.brunellocucinelli.com/yep-content/media/BC_1Q%2020_Cons_ENG3.pdf,"Brunello Cucinelli net revenues, first quarter; reported = change at current exchange rates, comparable = change at constant exchange rates; source: first-quarter 2020 sales release, 7 May 2020"
brunello_cucinelli,Brunello Cucinelli,Brunello Cucinelli S.p.A.,net_revenues,2020H1,half,2020-01-01,2020-06-30,205.1,EUR,-29.6,-29.8,true,https://investor.brunellocucinelli.com/yep-content/media/BC_1H_20_Eng.pdf,"Brunello Cucinelli net revenues, first half; reported = change at current exchange rates, comparable = change at constant exchange rates; source: 2020 half-year financial report release, 27 Aug 2020"
brunello_cucinelli,Brunello Cucinelli,Brunello Cucinelli S.p.A.,net_revenues,2020-9M,nine_months,2020-01-01,2020-09-30,378.7,EUR,-17.5,-17.4,true,https://investor.brunellocucinelli.com/yep-content/media/BC_9M%2020_ENG2.pdf,"Brunello Cucinelli net revenues, nine months to 30 Sep; reported = change at current exchange rates, comparable = change at constant exchange rates; source: nine-month sales release, 19 Nov 2020"
brunello_cucinelli,Brunello Cucinelli,Brunello Cucinelli S.p.A.,net_revenues,FY2020,year,2020-01-01,2020-12-31,544.0,EUR,-10.5,-9.9,true,https://investor.brunellocucinelli.com/yep-content/media/BC_FY_20__EN.pdf,"Brunello Cucinelli net revenues, full year; reported = change at current exchange rates, comparable = change at constant exchange rates; source: 2020 consolidated financial statements release, 11 Mar 2021"
brunello_cucinelli,Brunello Cucinelli,Brunello Cucinelli S.p.A.,net_revenues,2021Q1,quarter,2021-01-01,2021-03-31,164.6,EUR,5.1,7.0,true,https://investor.brunellocucinelli.com/yep-content/media/BC_1Q%2021_EN2.pdf,"Brunello Cucinelli net revenues, first quarter; reported = change at current exchange rates, comparable = change at constant exchange rates; source: first-quarter 2021 revenues release, 21 Apr 2021; growth vs Q1 2020 (vs Q1 2019: +2.6% current, +3.3% constant)"
brunello_cucinelli,Brunello Cucinelli,Brunello Cucinelli S.p.A.,net_revenues,2021H1,half,2021-01-01,2021-06-30,313.8,EUR,52.9,57.7,true,https://investor.brunellocucinelli.com/yep-content/media/BC_1H_21_EN[1].pdf,"Brunello Cucinelli net revenues, first half; reported = change at current exchange rates, comparable = change at constant exchange rates; source: 2021 half-year financial report release, 26 Aug 2021; growth vs H1 2020 (vs H1 2019: +7.7% current, +10.0% constant)"
brunello_cucinelli,Brunello Cucinelli,Brunello Cucinelli S.p.A.,net_revenues,2021-9M,nine_months,2021-01-01,2021-09-30,502.6,EUR,32.7,35.4,true,https://investor.brunellocucinelli.com/yep-content/media/BC_9M_21_UK.pdf,"Brunello Cucinelli net revenues, nine months to 30 Sep; reported = change at current exchange rates, comparable = change at constant exchange rates; source: nine-month sales release, 21 Oct 2021; growth vs 9M 2020 (vs 9M 2019: +9.4% current, +12.2% constant)"
brunello_cucinelli,Brunello Cucinelli,Brunello Cucinelli S.p.A.,net_revenues,FY2021,year,2021-01-01,2021-12-31,712.2,EUR,30.9,32.4,true,https://investor.brunellocucinelli.com/yep-content/media/BC_FY_21_ENG[1].pdf,"Brunello Cucinelli net revenues, full year; reported = change at current exchange rates, comparable = change at constant exchange rates; source: 2021 consolidated financial statements release, 10 Mar 2022; release states '+30.9% (+32.4% at constant exchange rates) compared to 2020' without naming the basis of the first figure; +17.2% vs 2019"
brunello_cucinelli,Brunello Cucinelli,Brunello Cucinelli S.p.A.,net_revenues,2022Q1,quarter,2022-01-01,2022-03-31,196.9,EUR,19.6,16.7,true,https://investor.brunellocucinelli.com/yep-content/media/BC_1Q_22_ENG.pdf,"Brunello Cucinelli net revenues, first quarter; reported = change at current exchange rates, comparable = change at constant exchange rates; source: first-quarter 2022 revenues release, 13 Apr 2022"
brunello_cucinelli,Brunello Cucinelli,Brunello Cucinelli S.p.A.,net_revenues,2022H1,half,2022-01-01,2022-06-30,415.4,EUR,32.4,28.3,true,https://investor.brunellocucinelli.com/yep-content/media/BC_1H_22_Consuntiivo_ENG.pdf,"Brunello Cucinelli net revenues, first half; reported = change at current exchange rates, comparable = change at constant exchange rates; source: 2022 half-year financial report release, 30 Aug 2022"
brunello_cucinelli,Brunello Cucinelli,Brunello Cucinelli S.p.A.,net_revenues,2022-9M,nine_months,2022-01-01,2022-09-30,642.0,EUR,27.7,23.2,true,https://investor.brunellocucinelli.com/yep-content/media/BC_9M_22_ENG.pdf,"Brunello Cucinelli net revenues, nine months to 30 Sep; reported = change at current exchange rates, comparable = change at constant exchange rates; source: nine-month sales release, 19 Oct 2022"
brunello_cucinelli,Brunello Cucinelli,Brunello Cucinelli S.p.A.,net_revenues,FY2022,year,2022-01-01,2022-12-31,919.7,EUR,29.1,24.8,true,https://investor.brunellocucinelli.com/yep-content/media/BC_FY_22_ENG.pdf,"Brunello Cucinelli net revenues, full year; reported = change at current exchange rates, comparable = change at constant exchange rates; source: 2022 consolidated financial statements release, 15 Mar 2023"
brunello_cucinelli,Brunello Cucinelli,Brunello Cucinelli S.p.A.,net_revenues,2023Q1,quarter,2023-01-01,2023-03-31,265.3,EUR,34.7,32.8,true,https://investor.brunellocucinelli.com/yep-content/media/BC_1Q_23_EN.pdf,"Brunello Cucinelli net revenues, first quarter; reported = change at current exchange rates, comparable = change at constant exchange rates; source: first-quarter 2023 revenues release, 18 Apr 2023"
brunello_cucinelli,Brunello Cucinelli,Brunello Cucinelli S.p.A.,net_revenues,2023H1,half,2023-01-01,2023-06-30,543.9,EUR,31.0,30.5,true,https://investor.brunellocucinelli.com/yep-content/media/BC_1H_23_EN.pdf,"Brunello Cucinelli net revenues, first half; reported = change at current exchange rates, comparable = change at constant exchange rates; source: 2023 half-year financial report release, 29 Aug 2023"
brunello_cucinelli,Brunello Cucinelli,Brunello Cucinelli S.p.A.,net_revenues,2023-9M,nine_months,2023-01-01,2023-09-30,818.4,EUR,27.5,28.8,true,https://investor.brunellocucinelli.com/yep-content/media/The_Board_of_Directors_examines_Sales_Result_at_30_September_2023.pdf,"Brunello Cucinelli net revenues, nine months to 30 Sep; reported = change at current exchange rates, comparable = change at constant exchange rates; source: nine-month revenue release, 19 Oct 2023"
brunello_cucinelli,Brunello Cucinelli,Brunello Cucinelli S.p.A.,net_revenues,FY2023,year,2023-01-01,2023-12-31,1139.4,EUR,23.9,26.0,true,https://investor.brunellocucinelli.com/yep-content/media/The_Board_of_Directors_approves_the_2023_consolidated_financial_statements_and_the_2023_draft_financial_statements.pdf,"Brunello Cucinelli net revenues, full year; reported = change at current exchange rates, comparable = change at constant exchange rates; source: 2023 consolidated financial statements release, 14 Mar 2024"
brunello_cucinelli,Brunello Cucinelli,Brunello Cucinelli S.p.A.,net_revenues,2024Q1,quarter,2024-01-01,2024-03-31,309.1,EUR,16.5,17.9,true,https://investor.brunellocucinelli.com/yep-content/media/The_Board_of_Directors_examines_Sales_Results_at_31th_March_2024.pdf,"Brunello Cucinelli net revenues, first quarter; reported = change at current exchange rates, comparable = change at constant exchange rates; source: first-quarter 2024 revenues release, 17 Apr 2024"
brunello_cucinelli,Brunello Cucinelli,Brunello Cucinelli S.p.A.,net_revenues,2024H1,half,2024-01-01,2024-06-30,620.7,EUR,14.1,14.7,true,https://investor.brunellocucinelli.com/yep-content/media/BC_1H%2024_UK2.pdf,"Brunello Cucinelli net revenues, first half; reported = change at current exchange rates, comparable = change at constant exchange rates; source: 2024 half-year financial report release, 28 Aug 2024 (constant rates called 'fixed exchange rates')"
brunello_cucinelli,Brunello Cucinelli,Brunello Cucinelli S.p.A.,net_revenues,2024-9M,nine_months,2024-01-01,2024-09-30,920.2,EUR,12.4,12.7,true,https://investor.brunellocucinelli.com/yep-content/media/BC_9M_24_EN.pdf,"Brunello Cucinelli net revenues, nine months to 30 Sep; reported = change at current exchange rates, comparable = change at constant exchange rates; source: nine-month revenue release, 17 Oct 2024 (constant rates called 'fixed exchange rates')"
brunello_cucinelli,Brunello Cucinelli,Brunello Cucinelli S.p.A.,net_revenues,FY2024,year,2024-01-01,2024-12-31,1278.5,EUR,12.2,12.4,true,https://investor.brunellocucinelli.com/yep-content/media/The_Board_of_Directors_approves_the_2024_consolidated_financial_statements_and_the_2024_draft_financial_statements.pdf,"Brunello Cucinelli net revenues, full year; reported = change at current exchange rates, comparable = change at constant exchange rates; source: 2024 consolidated financial statements release, 13 Mar 2025"
brunello_cucinelli,Brunello Cucinelli,Brunello Cucinelli S.p.A.,net_revenues,2025Q1,quarter,2025-01-01,2025-03-31,341.5,EUR,10.5,10.0,true,https://investor.brunellocucinelli.com/yep-content/media/The_Board_of_Directors_examines_Sales_Results_at_31th_March_2025.pdf,"Brunello Cucinelli net revenues, first quarter; reported = change at current exchange rates, comparable = change at constant exchange rates; source: first-quarter 2025 revenues release, 16 Apr 2025 (constant rates called 'fixed exchange rates')"
brunello_cucinelli,Brunello Cucinelli,Brunello Cucinelli S.p.A.,net_revenues,2025H1,half,2025-01-01,2025-06-30,684.1,EUR,10.2,10.7,true,https://investor.brunellocucinelli.com/yep-content/media/The_Board_of_Directors_has_approved_the_2025_Half_Year_Financial_Report.pdf,"Brunello Cucinelli net revenues, first half; reported = change at current exchange rates, comparable = change at constant exchange rates; source: 2025 half-year financial report release, 28 Aug 2025 (constant rates called 'fixed exchange rates')"
brunello_cucinelli,Brunello Cucinelli,Brunello Cucinelli S.p.A.,net_revenues,2025-9M,nine_months,2025-01-01,2025-09-30,1019.2,EUR,10.8,11.3,true,https://investor.brunellocucinelli.com/yep-content/media/The_Board_of_Directors_examines_Sales_Result_at_30_September_2025.pdf,"Brunello Cucinelli net revenues, nine months to 30 Sep; reported = change at current exchange rates, comparable = change at constant exchange rates; source: nine-month revenue release, 16 Oct 2025"
brunello_cucinelli,Brunello Cucinelli,Brunello Cucinelli S.p.A.,net_revenues,FY2025,year,2025-01-01,2025-12-31,1408.0,EUR,10.1,11.5,true,https://investor.brunellocucinelli.com/yep-content/media/The_Board_of_Directors_approves_the_consolidated_financial_statements_and_the_2025_draft_financial_statements..pdf,"Brunello Cucinelli net revenues, full year; reported = change at current exchange rates, comparable = change at constant exchange rates; source: 2025 consolidated financial statements release, 18 Feb 2026 (constant rates called 'fixed exchange rates')"
brunello_cucinelli,Brunello Cucinelli,Brunello Cucinelli S.p.A.,net_revenues,2026Q1,quarter,2026-01-01,2026-03-31,369.1,EUR,8.1,14.0,true,https://investor.brunellocucinelli.com/yep-content/media/BC_1Q_26_ENG_2.pdf,"Brunello Cucinelli net revenues, first quarter; reported = change at current exchange rates, comparable = change at constant exchange rates; source: first-quarter 2026 revenues release, 9 Apr 2026"
brunello_cucinelli,Brunello Cucinelli,Brunello Cucinelli S.p.A.,net_revenues,2026H1,half,2026-01-01,2026-06-30,749.4,EUR,9.5,13.3,true,https://investor.brunellocucinelli.com/yep-content/media/The_Board_of_Directors_approved_the_2026_Half-Year_Financial_Report.pdf,"Brunello Cucinelli net revenues, first half; reported = change at current exchange rates, comparable = change at constant exchange rates; source: 2026 half-year financial report release, 30 Jul 2026"
burberry,Burberry,Burberry Group plc,group_revenue,FY2019,year,2018-04-01,2019-03-30,2720,GBP,0,2,true,https://www.burberryplc.com/content/dam/burberryplc/corporate/documents/investors/results-reports/2019/Burberry%20Prelims%202019%20Announcement.pdf.downloadasset.pdf,"Burberry FY2019 (fiscal year), 52 weeks to 30 Mar 2019; total revenue; reported = change at reported FX; comparable = retail comparable store sales; change at CER -1%; prior year GBP 2,733m; release also gives revenue excluding Beauty wholesale +2% reported and CER"
burberry,Burberry,Burberry Group plc,group_revenue,2019Q2,quarter,2019-03-31,2019-06-29,498,GBP,4,4,true,https://www.burberryplc.com/content/dam/burberryplc/corporate/documents/investors/results-reports/2019/Burberry%20First%20Quarter%20Trading%20Update1.pdf.downloadasset.pdf,"Burberry FY2020 Q1 trading update, 13 weeks to 29 Jun 2019 (labelled by calendar quarter); RETAIL revenue only, as published for the quarter (not total revenue); reported = change at reported FX; comparable = comparable store sales; change at CER +2%"
burberry,Burberry,Burberry Group plc,group_revenue,FY2020H1,half,2019-03-31,2019-09-28,1281,GBP,5,4,true,https://www.burberryplc.com/content/dam/burberryplc/corporate/documents/investors/results-reports/2019/Burberry%20Interims%20Announcement%20Nov%202019.pdf.downloadasset.pdf,"Burberry FY2020 H1 (fiscal half), 26 weeks to 28 Sep 2019; total revenue; reported = change at reported FX; comparable = retail comparable store sales; change at CER +3%"
burberry,Burberry,Burberry Group plc,group_revenue,FY2020,year,2019-03-31,2020-03-28,2633,GBP,-3,-3,true,https://www.burberryplc.com/content/dam/burberryplc/corporate/documents/investors/results-reports/2020/Burberry%20Prelims%202020_Statement.pdf.downloadasset.pdf,"Burberry FY2020 (fiscal year), 52 weeks to 28 Mar 2020; total revenue; reported = change at reported FX; comparable = retail comparable store sales; change at CER -4%"
burberry,Burberry,Burberry Group plc,group_revenue,2019Q4,quarter,2019-09-29,2019-12-28,719,GBP,1,3,true,https://www.burberryplc.com/content/dam/burberryplc/corporate/documents/investors/results-reports/2020/Burberry%20Third%20Quarter%20Trading%20Update%20Announcement.pdf.downloadasset.pdf,"Burberry FY2020 Q3 trading update, 13 weeks to 28 Dec 2019 (labelled by calendar quarter); RETAIL revenue only, as published for the quarter (not total revenue); reported = change at reported FX; comparable = comparable store sales; change at CER +2%"
burberry,Burberry,Burberry Group plc,group_revenue,2020Q2,quarter,2020-03-29,2020-06-27,257,GBP,-48,-45,true,https://www.burberryplc.com/content/dam/burberryplc/corporate/documents/investors/results-reports/2020/Burberry%20Q1%20Trading%20Update.pdf.downloadasset.pdf,"Burberry FY2021 Q1 trading update, 13 weeks to 27 Jun 2020 (labelled by calendar quarter); RETAIL revenue only, as published for the quarter (not total revenue); reported = change at reported FX; comparable = comparable store sales; change at CER -49%; the release labels the comparable measure 'Comparable sales'"
burberry,Burberry,Burberry Group plc,group_revenue,FY2021H1,half,2020-03-29,2020-09-26,878,GBP,-31,-25,true,https://www.burberryplc.com/content/dam/burberryplc/corporate/documents/investors/results-reports/2020/Interims%202020%20combined%20statement.pdf.downloadasset.pdf,"Burberry FY2021 H1 (fiscal half), 26 weeks to 26 Sep 2020; total revenue; reported = change at reported FX; comparable = retail comparable store sales; change at CER -30%"
burberry,Burberry,Burberry Group plc,group_revenue,FY2021,year,2020-03-29,2021-03-27,2344,GBP,-11,-9,true,https://www.burberryplc.com/content/dam/burberryplc/corporate/documents/investors/results-reports/2021/Burberry%20Preliminary%20Results%20FY2021.pdf.downloadasset.pdf,"Burberry FY2021 (fiscal year), 52 weeks to 27 Mar 2021; total revenue; reported = change at reported FX; comparable = retail comparable store sales; change at CER -10%"
burberry,Burberry,Burberry Group plc,group_revenue,2020Q4,quarter,2020-09-27,2020-12-26,688,GBP,-4,-9,true,https://www.burberryplc.com/content/dam/burberryplc/corporate/documents/investors/results-reports/2021/Third%20Quarter%20Trading%20Update%20Announcement%20FINAL.pdf.downloadasset.pdf,"Burberry FY2021 Q3 trading update, 13 weeks to 26 Dec 2020 (labelled by calendar quarter); RETAIL revenue only, as published for the quarter (not total revenue); reported = change at reported FX; comparable = comparable store sales; change at CER -5%"
burberry,Burberry,Burberry Group plc,group_revenue,2021Q2,quarter,2021-03-28,2021-06-26,479,GBP,86,90,true,https://www.burberryplc.com/content/dam/burberryplc/corporate/documents/investors/results-reports/2021/Burberry%20Q1%20FY22%20Announcement.pdf.downloadasset.pdf,"Burberry FY2022 Q1 trading update, 13 weeks to 26 Jun 2021 (labelled by calendar quarter); RETAIL revenue only, as published for the quarter (not total revenue); reported = change at reported FX; comparable = comparable store sales; change at CER +98%; comparable store sales -1% vs two years earlier (Q1 FY20)"
burberry,Burberry,Burberry Group plc,group_revenue,FY2022,year,2021-03-28,2022-04-02,2826,GBP,,18,true,https://www.burberryplc.com/investors/financial-performance-kpis,"Burberry FY2022 (fiscal year), 53 weeks to 2 Apr 2022; total revenue; reported = change at reported FX; comparable = retail comparable store sales; change at CER +23%; 53-week year (period per the FY2022 preliminary results financial statements); revenue, CER growth and comparable store sales from Burberry's 'Financial performance and KPIs' page, which states growth at constant exchange rates; change at reported FX not given there and the FY2022 results announcement text could not be extracted"
burberry,Burberry,Burberry Group plc,group_revenue,2021Q4,quarter,2021-09-26,2021-12-25,723,GBP,5,7,true,https://www.burberryplc.com/content/dam/burberryplc/corporate/documents/investors/results-reports/2022/Burberry%20Third%20Quarter%20Trading%20Update.pdf.downloadasset.pdf,"Burberry FY2022 Q3 trading update, 13 weeks to 25 Dec 2021 (labelled by calendar quarter); RETAIL revenue only, as published for the quarter (not total revenue); reported = change at reported FX; comparable = comparable store sales; change at CER +8%; comparable store sales -3% vs two years earlier (Q3 FY20)"
burberry,Burberry,Burberry Group plc,group_revenue,2022Q2,quarter,2022-04-03,2022-07-02,505,GBP,,1,true,https://www.burberryplc.com/content/dam/burberryplc/corporate/documents/investors/results-reports/2023/q1-results/Q1%20FY24%20Press%20Release%2014.07.23.pdf.downloadasset.pdf,"Burberry FY2023 Q1 trading update, 13 weeks to 2 Jul 2022 (labelled by calendar quarter); RETAIL revenue only, as published for the quarter (not total revenue); reported = change at reported FX; comparable = comparable store sales; taken from the prior-year column of the Q1 FY2024 trading update (the original July 2022 release could not be fetched); growth vs Q1 FY2022 not given in that source"
burberry,Burberry,Burberry Group plc,group_revenue,FY2023H1,half,2022-04-03,2022-10-01,1345,GBP,,5,true,https://www.burberryplc.com/content/dam/burberryplc/corporate/images/old/Burberry%20H1%20FY24%20Press%20Release%20161123.pdf.downloadasset.pdf,"Burberry FY2023 H1 (fiscal half), 26 weeks to 1 Oct 2022; total revenue; reported = change at reported FX; comparable = retail comparable store sales; taken from the prior-period column of the H1 FY2024 interim results (the original November 2022 release could not be fetched); growth vs H1 FY2022 not given in that source"
burberry,Burberry,Burberry Group plc,group_revenue,FY2023,year,2022-04-03,2023-04-01,3094,GBP,,7,true,https://www.burberryplc.com/investors/financial-performance-kpis,"Burberry FY2023 (fiscal year), 52 weeks to 1 Apr 2023; total revenue; reported = change at reported FX; comparable = retail comparable store sales; change at CER +5%; from Burberry's 'Financial performance and KPIs' page (growth there is at constant exchange rates); change at reported FX not given there; the FY2023 results announcement could not be fetched; same revenue and comparable sales appear as prior year in the FY2024 preliminary results"
burberry,Burberry,Burberry Group plc,group_revenue,2022Q4,quarter,2022-10-02,2022-12-31,756,GBP,,1,true,https://www.burberryplc.com/content/dam/burberryplc/corporate/images/old/Burberry%20Trading%20Update%2012th%20January%202024.pdf.downloadasset.pdf,"Burberry FY2023 Q3 trading update, 13 weeks to 31 Dec 2022 (labelled by calendar quarter); RETAIL revenue only, as published for the quarter (not total revenue); reported = change at reported FX; comparable = comparable store sales; taken from the prior-year column of the 12 Jan 2024 trading update (the original January 2023 release could not be fetched); growth vs Q3 FY2022 not given in that source"
burberry,Burberry,Burberry Group plc,group_revenue,2023Q2,quarter,2023-04-02,2023-07-01,589,GBP,17,18,true,https://www.burberryplc.com/content/dam/burberryplc/corporate/documents/investors/results-reports/2023/q1-results/Q1%20FY24%20Press%20Release%2014.07.23.pdf.downloadasset.pdf,"Burberry FY2024 Q1 trading update, 13 weeks to 1 Jul 2023 (labelled by calendar quarter); RETAIL revenue only, as published for the quarter (not total revenue); reported = change at reported FX; comparable = comparable store sales; change at CER +19%"
burberry,Burberry,Burberry Group plc,group_revenue,FY2024H1,half,2023-04-02,2023-09-30,1396,GBP,4,10,true,https://www.burberryplc.com/content/dam/burberryplc/corporate/images/old/Burberry%20H1%20FY24%20Press%20Release%20161123.pdf.downloadasset.pdf,"Burberry FY2024 H1 (fiscal half), 26 weeks to 30 Sep 2023; total revenue; reported = change at reported FX; comparable = retail comparable store sales; change at CER +7%"
burberry,Burberry,Burberry Group plc,group_revenue,FY2024,year,2023-04-02,2024-03-30,2968,GBP,-4,-1,true,https://www.burberryplc.com/content/dam/burberryplc/corporate/documents/investors/results-reports/2024/burberry-preliminary-fy24-announcement.pdf.downloadasset.pdf,"Burberry FY2024 (fiscal year), 52 weeks to 30 Mar 2024; total revenue; reported = change at reported FX; comparable = retail comparable store sales; change at CER flat"
burberry,Burberry,Burberry Group plc,group_revenue,2023Q4,quarter,2023-10-01,2023-12-30,706,GBP,-7,-4,true,https://www.burberryplc.com/content/dam/burberryplc/corporate/images/old/Burberry%20Trading%20Update%2012th%20January%202024.pdf.downloadasset.pdf,"Burberry FY2024 Q3 trading update, 13 weeks to 30 Dec 2023 (labelled by calendar quarter); RETAIL revenue only, as published for the quarter (not total revenue); reported = change at reported FX; comparable = comparable store sales; change at CER -2%; published in the trading update of 12 Jan 2024"
burberry,Burberry,Burberry Group plc,group_revenue,2024Q2,quarter,2024-03-31,2024-06-29,458,GBP,-22,-21,true,https://www.burberryplc.com/content/dam/burberryplc/corporate/images/old/Burberry%20Q1%20FY25%20Announcement.pdf.downloadasset.pdf,"Burberry FY2025 Q1 trading update, 13 weeks to 29 Jun 2024 (labelled by calendar quarter); RETAIL revenue only, as published for the quarter (not total revenue); reported = change at reported FX; comparable = comparable store sales; change at CER -20%"
burberry,Burberry,Burberry Group plc,group_revenue,FY2025H1,half,2024-03-31,2024-09-28,1086,GBP,-22,-20,true,https://www.burberryplc.com/content/dam/burberryplc/corporate/documents/investors/results-reports/2024/interims-november-2024/Burberry%20Interim%20Results%20Press%20Release.pdf.downloadasset.pdf,"Burberry FY2025 H1 (fiscal half), 26 weeks to 28 Sep 2024; total revenue; reported = change at reported FX; comparable = retail comparable store sales; change at CER -20%"
burberry,Burberry,Burberry Group plc,group_revenue,FY2025,year,2024-03-31,2025-03-29,2461,GBP,-17,-12,true,https://www.burberryplc.com/content/dam/burberryplc/corporate/documents/investors/results-reports/2025/prelims-/Burberry%20FY25%20Preliminary%20Results%20Press%20Release.pdf.downloadasset.pdf,"Burberry FY2025 (fiscal year), 52 weeks to 29 Mar 2025; total revenue; reported = change at reported FX; comparable = retail comparable store sales; change at CER -15%"
burberry,Burberry,Burberry Group plc,group_revenue,2024Q4,quarter,2024-09-29,2024-12-28,659,GBP,-7,-4,true,https://www.burberryplc.com/content/dam/burberryplc/corporate/documents/investors/results-reports/2025/Burberry%20Q3%20FY25%20Trading%20Update%20-%20Press%20Release.pdf.downloadasset.pdf,"Burberry FY2025 Q3 trading update, 13 weeks to 28 Dec 2024 (labelled by calendar quarter); RETAIL revenue only, as published for the quarter (not total revenue); reported = change at reported FX; comparable = comparable store sales; change at CER -3%"
burberry,Burberry,Burberry Group plc,group_revenue,2025Q2,quarter,2025-03-30,2025-06-28,433,GBP,-6,-1,true,https://www.burberryplc.com/content/dam/burberryplc/corporate/documents/investors/results-reports/2025/q1-fy26-results/Burberry%20Q1%20FY26%20Results%20Announcement%20July%202025.pdf.downloadasset.pdf,"Burberry FY2026 Q1 trading update, 13 weeks to 28 Jun 2025 (labelled by calendar quarter); RETAIL revenue only, as published for the quarter (not total revenue); reported = change at reported FX; comparable = comparable store sales; change at CER -2%"
burberry,Burberry,Burberry Group plc,group_revenue,FY2026H1,half,2025-03-30,2025-09-27,1032,GBP,-5,0,true,https://www.burberryplc.com/content/dam/burberryplc/corporate/documents/investors/results-reports/2025/interims-november-2025/Burberry%20FY26%20Interim%20Results%20Press%20Release%20November%202025.pdf.downloadasset.pdf,"Burberry FY2026 H1 (fiscal half), 26 weeks to 27 Sep 2025; total revenue; reported = change at reported FX; comparable = retail comparable store sales; change at CER -3%; the release labels the comparable measure 'Retail comparable sales'"
burberry,Burberry,Burberry Group plc,group_revenue,FY2026,year,2025-03-30,2026-03-28,2420,GBP,-2,2,true,https://www.burberryplc.com/content/dam/burberryplc/corporate/documents/investors/results-reports/2026/prelims/Burberry%20FY26%20Preliminary%20Results%20Press%20Release%20v2.pdf.downloadasset.pdf,"Burberry FY2026 (fiscal year), 52 weeks to 28 Mar 2026; total revenue; reported = change at reported FX; comparable = retail comparable store sales; change at CER flat"
burberry,Burberry,Burberry Group plc,group_revenue,2025Q4,quarter,2025-09-28,2025-12-27,665,GBP,1,3,true,https://www.burberryplc.com/content/dam/burberryplc/corporate/documents/investors/results-reports/2026/Burberry%20Q3%20FY26%20Trading%20Update%20Press%20Release.pdf.downloadasset.pdf,"Burberry FY2026 Q3 trading update, 13 weeks to 27 Dec 2025 (labelled by calendar quarter); RETAIL revenue only, as published for the quarter (not total revenue); reported = change at reported FX; comparable = comparable store sales; change at CER +3%"
burberry,Burberry,Burberry Group plc,group_revenue,2026Q2,quarter,2026-03-29,2026-06-27,455,GBP,5,5,true,https://www.burberryplc.com/content/dam/burberryplc/corporate/documents/investors/results-reports/2026/q1/Burberry%20Q1%20FY27%20Trading%20Update%20Press%20Release%20.pdf.downloadasset.pdf,"Burberry FY2027 Q1 trading update, 13 weeks to 27 Jun 2026 (labelled by calendar quarter); RETAIL revenue only, as published for the quarter (not total revenue); reported = change at reported FX; comparable = comparable store sales; change at CER +4%; the release labels the comparable measure 'Comparable retail sales'"
chanel,Chanel,Chanel,group_revenue,FY2018,year,2018-01-01,2018-12-31,11119,USD,12.5,10.5,true,https://services.chanel.com/media/files/chanel_limited_financial_results_for_the_year_ended_31_december_2018.pdf,"Chanel Limited results release, London 17 June 2019 (highlights table). Reported change is against restated 2017 revenue of $9,881m; comparable change is at constant currency on a comparable basis."
chanel,Chanel,Chanel,group_revenue,FY2019,year,2019-01-01,2019-12-31,12273,USD,10.4,13.0,true,https://services.chanel.com/media/files/chanel_limited_financial_results_for_the_year_ended_31_december_2019.pdf,"Chanel Limited results release, London 18 June 2020 (highlights table). Comparable revenue uses 31 December 2019 exchange rates for both years and a comparable legal entity structure."
chanel,Chanel,Chanel,group_revenue,FY2020,year,2020-01-01,2020-12-31,10108,USD,-17.6,-18.1,true,https://services.chanel.com/media/files/Press-Release-2020-Results-ENG-FINAL.pdf,"Chanel Limited results release, London 15 June 2021 (highlights table)."
chanel,Chanel,Chanel,group_revenue,FY2021,year,2021-01-01,2021-12-31,15639,USD,54.7,49.6,true,https://services.chanel.com/media/files/Press-release-2021-Results-ENG-FINAL.pdf,"Chanel Limited results release, London 24 May 2022 (highlights table). Reported change is against 2020 as restated for a software accounting change; 2020 revenue is shown unchanged at $10,108m."
chanel,Chanel,Chanel,group_revenue,FY2022,year,2022-01-01,2022-12-31,17200,USD,,17,true,https://www.chanel.com/emea/img//prd-emea/sys-master/content/P1/hac/h4d/10202336657438-Press%20release%20(2022%20Results)%20ENG%20-%20FINAL_.pdf,"Release, London 25 May 2023: 'Revenues of $17.2 billion, up 17% versus 2021 on a comparable basis at constant currency'. Published only to $0.1bn; no reported-currency change given."
chanel,Chanel,Chanel,group_revenue,FY2023,year,2023-01-01,2023-12-31,19700,USD,,16,true,https://www.chanel.com/puls-img/1716301904618-pressrelease2023resultsengfinalpdf.pdf,"Release, London 21 May 2024: 'Revenues of $19.7 billion, up 16% versus 2022 on a comparable basis at constant currency'. Published only to $0.1bn; no reported-currency change given."
chanel,Chanel,Chanel,group_revenue,FY2024,year,2024-01-01,2024-12-31,18700,USD,,-4.3,true,https://www.chanel.com/puls-img/1747810519727-20250520fy24resultspressreleasefinalwwpdf.pdf,"Release, London 20 May 2025: 'Revenues of $18.7 billion, down 4.3% compared to 2023' (footnote: constant exchange rates and comparable structure); no reported-currency change given. The FY2025 release gives 2024 revenue as $18,699m: https://www.chanel.com/puls-img/1779118002743-fy25-results-press-release-en-final.pdf"
chanel,Chanel,Chanel,group_revenue,FY2025,year,2025-01-01,2025-12-31,19269,USD,3.0,1.8,true,https://www.chanel.com/puls-img/1779118002743-fy25-results-press-release-en-final.pdf,"Chanel Limited results release, London 19 May 2026 (highlights table). Comparable change excludes foreign exchange and uses a comparable legal entity structure."
dolce_gabbana,Dolce&Gabbana,Dolce&Gabbana,group_revenue,FY2024,year,2023-04-01,2024-03-31,1871,EUR,,,false,https://at.marketscreener.com/boerse-nachrichten/nachrichten/Dolce-Gabbana-CEO-bereit-Kapital-fur-neue-Investoren-zu-offnen-47431719/,"Year to 31 March 2024. Reuters German service via MarketScreener, 22 Jul 2024, citing CEO Alfonso Dolce: revenue 'stieg um 17% auf 1,871 Milliarden Euro' (basis of the 17% not stated, so left out). The group's own UK Modern Slavery Statement FY24 says only 'some Euro 1.9 billion in net revenues': https://sustainability.dolcegabbana.com/wp-content/uploads/2024/12/DolceGabbanas-Modern-Slavery-Statement-FY24-1.pdf"
dolce_gabbana,Dolce&Gabbana,Dolce&Gabbana,group_revenue,FY2025,year,2024-04-01,2025-03-31,1900,EUR,,,true,https://sustainability.dolcegabbana.com/wp-content/uploads/2025/12/DolceGabbanas-Modern-Slavery-Statement-FY25.pdf,"Year to 31 March 2025. APPROXIMATE: Dolce&Gabbana Holding group's UK Modern Slavery Statement (financial year 01.04.2024 to 31.03.2025): 'As of March 31, 2025, the Group achieved some Euro 1.9 billion in net revenues'. No precise figure found."
gucci,Gucci,Kering,house_revenue,2019Q1,quarter,2019-01-01,2019-03-31,2325.6,EUR,24.6,20.0,true,https://echanges.dila.gouv.fr/OPENDATA/AMF/BWR/2019/04/FCBWR117122_20190417.pdf,"Kering Q1 2019 revenue press release, copy filed through the AMF regulated-information feed (DILA open data). Published to one decimal. The release states 2018 comparatives are restated under IFRS 5 (PUMA, Stella McCartney, Volcom, Christopher Kane)."
gucci,Gucci,Kering,house_revenue,2019Q2,quarter,2019-04-01,2019-06-30,2291.5,EUR,15.4,12.7,true,https://echanges.dila.gouv.fr/OPENDATA/AMF/BWR/2019/07/FCBWR119578_20190725.pdf,"Kering H1 2019 results press release, Q2 table, copy filed through the AMF regulated-information feed (DILA open data). Published to one decimal."
gucci,Gucci,Kering,house_revenue,2019Q3,quarter,2019-07-01,2019-09-30,2374.7,EUR,13.3,10.7,true,https://echanges.dila.gouv.fr/OPENDATA/AMF/BWR/2019/10/FCBWR121461_20191024.pdf,"Kering Q3 2019 revenue press release, Q3 table, copy filed through the AMF regulated-information feed (DILA open data). Published to one decimal."
gucci,Gucci,Kering,house_revenue,2019Q4,quarter,2019-10-01,2019-12-31,2636.6,EUR,12.9,10.5,true,https://echanges.dila.gouv.fr/OPENDATA/AMF/BWR/2020/02/FCBWR123517_20200212.pdf,"Kering FY 2019 results press release, Q4 table, copy filed through the AMF regulated-information feed (DILA open data). Published to one decimal."
gucci,Gucci,Kering,house_revenue,2020Q1,quarter,2020-01-01,2020-03-31,1804.1,EUR,-22.4,-23.2,true,https://www.businesswire.com/news/home/20200421005650/en/In-a-Quarter-Heavily-Impacted-by-Covid-19-Kering-Demonstrates-Its-Solidity,Kering Q1 2020 revenue press release distributed via Business Wire. Published to one decimal.
gucci,Gucci,Kering,house_revenue,2020Q2,quarter,2020-04-01,2020-06-30,1268.1,EUR,-44.7,-44.7,true,https://www.businesswire.com/news/home/20200728005745/en/Kering-2020-Half-year-Results,"Kering H1 2020 results press release, Q2 table, distributed via Business Wire. Published to one decimal."
gucci,Gucci,Kering,house_revenue,2020Q3,quarter,2020-07-01,2020-09-30,2087.8,EUR,,,true,https://echanges.dila.gouv.fr/OPENDATA/AMF/MKW/2021/10/FCMKW113143_20211019.pdf,"NOT FIRST PUBLICATION: the original Q3 2020 revenue release (Oct 2020) could not be opened; figure read from the Q3 2020 comparative column of Kering's Q3 2021 revenue press release, copy filed through the AMF regulated-information feed (DILA open data). Published to one decimal. Q1+Q2+Q3+Q4 2020 add up exactly to the FY 2020 totals in the FY 2020 release, so no restatement was detected. Year-on-year changes vs Q3 2019 are not given in this source, so left blank."
gucci,Gucci,Kering,house_revenue,2020Q4,quarter,2020-10-01,2020-12-31,2280.6,EUR,-13.5,-10.3,true,https://www.globenewswire.com/news-release/2021/02/17/2176745/0/en/Kering-2020-Annual-Results.html,"Kering FY 2020 results press release, Q4 table, distributed via GlobeNewswire. Published to one decimal."
gucci,Gucci,Kering,house_revenue,2021Q1,quarter,2021-01-01,2021-03-31,2167.7,EUR,20.2,24.6,true,https://echanges.dila.gouv.fr/OPENDATA/AMF/MKW/2021/04/FCMKW119525_20210420.pdf,"Kering Q1 2021 revenue press release, copy filed through the AMF regulated-information feed (DILA open data). Published to one decimal."
gucci,Gucci,Kering,house_revenue,2021Q2,quarter,2021-04-01,2021-06-30,2311.6,EUR,82.3,86.1,true,https://www.globenewswire.com/news-release/2021/07/27/2269679/0/en/Kering-2021-First-half-results.html,"Kering H1 2021 results press release, Q2 table, distributed via GlobeNewswire. Published to one decimal."
gucci,Gucci,Kering,house_revenue,2021Q3,quarter,2021-07-01,2021-09-30,2181.8,EUR,4.5,3.8,true,https://echanges.dila.gouv.fr/OPENDATA/AMF/MKW/2021/10/FCMKW113143_20211019.pdf,"Kering Q3 2021 revenue press release, Q3 table, copy filed through the AMF regulated-information feed (DILA open data). Published to one decimal."
gucci,Gucci,Kering,house_revenue,2021Q4,quarter,2021-10-01,2021-12-31,3069.8,EUR,34.6,31.6,true,https://www.globenewswire.com/news-release/2022/02/17/2386808/0/en/Kering-2021-FY-Results-EXCELLENT-2021-PERFORMANCES-WELL-AHEAD-OF-2019-LEVELS.html,"Kering FY 2021 results press release, Q4 table, distributed via GlobeNewswire. Published to one decimal."
gucci,Gucci,Kering,house_revenue,2022Q1,quarter,2022-01-01,2022-03-31,2590.7,EUR,19.5,13.4,true,https://echanges.dila.gouv.fr/OPENDATA/AMF/MKW/2022/04/FCMKW118204_20220421.pdf,"Kering Q1 2022 revenue press release, copy filed through the AMF regulated-information feed (DILA open data). Published to one decimal. First release using the Kering Eyewear and Corporate segment."
gucci,Gucci,Kering,house_revenue,2022Q2,quarter,2022-04-01,2022-06-30,2582,EUR,12,4,true,https://www.bnains.org/archives/communiques/PPR/20220727_Communique_resultats_semestriels_2022_Kering.pdf,"Kering H1 2022 results press release, Q2 (T2) table; French-language release; PDF copy hosted on the bnains.org archive. Published in whole millions and whole percentages."
gucci,Gucci,Kering,house_revenue,2022Q3,quarter,2022-07-01,2022-09-30,2581,EUR,18,9,true,https://www.bnains.org/archives/communiques/PPR/20221020_Communique_CA_T3_2022_Kering.pdf,"Kering Q3 2022 revenue press release, Q3 (T3) table; French-language release; PDF copy hosted on the bnains.org archive."
gucci,Gucci,Kering,house_revenue,2022Q4,quarter,2022-10-01,2022-12-31,2733,EUR,-11,-14,true,https://echanges.dila.gouv.fr/OPENDATA/AMF/MKW/2023/02/FCMKW112751_20230215.pdf,"Kering FY 2022 results press release, Q4 table, copy filed through the AMF regulated-information feed (DILA open data)."
gucci,Gucci,Kering,house_revenue,2023Q1,quarter,2023-01-01,2023-03-31,2616,EUR,1,1,true,https://echanges.dila.gouv.fr/OPENDATA/AMF/MKW/2023/04/FCMKW116047_20230425.pdf,"Kering Q1 2023 revenue press release, copy filed through the AMF regulated-information feed (DILA open data)."
gucci,Gucci,Kering,house_revenue,2023Q2,quarter,2023-04-01,2023-06-30,2512,EUR,-3,1,true,https://www.globenewswire.com/news-release/2023/07/27/2712470/0/en/Kering-First-half-2023-results.html,"Kering H1 2023 results press release, Q2 table, distributed via GlobeNewswire."
gucci,Gucci,Kering,house_revenue,2023Q3,quarter,2023-07-01,2023-09-30,2217,EUR,-14,-7,true,https://www.globenewswire.com/news-release/2023/10/24/2765897/0/en/Kering-Third-quarter-2023-revenue.html,"Kering Q3 2023 revenue press release, Q3 table, distributed via GlobeNewswire."
gucci,Gucci,Kering,house_revenue,2023Q4,quarter,2023-10-01,2023-12-31,2528,EUR,-8,-4,true,https://mfn.se/one/a/kering/kering-press-release-2023-annual-results-9aec89a1,"Kering FY 2023 results press release, Q4 table, distributed via MFN."
gucci,Gucci,Kering,house_revenue,2024Q1,quarter,2024-01-01,2024-03-31,2079,EUR,-21,-18,true,https://echanges.dila.gouv.fr/OPENDATA/AMF/MKW/2024/04/FCMKW116369_20240423.pdf,"Kering Q1 2024 revenue press release, copy filed through the AMF regulated-information feed (DILA open data)."
gucci,Gucci,Kering,house_revenue,2024Q2,quarter,2024-04-01,2024-06-30,2006,EUR,-20,-19,true,https://www.bnains.org/archives/communiques/PPR/20240724_Communique_resultats_semestriels_2024_Kering.pdf,"Kering H1 2024 results press release, Q2 (T2) table; French-language release; PDF copy hosted on the bnains.org archive."
gucci,Gucci,Kering,house_revenue,2024Q3,quarter,2024-07-01,2024-09-30,1641,EUR,-26,-25,true,https://echanges.dila.gouv.fr/OPENDATA/AMF/MKW/2024/10/FCMKW119136_20241023.pdf,"Kering Q3 2024 revenue press release, Q3 table, copy filed through the AMF regulated-information feed (DILA open data)."
gucci,Gucci,Kering,house_revenue,2024Q4,quarter,2024-10-01,2024-12-31,1924,EUR,-24,-24,true,https://www.bnains.org/archives/communiques/PPR/20250211_Communique_resultats_annuels_2024_Kering.pdf,"Kering FY 2024 results press release, Q4 (T4) table; French-language release; PDF copy hosted on the bnains.org archive."
gucci,Gucci,Kering,house_revenue,2025Q1,quarter,2025-01-01,2025-03-31,1571,EUR,-24,-25,true,https://www.bnains.org/archives/communiques/PPR/20250423_Communique_CA_T1_2025_Kering.pdf,"Kering Q1 2025 revenue press release; French-language release; PDF copy hosted on the bnains.org archive. Shown unchanged (1,571) as the Q1 2025 comparative in the Q1 2026 release."
gucci,Gucci,Kering,house_revenue,2025Q2,quarter,2025-04-01,2025-06-30,1456,EUR,-27,-25,true,https://www.bnains.org/archives/communiques/PPR/20250729_Communique_resultats_semestriels_2025_Kering.pdf,"Kering H1 2025 results press release, Q2 (T2) table; French-language release; PDF copy hosted on the bnains.org archive. Shown unchanged (1,456) as the Q2 2025 comparative in the H1 2026 release, whose 2025 figures are restated to exclude Kering Beauté."
gucci,Gucci,Kering,house_revenue,2025Q3,quarter,2025-07-01,2025-09-30,1343,EUR,-18,-14,true,https://www.bnains.org/archives/communiques/PPR/20251022_Communique_CA_T3_2025_Kering.pdf,"Kering Q3 2025 revenue press release, Q3 (T3) table; French-language release; PDF copy hosted on the bnains.org archive."
gucci,Gucci,Kering,house_revenue,2026Q1,quarter,2026-01-01,2026-03-31,1347,EUR,-14,-8,true,https://mfn.se/one/a/kering/kering-2026-first-quarter-revenue-gradual-improvement-and-focus-on-execution-74bdb233,"Kering Q1 2026 revenue press release distributed via MFN. New reporting model from Q1 2026: Gucci shown as 'of which Gucci' within Kering Fashion & Leather Goods; Yves Saint Laurent, Bottega Veneta and Other Houses no longer reported separately."
gucci,Gucci,Kering,house_revenue,2026Q2,quarter,2026-04-01,2026-06-30,1410,EUR,-3,-2,true,https://mfn.se/all/a/kering/kering-2026-first-half-results-back-to-growth-performance-improvement-and-strategy-execution-on-track-be4c7c4c,"Kering H1 2026 results press release, Q2 table, distributed via MFN. Gucci shown as 'of which Gucci' within Kering Fashion & Leather Goods; 2025 comparatives restated to exclude Kering Beauté."
hermes,Hermès,Hermès International,group_revenue,2019Q1,quarter,2019-01-01,2019-03-31,1609.7,EUR,15.5,11.6,true,https://assets-finance.hermes.com/s3fs-public/node/pdf_file/2020-06/hermes_2019_CA1T_en.pdf,"Hermès consolidated revenue, quarter; reported = change at current exchange rates ('published'), comparable = change at constant exchange rates; source: Q1 2019 quarterly information report"
hermes,Hermès,Hermès International,group_revenue,2019H1,half,2019-01-01,2019-06-30,3284.2,EUR,15.1,12.0,true,https://assets-finance.hermes.com/s3fs-public/node/pdf_file/2020-06/hermes_2019_CA2T_en.pdf,"Hermès consolidated revenue, first half; reported = change at current exchange rates ('published'), comparable = change at constant exchange rates; source: quarterly information report to end June 2019 (Q2 and H1 tables)"
hermes,Hermès,Hermès International,group_revenue,2019-9M,nine_months,2019-01-01,2019-09-30,5012.1,EUR,16.1,13.0,true,https://assets-finance.hermes.com/s3fs-public/node/pdf_file/2020-06/hermes_2019_CA3T_en.pdf,"Hermès consolidated revenue, nine months to 30 Sep; reported = change at current exchange rates ('published'), comparable = change at constant exchange rates; source: Q3 2019 revenue release (Q3 and nine-month tables)"
hermes,Hermès,Hermès International,group_revenue,FY2019,year,2019-01-01,2019-12-31,6883.4,EUR,15.4,12.4,true,https://assets-finance.hermes.com/s3fs-public/node/pdf_file/2020-06/hermes_2019_resultats_en.pdf,"Hermès consolidated revenue, full year; reported = change at current exchange rates ('published'), comparable = change at constant exchange rates; source: 2019 results release (full-year and Q4 tables)"
hermes,Hermès,Hermès International,group_revenue,2019Q2,quarter,2019-04-01,2019-06-30,1674.5,EUR,14.7,12.3,true,https://assets-finance.hermes.com/s3fs-public/node/pdf_file/2020-06/hermes_2019_CA2T_en.pdf,"Hermès consolidated revenue, quarter; reported = change at current exchange rates ('published'), comparable = change at constant exchange rates; source: quarterly information report to end June 2019 (Q2 and H1 tables)"
hermes,Hermès,Hermès International,group_revenue,2019Q3,quarter,2019-07-01,2019-09-30,1727.9,EUR,18.2,15.0,true,https://assets-finance.hermes.com/s3fs-public/node/pdf_file/2020-06/hermes_2019_CA3T_en.pdf,"Hermès consolidated revenue, quarter; reported = change at current exchange rates ('published'), comparable = change at constant exchange rates; source: Q3 2019 revenue release (Q3 and nine-month tables)"
hermes,Hermès,Hermès International,group_revenue,2019Q4,quarter,2019-10-01,2019-12-31,1871.3,EUR,13.4,10.7,true,https://assets-finance.hermes.com/s3fs-public/node/pdf_file/2020-06/hermes_2019_resultats_en.pdf,"Hermès consolidated revenue, quarter; reported = change at current exchange rates ('published'), comparable = change at constant exchange rates; source: 2019 results release (full-year and Q4 tables)"
hermes,Hermès,Hermès International,group_revenue,2020Q1,quarter,2020-01-01,2020-03-31,1505.5,EUR,-6.5,-7.7,true,https://assets-finance.hermes.com/s3fs-public/node/pdf_file/2020-06/hermes_20200423_CA1T_en.pdf,"Hermès consolidated revenue, quarter; reported = change at current exchange rates ('published'), comparable = change at constant exchange rates; source: Q1 2020 quarterly information report"
hermes,Hermès,Hermès International,group_revenue,2020H1,half,2020-01-01,2020-06-30,2488.0,EUR,-24.2,-24.9,true,https://assets-finance.hermes.com/s3fs-public/node/pdf_file/2020-09/1599743148/hermes_1hresults2020_va.pdf,"Hermès consolidated revenue, first half; reported = change at current exchange rates ('published'), comparable = change at constant exchange rates; source: 2020 half-year results release (H1 and Q2 tables)"
hermes,Hermès,Hermès International,group_revenue,2020-9M,nine_months,2020-01-01,2020-09-30,4288.3,EUR,-14.4,-14.0,true,https://assets-finance.hermes.com/s3fs-public/node/pdf_file/2020-10/1603296703/hermes_20201022_ca3t20_en.pdf,"Hermès consolidated revenue, nine months to 30 Sep; reported = change at current exchange rates ('published'), comparable = change at constant exchange rates; source: Q3 2020 quarterly information report (Q3 and nine-month tables)"
hermes,Hermès,Hermès International,group_revenue,FY2020,year,2020-01-01,2020-12-31,6389.4,EUR,-7.2,-6.0,true,https://assets-finance.hermes.com/s3fs-public/node/pdf_file/2021-02/1613734103/hermes_20210219_results2020_en.pdf,"Hermès consolidated revenue, full year; reported = change at current exchange rates ('published'), comparable = change at constant exchange rates; source: 2020 full-year results release (full-year and Q4 tables)"
hermes,Hermès,Hermès International,group_revenue,2020Q2,quarter,2020-04-01,2020-06-30,982.5,EUR,-41.3,-41.5,true,https://assets-finance.hermes.com/s3fs-public/node/pdf_file/2020-09/1599743148/hermes_1hresults2020_va.pdf,"Hermès consolidated revenue, quarter; reported = change at current exchange rates ('published'), comparable = change at constant exchange rates; source: 2020 half-year results release (H1 and Q2 tables)"
hermes,Hermès,Hermès International,group_revenue,2020Q3,quarter,2020-07-01,2020-09-30,1800.3,EUR,4.2,6.9,true,https://assets-finance.hermes.com/s3fs-public/node/pdf_file/2020-10/1603296703/hermes_20201022_ca3t20_en.pdf,"Hermès consolidated revenue, quarter; reported = change at current exchange rates ('published'), comparable = change at constant exchange rates; source: Q3 2020 quarterly information report (Q3 and nine-month tables)"
hermes,Hermès,Hermès International,group_revenue,2020Q4,quarter,2020-10-01,2020-12-31,2101.1,EUR,12.3,15.6,true,https://assets-finance.hermes.com/s3fs-public/node/pdf_file/2021-02/1613734103/hermes_20210219_results2020_en.pdf,"Hermès consolidated revenue, quarter; reported = change at current exchange rates ('published'), comparable = change at constant exchange rates; source: 2020 full-year results release (full-year and Q4 tables)"
hermes,Hermès,Hermès International,group_revenue,2021Q1,quarter,2021-01-01,2021-03-31,2083.7,EUR,38.4,43.7,true,https://assets-finance.hermes.com/s3fs-public/node/pdf_file/2021-04/1619019928/hermes_20210422_ca1t_en.pdf,"Hermès consolidated revenue, quarter; reported = change at current exchange rates ('published'), comparable = change at constant exchange rates; source: Q1 2021 quarterly information report; growth is vs 2020 (release also gives growth vs 2019)"
hermes,Hermès,Hermès International,group_revenue,2021H1,half,2021-01-01,2021-06-30,4235.1,EUR,70.2,76.7,true,https://assets-finance.hermes.com/s3fs-public/node/pdf_file/2021-09/1632727695/hermes_20210730_communiqueea_en.pdf,"Hermès consolidated revenue, first half; reported = change at current exchange rates ('published'), comparable = change at constant exchange rates; source: 2021 first-half results release (H1 and Q2 tables); growth is vs 2020 (release also gives growth vs 2019)"
hermes,Hermès,Hermès International,group_revenue,2021-9M,nine_months,2021-01-01,2021-09-30,6602.1,EUR,54.0,57.2,true,https://assets-finance.hermes.com/s3fs-public/node/pdf_file/2021-10/1634745808/cp-ca-q32021-va-vdef.pdf,"Hermès consolidated revenue, nine months to 30 Sep; reported = change at current exchange rates ('published'), comparable = change at constant exchange rates; source: Q3 2021 quarterly information report (Q3 and nine-month tables); growth is vs 2020 (release also gives growth vs 2019)"
hermes,Hermès,Hermès International,group_revenue,FY2021,year,2021-01-01,2021-12-31,8982,EUR,40.6,41.8,true,https://assets-finance.hermes.com/s3fs-public/node/pdf_file/2022-02/1645172680/hermes_20220218_resultats2021_cp_vanglaise.pdf,"Hermès consolidated revenue, full year; reported = change at current exchange rates ('published'), comparable = change at constant exchange rates; source: 2021 annual results release (full-year and Q4 tables); growth is vs 2020 (release also gives growth vs 2019); table printed in whole EUR millions"
hermes,Hermès,Hermès International,group_revenue,2021Q2,quarter,2021-04-01,2021-06-30,2151.4,EUR,119.0,127.1,true,https://assets-finance.hermes.com/s3fs-public/node/pdf_file/2021-09/1632727695/hermes_20210730_communiqueea_en.pdf,"Hermès consolidated revenue, quarter; reported = change at current exchange rates ('published'), comparable = change at constant exchange rates; source: 2021 first-half results release (H1 and Q2 tables); growth is vs 2020 (release also gives growth vs 2019)"
hermes,Hermès,Hermès International,group_revenue,2021Q3,quarter,2021-07-01,2021-09-30,2367.0,EUR,31.5,31.2,true,https://assets-finance.hermes.com/s3fs-public/node/pdf_file/2021-10/1634745808/cp-ca-q32021-va-vdef.pdf,"Hermès consolidated revenue, quarter; reported = change at current exchange rates ('published'), comparable = change at constant exchange rates; source: Q3 2021 quarterly information report (Q3 and nine-month tables); growth is vs 2020 (release also gives growth vs 2019)"
hermes,Hermès,Hermès International,group_revenue,2021Q4,quarter,2021-10-01,2021-12-31,2380,EUR,13.3,11.0,true,https://assets-finance.hermes.com/s3fs-public/node/pdf_file/2022-02/1645172680/hermes_20220218_resultats2021_cp_vanglaise.pdf,"Hermès consolidated revenue, quarter; reported = change at current exchange rates ('published'), comparable = change at constant exchange rates; source: 2021 annual results release (full-year and Q4 tables); growth is vs 2020 (release also gives growth vs 2019); table printed in whole EUR millions"
hermes,Hermès,Hermès International,group_revenue,2022Q1,quarter,2022-01-01,2022-03-31,2765,EUR,32.7,27.1,true,https://assets-finance.hermes.com/s3fs-public/node/pdf_file/2022-04/1649871751/hermes_20220414_ca1t_en.pdf,"Hermès consolidated revenue, quarter; reported = change at current exchange rates ('published'), comparable = change at constant exchange rates; source: Q1 2022 quarterly information report"
hermes,Hermès,Hermès International,group_revenue,2022H1,half,2022-01-01,2022-06-30,5475,EUR,29.3,23.2,true,https://assets-finance.hermes.com/s3fs-public/node/pdf_file/2022-07/1659030137/hermes_20220729_pr_firsthalfresults_va.pdf,"Hermès consolidated revenue, first half; reported = change at current exchange rates ('published'), comparable = change at constant exchange rates; source: 2022 half-year information report (H1 and Q2 tables)"
hermes,Hermès,Hermès International,group_revenue,2022-9M,nine_months,2022-01-01,2022-09-30,8611,EUR,30.4,23.6,true,https://assets-finance.hermes.com/s3fs-public/node/pdf_file/2022-10/1666196970/hermes_20221020_ca3t_en.pdf,"Hermès consolidated revenue, nine months to 30 Sep; reported = change at current exchange rates ('published'), comparable = change at constant exchange rates; source: Q3 2022 quarterly information report (Q3 and nine-month tables)"
hermes,Hermès,Hermès International,group_revenue,FY2022,year,2022-01-01,2022-12-31,11602,EUR,29.2,23.4,true,https://assets-finance.hermes.com/s3fs-public/node/pdf_file/2023-02/1676575550/hermes_20230217_pr_2022fullyearresults_va.pdf,"Hermès consolidated revenue, full year; reported = change at current exchange rates ('published'), comparable = change at constant exchange rates; source: 2022 full-year results release (full-year and Q4 tables)"
hermes,Hermès,Hermès International,group_revenue,2022Q2,quarter,2022-04-01,2022-06-30,2710,EUR,26.0,19.5,true,https://assets-finance.hermes.com/s3fs-public/node/pdf_file/2022-07/1659030137/hermes_20220729_pr_firsthalfresults_va.pdf,"Hermès consolidated revenue, quarter; reported = change at current exchange rates ('published'), comparable = change at constant exchange rates; source: 2022 half-year information report (H1 and Q2 tables)"
hermes,Hermès,Hermès International,group_revenue,2022Q3,quarter,2022-07-01,2022-09-30,3136,EUR,32.5,24.3,true,https://assets-finance.hermes.com/s3fs-public/node/pdf_file/2022-10/1666196970/hermes_20221020_ca3t_en.pdf,"Hermès consolidated revenue, quarter; reported = change at current exchange rates ('published'), comparable = change at constant exchange rates; source: Q3 2022 quarterly information report (Q3 and nine-month tables)"
hermes,Hermès,Hermès International,group_revenue,2022Q4,quarter,2022-10-01,2022-12-31,2991,EUR,25.7,22.9,true,https://assets-finance.hermes.com/s3fs-public/node/pdf_file/2023-02/1676575550/hermes_20230217_pr_2022fullyearresults_va.pdf,"Hermès consolidated revenue, quarter; reported = change at current exchange rates ('published'), comparable = change at constant exchange rates; source: 2022 full-year results release (full-year and Q4 tables)"
hermes,Hermès,Hermès International,group_revenue,2023Q1,quarter,2023-01-01,2023-03-31,3380,EUR,22.3,23.0,true,https://assets-finance.hermes.com/s3fs-public/node/pdf_file/2023-04/1681393626/hermes_20230414_ca1t_en.pdf,"Hermès consolidated revenue, quarter; reported = change at current exchange rates ('published'), comparable = change at constant exchange rates; source: Q1 2023 quarterly information report"
hermes,Hermès,Hermès International,group_revenue,2023H1,half,2023-01-01,2023-06-30,6698,EUR,22.3,25.2,true,https://assets-finance.hermes.com/s3fs-public/node/pdf_file/2023-07/1690487792/hermes_20230728_pr_firsthalfresults_va.pdf,"Hermès consolidated revenue, first half; reported = change at current exchange rates ('published'), comparable = change at constant exchange rates; source: H1 2023 results release (H1 and Q2 tables)"
hermes,Hermès,Hermès International,group_revenue,2023-9M,nine_months,2023-01-01,2023-09-30,10063,EUR,16.9,21.7,true,https://assets-finance.hermes.com/s3fs-public/node/pdf_file/2023-10/1698077038/hermes_20231024_ca3t_en.pdf,"Hermès consolidated revenue, nine months to 30 Sep; reported = change at current exchange rates ('published'), comparable = change at constant exchange rates; source: Q3 2023 quarterly information report (Q3 and nine-month tables)"
hermes,Hermès,Hermès International,group_revenue,FY2023,year,2023-01-01,2023-12-31,13427,EUR,15.7,20.6,true,https://assets-finance.hermes.com/s3fs-public/node/pdf_file/2024-02/1707422069/hermes_20240209_pr_2023fullyearresults_va.pdf,"Hermès consolidated revenue, full year; reported = change at current exchange rates ('published'), comparable = change at constant exchange rates; source: 2023 full-year results release (full-year and Q4 tables)"
hermes,Hermès,Hermès International,group_revenue,2023Q2,quarter,2023-04-01,2023-06-30,3317,EUR,22.4,27.5,true,https://assets-finance.hermes.com/s3fs-public/node/pdf_file/2023-07/1690487792/hermes_20230728_pr_firsthalfresults_va.pdf,"Hermès consolidated revenue, quarter; reported = change at current exchange rates ('published'), comparable = change at constant exchange rates; source: H1 2023 results release (H1 and Q2 tables)"
hermes,Hermès,Hermès International,group_revenue,2023Q3,quarter,2023-07-01,2023-09-30,3365,EUR,7.3,15.6,true,https://assets-finance.hermes.com/s3fs-public/node/pdf_file/2023-10/1698077038/hermes_20231024_ca3t_en.pdf,"Hermès consolidated revenue, quarter; reported = change at current exchange rates ('published'), comparable = change at constant exchange rates; source: Q3 2023 quarterly information report (Q3 and nine-month tables)"
hermes,Hermès,Hermès International,group_revenue,2023Q4,quarter,2023-10-01,2023-12-31,3364,EUR,12.5,17.5,true,https://assets-finance.hermes.com/s3fs-public/node/pdf_file/2024-02/1707422069/hermes_20240209_pr_2023fullyearresults_va.pdf,"Hermès consolidated revenue, quarter; reported = change at current exchange rates ('published'), comparable = change at constant exchange rates; source: 2023 full-year results release (full-year and Q4 tables)"
hermes,Hermès,Hermès International,group_revenue,2024Q1,quarter,2024-01-01,2024-03-31,3805,EUR,12.6,17.0,true,https://assets-finance.hermes.com/s3fs-public/node/pdf_file/2024-04/1713975233/hermes_20240425_q1revenue_en.pdf,"Hermès consolidated revenue, quarter; reported = change at current exchange rates ('published'), comparable = change at constant exchange rates; source: Q1 2024 quarterly information report"
hermes,Hermès,Hermès International,group_revenue,2024H1,half,2024-01-01,2024-06-30,7504,EUR,12.0,15.1,true,https://assets-finance.hermes.com/s3fs-public/node/pdf_file/2024-07/1721928495/hermes_20240725_pr_2024firsthalfresults_va.pdf?VersionId=26gUXw9wd4YvvLW_RDeM98kxjzbl_yOY,"Hermès consolidated revenue, first half; reported = change at current exchange rates ('published'), comparable = change at constant exchange rates; source: 2024 half-year information report (H1 and Q2 tables)"
hermes,Hermès,Hermès International,group_revenue,2024-9M,nine_months,2024-01-01,2024-09-30,11208,EUR,11.4,13.8,true,https://assets-finance.hermes.com/s3fs-public/node/pdf_file/2024-10/1729697791/hermes_20241024_q3revenue_en.pdf,"Hermès consolidated revenue, nine months to 30 Sep; reported = change at current exchange rates ('published'), comparable = change at constant exchange rates; source: Q3 2024 quarterly information report (Q3 and nine-month tables)"
hermes,Hermès,Hermès International,group_revenue,FY2024,year,2024-01-01,2024-12-31,15170,EUR,13.0,14.7,true,https://assets-finance.hermes.com/s3fs-public/node/pdf_file/2025-02/1739475049/hermes_20250214_pr_2024fullyearresults_va.pdf?VersionId=qQriZY_1BlBwpp2OmhmriU1k0MRVbUjd,"Hermès consolidated revenue, full year; reported = change at current exchange rates ('published'), comparable = change at constant exchange rates; source: 2024 full-year results release (full-year and Q4 tables)"
hermes,Hermès,Hermès International,group_revenue,2024Q2,quarter,2024-04-01,2024-06-30,3699,EUR,11.5,13.3,true,https://assets-finance.hermes.com/s3fs-public/node/pdf_file/2024-07/1721928495/hermes_20240725_pr_2024firsthalfresults_va.pdf?VersionId=26gUXw9wd4YvvLW_RDeM98kxjzbl_yOY,"Hermès consolidated revenue, quarter; reported = change at current exchange rates ('published'), comparable = change at constant exchange rates; source: 2024 half-year information report (H1 and Q2 tables)"
hermes,Hermès,Hermès International,group_revenue,2024Q3,quarter,2024-07-01,2024-09-30,3704,EUR,10.1,11.3,true,https://assets-finance.hermes.com/s3fs-public/node/pdf_file/2024-10/1729697791/hermes_20241024_q3revenue_en.pdf,"Hermès consolidated revenue, quarter; reported = change at current exchange rates ('published'), comparable = change at constant exchange rates; source: Q3 2024 quarterly information report (Q3 and nine-month tables)"
hermes,Hermès,Hermès International,group_revenue,2024Q4,quarter,2024-10-01,2024-12-31,3962,EUR,17.7,17.6,true,https://assets-finance.hermes.com/s3fs-public/node/pdf_file/2025-02/1739475049/hermes_20250214_pr_2024fullyearresults_va.pdf?VersionId=qQriZY_1BlBwpp2OmhmriU1k0MRVbUjd,"Hermès consolidated revenue, quarter; reported = change at current exchange rates ('published'), comparable = change at constant exchange rates; source: 2024 full-year results release (full-year and Q4 tables)"
hermes,Hermès,Hermès International,group_revenue,2025Q1,quarter,2025-01-01,2025-03-31,4129,EUR,8.5,7.2,true,https://assets-finance.hermes.com/s3fs-public/node/pdf_file/2025-04/1744821139/hermes_20250417_q1revenue_en.pdf?VersionId=Be74GjXCBdZRhcd5MiTNor8O3WezBvAX,"Hermès consolidated revenue, quarter; reported = change at current exchange rates ('published'), comparable = change at constant exchange rates; source: Q1 2025 quarterly information report"
hermes,Hermès,Hermès International,group_revenue,2025H1,half,2025-01-01,2025-06-30,8034,EUR,7.1,8.1,true,https://assets-finance.hermes.com/s3fs-public/node/pdf_file/2025-07/1753810528/hermes_20250730_pr_firsthalfresults_va.pdf?VersionId=s4r.r6iRYwhIrbDNwpPx24CADGXAbrLQ,"Hermès consolidated revenue, first half; reported = change at current exchange rates ('published'), comparable = change at constant exchange rates; source: 2025 half-year information report (H1 and Q2 tables)"
hermes,Hermès,Hermès International,group_revenue,2025-9M,nine_months,2025-01-01,2025-09-30,11916,EUR,6.3,8.6,true,https://assets-finance.hermes.com/s3fs-public/node/pdf_file/2025-10/1761060884/hermes_20251022_q3revenue_en.pdf?VersionId=ssAF_FJ4xoPakTpOLGrfxdC9KjWLrD0c,"Hermès consolidated revenue, nine months to 30 Sep; reported = change at current exchange rates ('published'), comparable = change at constant exchange rates; source: Q3 2025 quarterly information report (Q3 and nine-month tables)"
hermes,Hermès,Hermès International,group_revenue,FY2025,year,2025-01-01,2025-12-31,16002,EUR,5.5,8.9,true,https://assets-finance.hermes.com/s3fs-public/node/pdf_file/2026-02/1770842738/hermes_20260212_pr_2025fullyearresults_va.pdf?VersionId=b_gXeCpcnuB3ftYcPgTb8IVxf8wfnw0k,"Hermès consolidated revenue, full year; reported = change at current exchange rates ('published'), comparable = change at constant exchange rates; source: 2025 full-year results release (full-year and Q4 tables)"
hermes,Hermès,Hermès International,group_revenue,2025Q2,quarter,2025-04-01,2025-06-30,3905,EUR,5.6,9.0,true,https://assets-finance.hermes.com/s3fs-public/node/pdf_file/2025-07/1753810528/hermes_20250730_pr_firsthalfresults_va.pdf?VersionId=s4r.r6iRYwhIrbDNwpPx24CADGXAbrLQ,"Hermès consolidated revenue, quarter; reported = change at current exchange rates ('published'), comparable = change at constant exchange rates; source: 2025 half-year information report (H1 and Q2 tables)"
hermes,Hermès,Hermès International,group_revenue,2025Q3,quarter,2025-07-01,2025-09-30,3881,EUR,4.8,9.6,true,https://assets-finance.hermes.com/s3fs-public/node/pdf_file/2025-10/1761060884/hermes_20251022_q3revenue_en.pdf?VersionId=ssAF_FJ4xoPakTpOLGrfxdC9KjWLrD0c,"Hermès consolidated revenue, quarter; reported = change at current exchange rates ('published'), comparable = change at constant exchange rates; source: Q3 2025 quarterly information report (Q3 and nine-month tables)"
hermes,Hermès,Hermès International,group_revenue,2025Q4,quarter,2025-10-01,2025-12-31,4087,EUR,3.1,9.8,true,https://assets-finance.hermes.com/s3fs-public/node/pdf_file/2026-02/1770842738/hermes_20260212_pr_2025fullyearresults_va.pdf?VersionId=b_gXeCpcnuB3ftYcPgTb8IVxf8wfnw0k,"Hermès consolidated revenue, quarter; reported = change at current exchange rates ('published'), comparable = change at constant exchange rates; source: 2025 full-year results release (full-year and Q4 tables)"
hermes,Hermès,Hermès International,group_revenue,2026Q1,quarter,2026-01-01,2026-03-31,4070,EUR,-1.4,5.6,true,https://assets-finance.hermes.com/s3fs-public/node/pdf_file/2026-04/1776186951/hermes_20260415_revenue_q1_en.pdf?VersionId=uiEvroPL7YGodb4jO1g0fsWxJkFexlag,"Hermès consolidated revenue, quarter; reported = change at current exchange rates ('published'), comparable = change at constant exchange rates; source: Q1 2026 quarterly information report"
hermes,Hermès,Hermès International,group_revenue,2026H1,half,2026-01-01,2026-06-30,8163,EUR,1.6,6.1,true,https://assets-finance.hermes.com/s3fs-public/node/pdf_file/2026-07/1785260662/hermes_20260729_pr_firsthalfresults_va.pdf,"Hermès consolidated revenue, first half; reported = change at current exchange rates ('published'), comparable = change at constant exchange rates; source: 2026 half-year information report (H1 and Q2 tables)"
hermes,Hermès,Hermès International,group_revenue,2026Q2,quarter,2026-04-01,2026-06-30,4094,EUR,4.8,6.7,true,https://assets-finance.hermes.com/s3fs-public/node/pdf_file/2026-07/1785260662/hermes_20260729_pr_firsthalfresults_va.pdf,"Hermès consolidated revenue, quarter; reported = change at current exchange rates ('published'), comparable = change at constant exchange rates; source: 2026 half-year information report (H1 and Q2 tables)"
kering_other_houses,Other Houses,Kering,house_revenue,2019Q1,quarter,2019-01-01,2019-03-31,576.9,EUR,25.0,21.7,true,https://echanges.dila.gouv.fr/OPENDATA/AMF/BWR/2019/04/FCBWR117122_20190417.pdf,"Kering Q1 2019 revenue press release, copy filed through the AMF regulated-information feed (DILA open data). Published to one decimal. The release states 2018 comparatives are restated under IFRS 5 (PUMA, Stella McCartney, Volcom, Christopher Kane)."
kering_other_houses,Other Houses,Kering,house_revenue,2019Q2,quarter,2019-04-01,2019-06-30,648.4,EUR,21.5,19.2,true,https://echanges.dila.gouv.fr/OPENDATA/AMF/BWR/2019/07/FCBWR119578_20190725.pdf,"Kering H1 2019 results press release, Q2 table, copy filed through the AMF regulated-information feed (DILA open data). Published to one decimal."
kering_other_houses,Other Houses,Kering,house_revenue,2019Q3,quarter,2019-07-01,2019-09-30,612.3,EUR,18.6,16.3,true,https://echanges.dila.gouv.fr/OPENDATA/AMF/BWR/2019/10/FCBWR121461_20191024.pdf,"Kering Q3 2019 revenue press release, Q3 table, copy filed through the AMF regulated-information feed (DILA open data). Published to one decimal."
kering_other_houses,Other Houses,Kering,house_revenue,2019Q4,quarter,2019-10-01,2019-12-31,699.9,EUR,17.2,14.9,true,https://echanges.dila.gouv.fr/OPENDATA/AMF/BWR/2020/02/FCBWR123517_20200212.pdf,"Kering FY 2019 results press release, Q4 table, copy filed through the AMF regulated-information feed (DILA open data). Published to one decimal."
kering_other_houses,Other Houses,Kering,house_revenue,2020Q1,quarter,2020-01-01,2020-03-31,553.3,EUR,-4.1,-5.4,true,https://www.businesswire.com/news/home/20200421005650/en/In-a-Quarter-Heavily-Impacted-by-Covid-19-Kering-Demonstrates-Its-Solidity,Kering Q1 2020 revenue press release distributed via Business Wire. Published to one decimal.
kering_other_houses,Other Houses,Kering,house_revenue,2020Q2,quarter,2020-04-01,2020-06-30,365.8,EUR,-43.6,-44.0,true,https://www.businesswire.com/news/home/20200728005745/en/Kering-2020-Half-year-Results,"Kering H1 2020 results press release, Q2 table, distributed via Business Wire. Published to one decimal."
kering_other_houses,Other Houses,Kering,house_revenue,2020Q3,quarter,2020-07-01,2020-09-30,669.1,EUR,,,true,https://echanges.dila.gouv.fr/OPENDATA/AMF/MKW/2021/10/FCMKW113143_20211019.pdf,"NOT FIRST PUBLICATION: the original Q3 2020 revenue release (Oct 2020) could not be opened; figure read from the Q3 2020 comparative column of Kering's Q3 2021 revenue press release, copy filed through the AMF regulated-information feed (DILA open data). Published to one decimal. Q1+Q2+Q3+Q4 2020 add up exactly to the FY 2020 totals in the FY 2020 release, so no restatement was detected. Year-on-year changes vs Q3 2019 are not given in this source, so left blank."
kering_other_houses,Other Houses,Kering,house_revenue,2020Q4,quarter,2020-10-01,2020-12-31,693.1,EUR,-1.0,1.7,true,https://www.globenewswire.com/news-release/2021/02/17/2176745/0/en/Kering-2020-Annual-Results.html,"Kering FY 2020 results press release, Q4 table, distributed via GlobeNewswire. Published to one decimal."
kering_other_houses,Other Houses,Kering,house_revenue,2021Q1,quarter,2021-01-01,2021-03-31,714.3,EUR,29.1,33.1,true,https://echanges.dila.gouv.fr/OPENDATA/AMF/MKW/2021/04/FCMKW119525_20210420.pdf,"Kering Q1 2021 revenue press release, copy filed through the AMF regulated-information feed (DILA open data). Published to one decimal. Restated in 2022 when Kering changed its segment presentation (new Kering Eyewear and Corporate segment, Eliminations shown separately): the following year's release shows this quarter's Other Houses revenue as 718.5 (Q1 2022 release)."
kering_other_houses,Other Houses,Kering,house_revenue,2021Q2,quarter,2021-04-01,2021-06-30,761.3,EUR,108.1,111.3,true,https://www.globenewswire.com/news-release/2021/07/27/2269679/0/en/Kering-2021-First-half-results.html,"Kering H1 2021 results press release, Q2 table, distributed via GlobeNewswire. Published to one decimal. Restated in 2022 when Kering changed its segment presentation (new Kering Eyewear and Corporate segment, Eliminations shown separately): the following year's release shows this quarter's Other Houses revenue as 766 (H1 2022 release)."
kering_other_houses,Other Houses,Kering,house_revenue,2021Q3,quarter,2021-07-01,2021-09-30,843.7,EUR,26.1,26.0,true,https://echanges.dila.gouv.fr/OPENDATA/AMF/MKW/2021/10/FCMKW113143_20211019.pdf,"Kering Q3 2021 revenue press release, Q3 table, copy filed through the AMF regulated-information feed (DILA open data). Published to one decimal. Restated in 2022 when Kering changed its segment presentation (new Kering Eyewear and Corporate segment, Eliminations shown separately): the following year's release shows this quarter's Other Houses revenue as 849 (Q3 2022 release)."
kering_other_houses,Other Houses,Kering,house_revenue,2021Q4,quarter,2021-10-01,2021-12-31,945.4,EUR,36.4,34.2,true,https://www.globenewswire.com/news-release/2022/02/17/2386808/0/en/Kering-2021-FY-Results-EXCELLENT-2021-PERFORMANCES-WELL-AHEAD-OF-2019-LEVELS.html,"Kering FY 2021 results press release, Q4 table, distributed via GlobeNewswire. Published to one decimal. Restated in 2022 when Kering changed its segment presentation (new Kering Eyewear and Corporate segment, Eliminations shown separately): the following year's release shows this quarter's Other Houses revenue as 951 (FY 2022 release)."
kering_other_houses,Other Houses,Kering,house_revenue,2022Q1,quarter,2022-01-01,2022-03-31,973.4,EUR,35.5,35.1,true,https://echanges.dila.gouv.fr/OPENDATA/AMF/MKW/2022/04/FCMKW118204_20220421.pdf,"Kering Q1 2022 revenue press release, copy filed through the AMF regulated-information feed (DILA open data). Published to one decimal. First release using the Kering Eyewear and Corporate segment. Changes are measured against the restated Q1 2021 figure of 718.5 shown in this release (first published as 714.3)."
kering_other_houses,Other Houses,Kering,house_revenue,2022Q2,quarter,2022-04-01,2022-06-30,982,EUR,28,24,true,https://www.bnains.org/archives/communiques/PPR/20220727_Communique_resultats_semestriels_2022_Kering.pdf,"Kering H1 2022 results press release, Q2 (T2) table; French-language release; PDF copy hosted on the bnains.org archive. Published in whole millions and whole percentages. Changes are measured against the restated Q2 2021 figure of 766 shown in this release (first published as 761.3)."
kering_other_houses,Other Houses,Kering,house_revenue,2022Q3,quarter,2022-07-01,2022-09-30,995,EUR,17,13,true,https://www.bnains.org/archives/communiques/PPR/20221020_Communique_CA_T3_2022_Kering.pdf,"Kering Q3 2022 revenue press release, Q3 (T3) table; French-language release; PDF copy hosted on the bnains.org archive. Changes are measured against the restated Q3 2021 figure of 849 shown in this release (first published as 843.7)."
kering_other_houses,Other Houses,Kering,house_revenue,2022Q4,quarter,2022-10-01,2022-12-31,924,EUR,-3,-4,true,https://echanges.dila.gouv.fr/OPENDATA/AMF/MKW/2023/02/FCMKW112751_20230215.pdf,"Kering FY 2022 results press release, Q4 table, copy filed through the AMF regulated-information feed (DILA open data). Changes are measured against the restated Q4 2021 figure of 951 shown in this release (first published as 945.4)."
kering_other_houses,Other Houses,Kering,house_revenue,2023Q1,quarter,2023-01-01,2023-03-31,890,EUR,-9,-9,true,https://echanges.dila.gouv.fr/OPENDATA/AMF/MKW/2023/04/FCMKW116047_20230425.pdf,"Kering Q1 2023 revenue press release, copy filed through the AMF regulated-information feed (DILA open data)."
kering_other_houses,Other Houses,Kering,house_revenue,2023Q2,quarter,2023-04-01,2023-06-30,966,EUR,-2,-1,true,https://www.globenewswire.com/news-release/2023/07/27/2712470/0/en/Kering-First-half-2023-results.html,"Kering H1 2023 results press release, Q2 table, distributed via GlobeNewswire."
kering_other_houses,Other Houses,Kering,house_revenue,2023Q3,quarter,2023-07-01,2023-09-30,805,EUR,-19,-15,true,https://www.globenewswire.com/news-release/2023/10/24/2765897/0/en/Kering-Third-quarter-2023-revenue.html,"Kering Q3 2023 revenue press release, Q3 table, distributed via GlobeNewswire."
kering_other_houses,Other Houses,Kering,house_revenue,2023Q4,quarter,2023-10-01,2023-12-31,853,EUR,-8,-5,true,https://mfn.se/one/a/kering/kering-press-release-2023-annual-results-9aec89a1,"Kering FY 2023 results press release, Q4 table, distributed via MFN."
kering_other_houses,Other Houses,Kering,house_revenue,2024Q1,quarter,2024-01-01,2024-03-31,824,EUR,-7,-6,true,https://echanges.dila.gouv.fr/OPENDATA/AMF/MKW/2024/04/FCMKW116369_20240423.pdf,"Kering Q1 2024 revenue press release, copy filed through the AMF regulated-information feed (DILA open data)."
kering_other_houses,Other Houses,Kering,house_revenue,2024Q2,quarter,2024-04-01,2024-06-30,893,EUR,-8,-5,true,https://www.bnains.org/archives/communiques/PPR/20240724_Communique_resultats_semestriels_2024_Kering.pdf,"Kering H1 2024 results press release, Q2 (T2) table; French-language release; PDF copy hosted on the bnains.org archive."
kering_other_houses,Other Houses,Kering,house_revenue,2024Q3,quarter,2024-07-01,2024-09-30,686,EUR,-15,-14,true,https://echanges.dila.gouv.fr/OPENDATA/AMF/MKW/2024/10/FCMKW119136_20241023.pdf,"Kering Q3 2024 revenue press release, Q3 table, copy filed through the AMF regulated-information feed (DILA open data)."
kering_other_houses,Other Houses,Kering,house_revenue,2024Q4,quarter,2024-10-01,2024-12-31,818,EUR,-4,-4,true,https://www.bnains.org/archives/communiques/PPR/20250211_Communique_resultats_annuels_2024_Kering.pdf,"Kering FY 2024 results press release, Q4 (T4) table; French-language release; PDF copy hosted on the bnains.org archive."
kering_other_houses,Other Houses,Kering,house_revenue,2025Q1,quarter,2025-01-01,2025-03-31,733,EUR,-11,-11,true,https://www.bnains.org/archives/communiques/PPR/20250423_Communique_CA_T1_2025_Kering.pdf,"Kering Q1 2025 revenue press release; French-language release; PDF copy hosted on the bnains.org archive. From Q1 2026 Kering no longer reports Yves Saint Laurent, Bottega Veneta or Other Houses revenue separately (new segments: Kering Fashion & Leather Goods, Kering Jewelry, Kering Eyewear, Corporate & Other); the 2026 releases give no restated house-level figure for this quarter."
kering_other_houses,Other Houses,Kering,house_revenue,2025Q2,quarter,2025-04-01,2025-06-30,726,EUR,-19,-16,true,https://www.bnains.org/archives/communiques/PPR/20250729_Communique_resultats_semestriels_2025_Kering.pdf,"Kering H1 2025 results press release, Q2 (T2) table; French-language release; PDF copy hosted on the bnains.org archive. From Q1 2026 Kering no longer reports Yves Saint Laurent, Bottega Veneta or Other Houses revenue separately (new segments: Kering Fashion & Leather Goods, Kering Jewelry, Kering Eyewear, Corporate & Other); the 2026 releases give no restated house-level figure for this quarter."
kering_other_houses,Other Houses,Kering,house_revenue,2025Q3,quarter,2025-07-01,2025-09-30,652,EUR,-5,1,true,https://www.bnains.org/archives/communiques/PPR/20251022_Communique_CA_T3_2025_Kering.pdf,"Kering Q3 2025 revenue press release, Q3 (T3) table; French-language release; PDF copy hosted on the bnains.org archive. From Q1 2026 Kering no longer reports Yves Saint Laurent, Bottega Veneta or Other Houses revenue separately (new segments: Kering Fashion & Leather Goods, Kering Jewelry, Kering Eyewear, Corporate & Other); the 2026 releases give no restated house-level figure for this quarter."
miu_miu,Miu Miu,Prada Group,net_revenues,FY2022,year,2022-01-01,2022-12-31,488.9,EUR,,,true,https://www.pradagroup.com/content/dam/pradagroup/documents/investors/FY-2022/e-Announcement%20of%20the%20Consolidated%20results%20for%20the%20period%20ended%20December%2031%202022.pdf,"net revenues by brand (incl. royalties), as stated in MD&A sentence 'net revenues by brand amounted to' in HKEX announcement; no % change published"
miu_miu,Miu Miu,Prada Group,net_revenues,2023Q1,quarter,2023-01-01,2023-03-31,149.5,EUR,,,true,https://www.pradagroup.com/content/dam/pradagroup/documents/Shareholderinformation/2023/inglese/Q1/e-Announcement%20of%20the%20Consolidated%20Revenues%20for%20March%2031%202023_FINAL.pdf,"net revenues by brand (incl. royalties), as stated in MD&A sentence 'net revenues by brand amounted to' in HKEX announcement; no % change published"
miu_miu,Miu Miu,Prada Group,net_revenues,2023H1,half,2023-01-01,2023-06-30,326.6,EUR,,,true,https://www.pradagroup.com/content/dam/pradagroup/documents/investors/h1-2023/e-Announcement%20of%20the%20Consolidated%20results%20for%20the%20period%20ended%20June%2030%202023.pdf,"net revenues by brand (incl. royalties), as stated in MD&A sentence 'net revenues by brand amounted to' in HKEX announcement; no % change published"
miu_miu,Miu Miu,Prada Group,net_revenues,2023-9M,nine_months,2023-01-01,2023-09-30,511.5,EUR,,,true,https://www.pradagroup.com/content/dam/pradagroup/documents/Shareholderinformation/2023/inglese/e-Announcement%20of%20the%20Consolidated%20Revenues%20for%20the%20period%20ended%20September%2030%202023.pdf,"net revenues by brand (incl. royalties), as stated in MD&A sentence 'net revenues by brand amounted to' in HKEX announcement; no % change published"
miu_miu,Miu Miu,Prada Group,net_revenues,FY2023,year,2023-01-01,2023-12-31,753.2,EUR,,,true,https://www.pradagroup.com/content/dam/pradagroup/documents/investors/FY-2023/e-%20Announcement%20of%20the%20Consolidated%20results%20for%20the%20period%20ended%20December%2031%202023.pdf,"net revenues by brand (incl. royalties), as stated in MD&A sentence 'net revenues by brand amounted to' in HKEX announcement; no % change published"
miu_miu,Miu Miu,Prada Group,net_revenues,2024H1,half,2024-01-01,2024-06-30,595.4,EUR,,,true,https://www.pradagroup.com/content/dam/pradagroup/documents/investors/H1-2024/e-Announcement%20of%20the%20Consolidated%20results%20for%20the%20period%20ended%20June%2030%202024.pdf,"net revenues by brand (incl. royalties), as stated in MD&A sentence 'net revenues by brand amounted to' in HKEX announcement; no % change published"
miu_miu,Miu Miu,Prada Group,net_revenues,2024-9M,nine_months,2024-01-01,2024-09-30,951.7,EUR,,,true,https://www.pradagroup.com/content/dam/pradagroup/documents/Shareholderinformation/2024/Inglese/9M/e%20-%20Announcement%20of%20the%20Consolidated%20revenues%20for%20the%20period%20ended%20September%2030%202024.pdf,"net revenues by brand (incl. royalties), as stated in MD&A sentence 'net revenues by brand amounted to' in HKEX announcement; no % change published"
miu_miu,Miu Miu,Prada Group,net_revenues,FY2024,year,2024-01-01,2024-12-31,1377.9,EUR,,,true,https://www.pradagroup.com/content/dam/pradagroup/documents/Shareholderinformation/2025/e-Announcement_of_the_Consolidated_results_for_the_period_ended_December_31_2024.pdf,"net revenues by brand (incl. royalties), as stated in MD&A sentence 'net revenues by brand amounted to' in HKEX announcement; no % change published"
miu_miu,Miu Miu,Prada Group,net_revenues,2025Q1,quarter,2025-01-01,2025-03-31,416.1,EUR,,,true,"https://www.pradagroup.com/content/dam/pradagroup/documents/Shareholderinformation/2025/e-Announcement-of-Unaudited-Revenues-for-the-three-months-ended-March-31,2025-04-2025.pdf","net revenues by brand (incl. royalties), as stated in MD&A sentence 'net revenues by brand amounted to' in HKEX announcement; no % change published"
miu_miu,Miu Miu,Prada Group,net_revenues,2025H1,half,2025-01-01,2025-06-30,866.5,EUR,,,true,https://www.pradagroup.com/content/dam/pradagroup/documents/Shareholderinformation/2025/H1-2025/e-Announcement_of_the_Consolidated_results_for_the_period_ended_June_30_2025_07_2025.pdf,"net revenues by brand (incl. royalties), as stated in MD&A sentence 'net revenues by brand amounted to' in HKEX announcement; no % change published"
miu_miu,Miu Miu,Prada Group,net_revenues,2025-9M,nine_months,2025-01-01,2025-09-30,1311.1,EUR,,,true,https://www.pradagroup.com/content/dam/pradagroup/documents/Shareholderinformation/2025/e-Announcement-of-the-Consolidated-revenues-for-the-period-ended-September-30-2025.pdf,"net revenues by brand (incl. royalties), as stated in MD&A sentence 'net revenues by brand amounted to' in HKEX announcement; no % change published"
miu_miu,Miu Miu,Prada Group,net_revenues,FY2025,year,2025-01-01,2025-12-31,1786.8,EUR,,,true,https://www.pradagroup.com/content/dam/pradagroup/documents/investors/FY-2025/e-Announcement-of_the_Consolidated_results_for_the_period_ended_December_31_2025.pdf,"net revenues by brand (incl. royalties), as stated in MD&A sentence 'net revenues by brand amounted to' in HKEX announcement; no % change published"
miu_miu,Miu Miu,Prada Group,net_revenues,2026Q1,quarter,2026-01-01,2026-03-31,407.0,EUR,,,true,https://www.pradagroup.com/content/dam/pradagroup/documents/Shareholderinformation/2026/inglese/Q1-2026/e-Announcement_of_the_Consolidated_revenues_for_the_period_ended_March_31_2026.pdf,"net revenues by brand (incl. royalties), as stated in MD&A sentence 'net revenues by brand amounted to' in HKEX announcement; no % change published"
miu_miu,Miu Miu,Prada Group,net_revenues,2026H1,half,2026-01-01,2026-06-30,875.6,EUR,,,true,https://www.pradagroup.com/content/dam/pradagroup/documents/Shareholderinformation/2026/inglese/e-Announcement_of_the_Consolidated_results_for_the_period_ended_June_30_2026_07_2026.pdf,"net revenues by brand (incl. royalties), as stated in MD&A sentence 'net revenues by brand amounted to' in HKEX announcement; no % change published"
miu_miu,Miu Miu,Prada Group,net_sales,2019H1,half,2019-01-01,2019-06-30,220.774,EUR,-5.9,-8.4,true,https://www.pradagroup.com/content/dam/pradagroup/documents/Shareholderinformation/2019/inglese/h12019/e-Announcement-of-the-Consolidated-results-for-the-period-ended-June-30-2019.pdf,"net sales by brand (retail + wholesale, excluding royalties), 'Net Sales by brand' table in HKEX results announcement, amounts in EUR thousands; constant-FX change from MD&A text on brand net sales; comparable = % change at constant exchange rates"
miu_miu,Miu Miu,Prada Group,net_sales,FY2019,year,2019-01-01,2019-12-31,450.491,EUR,-0.7,,true,https://www.pradagroup.com/content/dam/pradagroup/documents/FinancialDocuments/AnnualReport/inglese/e-Annual%20Results%20Announcement_2019.pdf,"net sales by brand (retail + wholesale, excluding royalties), 'Net Sales by brand' table in HKEX results announcement, amounts in EUR thousands; table gives one % change column (current rates)"
miu_miu,Miu Miu,Prada Group,net_sales,2020H1,half,2020-01-01,2020-06-30,130.878,EUR,-40.7,,true,https://www.pradagroup.com/content/dam/pradagroup/documents/Shareholderinformation/2020/inglese/H1-2020/e-Announcement%20of%20the%20Consolidated%20results%20for%20the%20period%20ended%20June%2030%202020.pdf,"net sales by brand (retail + wholesale, excluding royalties), 'Net Sales by brand' table in HKEX results announcement, amounts in EUR thousands; table gives one % change column (current rates)"
miu_miu,Miu Miu,Prada Group,net_sales,FY2020,year,2020-01-01,2020-12-31,329.497,EUR,-26.9,,true,https://www.pradagroup.com/content/dam/pradagroup/documents/2021/FY_2020/inglese/e-Announcement%20of%20the%20Consolidated%20results%20for%20the%20period%20ended%20December%2031%202020.pdf,"net sales by brand (retail + wholesale, excluding royalties), 'Net Sales by brand' table in HKEX results announcement, amounts in EUR thousands; table gives one % change column (current rates)"
miu_miu,Miu Miu,Prada Group,net_sales,2021H1,half,2021-01-01,2021-06-30,190.938,EUR,,,true,https://www.pradagroup.com/content/dam/pradagroup/documents/Shareholderinformation/2021/inglese/H1-2021/e-Anouncement%20of%20the%20Consolidated%20results%20for%20the%20period%20ended%20June%2030%202021.pdf,"net sales by brand (retail + wholesale, excluding royalties), 'Net Sales by brand' table in HKEX results announcement, amounts in EUR thousands; table shows H1 2021, H1 2020 and H1 2019 values without % change columns"
miu_miu,Miu Miu,Prada Group,net_sales,FY2021,year,2021-01-01,2021-12-31,401.219,EUR,,,true,https://www.pradagroup.com/content/dam/pradagroup/documents/investors/fy-2021/e-Announcement%20of%20the%20Consolidated%20results%20for%20the%20period%20ended%20December%2031%202021.pdf,"net sales by brand (retail + wholesale, excluding royalties), 'Net Sales by brand' table in HKEX results announcement, amounts in EUR thousands; table shows 2021, 2020 and 2019 values without % change columns"
miu_miu,Miu Miu,Prada Group,net_sales,2022H1,half,2022-01-01,2022-06-30,216.378,EUR,,,true,https://www.pradagroup.com/content/dam/pradagroup/documents/investors/H1-2022/e-Announcement%20of%20the%20Consolidated%20results%20for%20the%20period%20ended%20June%2030%202022.pdf,"net sales by brand (retail + wholesale, excluding royalties), 'Net Sales by brand' table in HKEX results announcement, amounts in EUR thousands; table shows H1 2022, H1 2021 and H1 2019 values without % change columns"
miu_miu,Miu Miu,Prada Group,retail_net_sales,FY2021,year,2021-01-01,2021-12-31,346.874,EUR,,,true,https://www.pradagroup.com/content/dam/pradagroup/documents/investors/FY-2022/e-Announcement%20of%20the%20Consolidated%20results%20for%20the%20period%20ended%20December%2031%202022.pdf,"retail net sales by brand, 'Retail net sales by brand' table in HKEX announcement, amounts in EUR thousands; figure published only as the prior-year comparative column in the FY2022 results announcement (no brand retail figure found in the period's own release); % change vs earlier year not published there"
miu_miu,Miu Miu,Prada Group,retail_net_sales,2022Q1,quarter,2022-01-01,2022-03-31,92.115,EUR,,,true,https://www.pradagroup.com/content/dam/pradagroup/documents/Shareholderinformation/2023/inglese/Q1/e-Announcement%20of%20the%20Consolidated%20Revenues%20for%20March%2031%202023_FINAL.pdf,"retail net sales by brand, 'Retail net sales by brand' table in HKEX announcement, amounts in EUR thousands; figure published only as the prior-year comparative column in the Q1 2023 revenues announcement (no brand retail figure found in the period's own release); % change vs earlier year not published there"
miu_miu,Miu Miu,Prada Group,retail_net_sales,2022H1,half,2022-01-01,2022-06-30,196.483,EUR,,,true,https://www.pradagroup.com/content/dam/pradagroup/documents/investors/h1-2023/e-Announcement%20of%20the%20Consolidated%20results%20for%20the%20period%20ended%20June%2030%202023.pdf,"retail net sales by brand, 'Retail net sales by brand' table in HKEX announcement, amounts in EUR thousands; figure published only as the prior-year comparative column in the H1 2023 results announcement (no brand retail figure found in the period's own release); % change vs earlier year not published there"
miu_miu,Miu Miu,Prada Group,retail_net_sales,2022-9M,nine_months,2022-01-01,2022-09-30,313.747,EUR,,,true,https://www.pradagroup.com/content/dam/pradagroup/documents/Shareholderinformation/2023/inglese/e-Announcement%20of%20the%20Consolidated%20Revenues%20for%20the%20period%20ended%20September%2030%202023.pdf,"retail net sales by brand, 'Retail net sales by brand' table in HKEX announcement, amounts in EUR thousands; figure published only as the prior-year comparative column in the 9M 2023 revenues announcement (no brand retail figure found in the period's own release); % change vs earlier year not published there"
miu_miu,Miu Miu,Prada Group,retail_net_sales,FY2022,year,2022-01-01,2022-12-31,431.768,EUR,24.5,20.3,true,https://www.pradagroup.com/content/dam/pradagroup/documents/investors/FY-2022/e-Announcement%20of%20the%20Consolidated%20results%20for%20the%20period%20ended%20December%2031%202022.pdf,"retail net sales by brand, 'Retail net sales by brand' table in HKEX announcement, amounts in EUR thousands; comparable = % change at constant exchange rates"
miu_miu,Miu Miu,Prada Group,retail_net_sales,2023Q1,quarter,2023-01-01,2023-03-31,129.425,EUR,40.5,41.9,true,https://www.pradagroup.com/content/dam/pradagroup/documents/Shareholderinformation/2023/inglese/Q1/e-Announcement%20of%20the%20Consolidated%20Revenues%20for%20March%2031%202023_FINAL.pdf,"retail net sales by brand, 'Retail net sales by brand' table in HKEX announcement, amounts in EUR thousands; comparable = % change at constant exchange rates"
miu_miu,Miu Miu,Prada Group,retail_net_sales,2023H1,half,2023-01-01,2023-06-30,285.16,EUR,45.1,50.1,true,https://www.pradagroup.com/content/dam/pradagroup/documents/investors/h1-2023/e-Announcement%20of%20the%20Consolidated%20results%20for%20the%20period%20ended%20June%2030%202023.pdf,"retail net sales by brand, 'Retail net sales by brand' table in HKEX announcement, amounts in EUR thousands; comparable = % change at constant exchange rates"
miu_miu,Miu Miu,Prada Group,retail_net_sales,2023-9M,nine_months,2023-01-01,2023-09-30,446.147,EUR,42.2,49.5,true,https://www.pradagroup.com/content/dam/pradagroup/documents/Shareholderinformation/2023/inglese/e-Announcement%20of%20the%20Consolidated%20Revenues%20for%20the%20period%20ended%20September%2030%202023.pdf,"retail net sales by brand, 'Retail net sales by brand' table in HKEX announcement, amounts in EUR thousands; comparable = % change at constant exchange rates"
miu_miu,Miu Miu,Prada Group,retail_net_sales,FY2023,year,2023-01-01,2023-12-31,648.936,EUR,50.3,58.2,true,https://www.pradagroup.com/content/dam/pradagroup/documents/investors/FY-2023/e-%20Announcement%20of%20the%20Consolidated%20results%20for%20the%20period%20ended%20December%2031%202023.pdf,"retail net sales by brand, 'Retail net sales by brand' table in HKEX announcement, amounts in EUR thousands; comparable = % change at constant exchange rates"
miu_miu,Miu Miu,Prada Group,retail_net_sales,2024Q1,quarter,2024-01-01,2024-03-31,233,EUR,,89,true,https://www.pradagroup.com/content/dam/pradagroup/documents/investors/Q1-2024/Prada%20Group_Q1_24_Revenue%20Presentation.pdf,"retail sales by brand, 'Retail Sales by Brand' slide (EUR m, rounded) in Q1 2024 revenue presentation; comparable = % at constant FX; the Q1 2024 HKEX announcement PDF is image-only; the Q1 2025 announcement shows the Q1 2024 comparative as EUR 233,184k"
miu_miu,Miu Miu,Prada Group,retail_net_sales,2024H1,half,2024-01-01,2024-06-30,530.129,EUR,85.9,92.7,true,https://www.pradagroup.com/content/dam/pradagroup/documents/investors/H1-2024/e-Announcement%20of%20the%20Consolidated%20results%20for%20the%20period%20ended%20June%2030%202024.pdf,"retail net sales by brand, 'Retail net sales by brand' table in HKEX announcement, amounts in EUR thousands; comparable = % change at constant exchange rates"
miu_miu,Miu Miu,Prada Group,retail_net_sales,2024-9M,nine_months,2024-01-01,2024-09-30,854.339,EUR,91.5,97.3,true,https://www.pradagroup.com/content/dam/pradagroup/documents/Shareholderinformation/2024/Inglese/9M/e%20-%20Announcement%20of%20the%20Consolidated%20revenues%20for%20the%20period%20ended%20September%2030%202024.pdf,"retail net sales by brand, 'Retail net sales by brand' table in HKEX announcement, amounts in EUR thousands; comparable = % change at constant exchange rates"
miu_miu,Miu Miu,Prada Group,retail_net_sales,FY2024,year,2024-01-01,2024-12-31,1228.053,EUR,89.2,93.2,true,https://www.pradagroup.com/content/dam/pradagroup/documents/Shareholderinformation/2025/e-Announcement_of_the_Consolidated_results_for_the_period_ended_December_31_2024.pdf,"retail net sales by brand, 'Retail net sales by brand' table in HKEX announcement, amounts in EUR thousands; comparable = % change at constant exchange rates"
miu_miu,Miu Miu,Prada Group,retail_net_sales,2025Q1,quarter,2025-01-01,2025-03-31,376.695,EUR,61.5,60.2,true,"https://www.pradagroup.com/content/dam/pradagroup/documents/Shareholderinformation/2025/e-Announcement-of-Unaudited-Revenues-for-the-three-months-ended-March-31,2025-04-2025.pdf","retail net sales by brand, 'Retail net sales by brand' table in HKEX announcement, amounts in EUR thousands; comparable = % change at constant exchange rates"
miu_miu,Miu Miu,Prada Group,retail_net_sales,2025H1,half,2025-01-01,2025-06-30,780.14,EUR,47.2,49.2,true,https://www.pradagroup.com/content/dam/pradagroup/documents/Shareholderinformation/2025/H1-2025/e-Announcement_of_the_Consolidated_results_for_the_period_ended_June_30_2025_07_2025.pdf,"retail net sales by brand, 'Retail net sales by brand' table in HKEX announcement, amounts in EUR thousands; comparable = % change at constant exchange rates"
miu_miu,Miu Miu,Prada Group,retail_net_sales,2025-9M,nine_months,2025-01-01,2025-09-30,1178.237,EUR,37.9,41.4,true,https://www.pradagroup.com/content/dam/pradagroup/documents/Shareholderinformation/2025/e-Announcement-of-the-Consolidated-revenues-for-the-period-ended-September-30-2025.pdf,"retail net sales by brand, 'Retail net sales by brand' table in HKEX announcement, amounts in EUR thousands; comparable = % change at constant exchange rates"
miu_miu,Miu Miu,Prada Group,retail_net_sales,FY2025,year,2025-01-01,2025-12-31,1594.581,EUR,29.8,34.8,true,https://www.pradagroup.com/content/dam/pradagroup/documents/investors/FY-2025/e-Announcement-of_the_Consolidated_results_for_the_period_ended_December_31_2025.pdf,"retail net sales by brand, 'Retail net sales by brand' table in HKEX announcement, amounts in EUR thousands; comparable = % change at constant exchange rates; organic change equals constant-FX change for this brand (-1.0% Prada, 34.8% Miu Miu)"
miu_miu,Miu Miu,Prada Group,retail_net_sales,2026Q1,quarter,2026-01-01,2026-03-31,358.088,EUR,-4.9,2.4,true,https://www.pradagroup.com/content/dam/pradagroup/documents/Shareholderinformation/2026/inglese/Q1-2026/e-Announcement_of_the_Consolidated_revenues_for_the_period_ended_March_31_2026.pdf,"retail net sales by brand, 'Retail net sales by brand' table in HKEX announcement, amounts in EUR thousands; comparable = % change at constant exchange rates; organic change equals constant-FX change for this brand"
miu_miu,Miu Miu,Prada Group,retail_net_sales,2026H1,half,2026-01-01,2026-06-30,763.276,EUR,-2.2,2.5,true,https://www.pradagroup.com/content/dam/pradagroup/documents/Shareholderinformation/2026/inglese/e-Announcement_of_the_Consolidated_results_for_the_period_ended_June_30_2026_07_2026.pdf,"retail net sales by brand, 'Retail net sales by brand' table in HKEX announcement, amounts in EUR thousands; comparable = % change at constant exchange rates; organic change equals constant-FX change for this brand"
prada,Prada,Prada Group,net_revenues,FY2022,year,2022-01-01,2022-12-31,3647.8,EUR,,,true,https://www.pradagroup.com/content/dam/pradagroup/documents/investors/FY-2022/e-Announcement%20of%20the%20Consolidated%20results%20for%20the%20period%20ended%20December%2031%202022.pdf,"net revenues by brand (incl. royalties), as stated in MD&A sentence 'net revenues by brand amounted to' in HKEX announcement; no % change published"
prada,Prada,Prada Group,net_revenues,2023Q1,quarter,2023-01-01,2023-03-31,902.6,EUR,,,true,https://www.pradagroup.com/content/dam/pradagroup/documents/Shareholderinformation/2023/inglese/Q1/e-Announcement%20of%20the%20Consolidated%20Revenues%20for%20March%2031%202023_FINAL.pdf,"net revenues by brand (incl. royalties), as stated in MD&A sentence 'net revenues by brand amounted to' in HKEX announcement; no % change published"
prada,Prada,Prada Group,net_revenues,2023H1,half,2023-01-01,2023-06-30,1880.4,EUR,,,true,https://www.pradagroup.com/content/dam/pradagroup/documents/investors/h1-2023/e-Announcement%20of%20the%20Consolidated%20results%20for%20the%20period%20ended%20June%2030%202023.pdf,"net revenues by brand (incl. royalties), as stated in MD&A sentence 'net revenues by brand amounted to' in HKEX announcement; no % change published"
prada,Prada,Prada Group,net_revenues,2023-9M,nine_months,2023-01-01,2023-09-30,2793.6,EUR,,,true,https://www.pradagroup.com/content/dam/pradagroup/documents/Shareholderinformation/2023/inglese/e-Announcement%20of%20the%20Consolidated%20Revenues%20for%20the%20period%20ended%20September%2030%202023.pdf,"net revenues by brand (incl. royalties), as stated in MD&A sentence 'net revenues by brand amounted to' in HKEX announcement; no % change published"
prada,Prada,Prada Group,net_revenues,FY2023,year,2023-01-01,2023-12-31,3912.3,EUR,,,true,https://www.pradagroup.com/content/dam/pradagroup/documents/investors/FY-2023/e-%20Announcement%20of%20the%20Consolidated%20results%20for%20the%20period%20ended%20December%2031%202023.pdf,"net revenues by brand (incl. royalties), as stated in MD&A sentence 'net revenues by brand amounted to' in HKEX announcement; no % change published"
prada,Prada,Prada Group,net_revenues,2024H1,half,2024-01-01,2024-06-30,1924.9,EUR,,,true,https://www.pradagroup.com/content/dam/pradagroup/documents/investors/H1-2024/e-Announcement%20of%20the%20Consolidated%20results%20for%20the%20period%20ended%20June%2030%202024.pdf,"net revenues by brand (incl. royalties), as stated in MD&A sentence 'net revenues by brand amounted to' in HKEX announcement; no % change published"
prada,Prada,Prada Group,net_revenues,2024-9M,nine_months,2024-01-01,2024-09-30,2834.4,EUR,,,true,https://www.pradagroup.com/content/dam/pradagroup/documents/Shareholderinformation/2024/Inglese/9M/e%20-%20Announcement%20of%20the%20Consolidated%20revenues%20for%20the%20period%20ended%20September%2030%202024.pdf,"net revenues by brand (incl. royalties), as stated in MD&A sentence 'net revenues by brand amounted to' in HKEX announcement; no % change published"
prada,Prada,Prada Group,net_revenues,FY2024,year,2024-01-01,2024-12-31,3988.1,EUR,,,true,https://www.pradagroup.com/content/dam/pradagroup/documents/Shareholderinformation/2025/e-Announcement_of_the_Consolidated_results_for_the_period_ended_December_31_2024.pdf,"net revenues by brand (incl. royalties), as stated in MD&A sentence 'net revenues by brand amounted to' in HKEX announcement; no % change published"
prada,Prada,Prada Group,net_revenues,2025Q1,quarter,2025-01-01,2025-03-31,912.5,EUR,,,true,"https://www.pradagroup.com/content/dam/pradagroup/documents/Shareholderinformation/2025/e-Announcement-of-Unaudited-Revenues-for-the-three-months-ended-March-31,2025-04-2025.pdf","net revenues by brand (incl. royalties), as stated in MD&A sentence 'net revenues by brand amounted to' in HKEX announcement; no % change published"
prada,Prada,Prada Group,net_revenues,2025H1,half,2025-01-01,2025-06-30,1844.0,EUR,,,true,https://www.pradagroup.com/content/dam/pradagroup/documents/Shareholderinformation/2025/H1-2025/e-Announcement_of_the_Consolidated_results_for_the_period_ended_June_30_2025_07_2025.pdf,"net revenues by brand (incl. royalties), as stated in MD&A sentence 'net revenues by brand amounted to' in HKEX announcement; no % change published"
prada,Prada,Prada Group,net_revenues,2025-9M,nine_months,2025-01-01,2025-09-30,2713.2,EUR,,,true,https://www.pradagroup.com/content/dam/pradagroup/documents/Shareholderinformation/2025/e-Announcement-of-the-Consolidated-revenues-for-the-period-ended-September-30-2025.pdf,"net revenues by brand (incl. royalties), as stated in MD&A sentence 'net revenues by brand amounted to' in HKEX announcement; no % change published"
prada,Prada,Prada Group,net_revenues,FY2025,year,2025-01-01,2025-12-31,3795.6,EUR,,,true,https://www.pradagroup.com/content/dam/pradagroup/documents/investors/FY-2025/e-Announcement-of_the_Consolidated_results_for_the_period_ended_December_31_2025.pdf,"net revenues by brand (incl. royalties), as stated in MD&A sentence 'net revenues by brand amounted to' in HKEX announcement; no % change published"
prada,Prada,Prada Group,net_revenues,2026Q1,quarter,2026-01-01,2026-03-31,862.4,EUR,,,true,https://www.pradagroup.com/content/dam/pradagroup/documents/Shareholderinformation/2026/inglese/Q1-2026/e-Announcement_of_the_Consolidated_revenues_for_the_period_ended_March_31_2026.pdf,"net revenues by brand (incl. royalties), as stated in MD&A sentence 'net revenues by brand amounted to' in HKEX announcement; no % change published"
prada,Prada,Prada Group,net_revenues,2026H1,half,2026-01-01,2026-06-30,1834.0,EUR,,,true,https://www.pradagroup.com/content/dam/pradagroup/documents/Shareholderinformation/2026/inglese/e-Announcement_of_the_Consolidated_results_for_the_period_ended_June_30_2026_07_2026.pdf,"net revenues by brand (incl. royalties), as stated in MD&A sentence 'net revenues by brand amounted to' in HKEX announcement; no % change published"
prada,Prada,Prada Group,net_sales,2019H1,half,2019-01-01,2019-06-30,1284.429,EUR,3.9,1.4,true,https://www.pradagroup.com/content/dam/pradagroup/documents/Shareholderinformation/2019/inglese/h12019/e-Announcement-of-the-Consolidated-results-for-the-period-ended-June-30-2019.pdf,"net sales by brand (retail + wholesale, excluding royalties), 'Net Sales by brand' table in HKEX results announcement, amounts in EUR thousands; constant-FX change from MD&A text on brand net sales; comparable = % change at constant exchange rates"
prada,Prada,Prada Group,net_sales,FY2019,year,2019-01-01,2019-12-31,2643.348,EUR,3.3,,true,https://www.pradagroup.com/content/dam/pradagroup/documents/FinancialDocuments/AnnualReport/inglese/e-Annual%20Results%20Announcement_2019.pdf,"net sales by brand (retail + wholesale, excluding royalties), 'Net Sales by brand' table in HKEX results announcement, amounts in EUR thousands; table gives one % change column (current rates)"
prada,Prada,Prada Group,net_sales,2020H1,half,2020-01-01,2020-06-30,774.876,EUR,-39.7,,true,https://www.pradagroup.com/content/dam/pradagroup/documents/Shareholderinformation/2020/inglese/H1-2020/e-Announcement%20of%20the%20Consolidated%20results%20for%20the%20period%20ended%20June%2030%202020.pdf,"net sales by brand (retail + wholesale, excluding royalties), 'Net Sales by brand' table in HKEX results announcement, amounts in EUR thousands; table gives one % change column (current rates)"
prada,Prada,Prada Group,net_sales,FY2020,year,2020-01-01,2020-12-31,2012.62,EUR,-23.9,,true,https://www.pradagroup.com/content/dam/pradagroup/documents/2021/FY_2020/inglese/e-Announcement%20of%20the%20Consolidated%20results%20for%20the%20period%20ended%20December%2031%202020.pdf,"net sales by brand (retail + wholesale, excluding royalties), 'Net Sales by brand' table in HKEX results announcement, amounts in EUR thousands; table gives one % change column (current rates)"
prada,Prada,Prada Group,net_sales,2021H1,half,2021-01-01,2021-06-30,1264.829,EUR,,,true,https://www.pradagroup.com/content/dam/pradagroup/documents/Shareholderinformation/2021/inglese/H1-2021/e-Anouncement%20of%20the%20Consolidated%20results%20for%20the%20period%20ended%20June%2030%202021.pdf,"net sales by brand (retail + wholesale, excluding royalties), 'Net Sales by brand' table in HKEX results announcement, amounts in EUR thousands; table shows H1 2021, H1 2020 and H1 2019 values without % change columns"
prada,Prada,Prada Group,net_sales,FY2021,year,2021-01-01,2021-12-31,2857.693,EUR,,,true,https://www.pradagroup.com/content/dam/pradagroup/documents/investors/fy-2021/e-Announcement%20of%20the%20Consolidated%20results%20for%20the%20period%20ended%20December%2031%202021.pdf,"net sales by brand (retail + wholesale, excluding royalties), 'Net Sales by brand' table in HKEX results announcement, amounts in EUR thousands; table shows 2021, 2020 and 2019 values without % change columns"
prada,Prada,Prada Group,net_sales,2022H1,half,2022-01-01,2022-06-30,1625.887,EUR,,,true,https://www.pradagroup.com/content/dam/pradagroup/documents/investors/H1-2022/e-Announcement%20of%20the%20Consolidated%20results%20for%20the%20period%20ended%20June%2030%202022.pdf,"net sales by brand (retail + wholesale, excluding royalties), 'Net Sales by brand' table in HKEX results announcement, amounts in EUR thousands; table shows H1 2022, H1 2021 and H1 2019 values without % change columns"
prada,Prada,Prada Group,retail_net_sales,FY2021,year,2021-01-01,2021-12-31,2537.061,EUR,,,true,https://www.pradagroup.com/content/dam/pradagroup/documents/investors/FY-2022/e-Announcement%20of%20the%20Consolidated%20results%20for%20the%20period%20ended%20December%2031%202022.pdf,"retail net sales by brand, 'Retail net sales by brand' table in HKEX announcement, amounts in EUR thousands; figure published only as the prior-year comparative column in the FY2022 results announcement (no brand retail figure found in the period's own release); % change vs earlier year not published there"
prada,Prada,Prada Group,retail_net_sales,2022Q1,quarter,2022-01-01,2022-03-31,675.159,EUR,,,true,https://www.pradagroup.com/content/dam/pradagroup/documents/Shareholderinformation/2023/inglese/Q1/e-Announcement%20of%20the%20Consolidated%20Revenues%20for%20March%2031%202023_FINAL.pdf,"retail net sales by brand, 'Retail net sales by brand' table in HKEX announcement, amounts in EUR thousands; figure published only as the prior-year comparative column in the Q1 2023 revenues announcement (no brand retail figure found in the period's own release); % change vs earlier year not published there"
prada,Prada,Prada Group,retail_net_sales,2022H1,half,2022-01-01,2022-06-30,1457.314,EUR,,,true,https://www.pradagroup.com/content/dam/pradagroup/documents/investors/h1-2023/e-Announcement%20of%20the%20Consolidated%20results%20for%20the%20period%20ended%20June%2030%202023.pdf,"retail net sales by brand, 'Retail net sales by brand' table in HKEX announcement, amounts in EUR thousands; figure published only as the prior-year comparative column in the H1 2023 results announcement (no brand retail figure found in the period's own release); % change vs earlier year not published there"
prada,Prada,Prada Group,retail_net_sales,2022-9M,nine_months,2022-01-01,2022-09-30,2303.948,EUR,,,true,https://www.pradagroup.com/content/dam/pradagroup/documents/Shareholderinformation/2023/inglese/e-Announcement%20of%20the%20Consolidated%20Revenues%20for%20the%20period%20ended%20September%2030%202023.pdf,"retail net sales by brand, 'Retail net sales by brand' table in HKEX announcement, amounts in EUR thousands; figure published only as the prior-year comparative column in the 9M 2023 revenues announcement (no brand retail figure found in the period's own release); % change vs earlier year not published there"
prada,Prada,Prada Group,retail_net_sales,FY2022,year,2022-01-01,2022-12-31,3252.025,EUR,28.2,24.5,true,https://www.pradagroup.com/content/dam/pradagroup/documents/investors/FY-2022/e-Announcement%20of%20the%20Consolidated%20results%20for%20the%20period%20ended%20December%2031%202022.pdf,"retail net sales by brand, 'Retail net sales by brand' table in HKEX announcement, amounts in EUR thousands; comparable = % change at constant exchange rates"
prada,Prada,Prada Group,retail_net_sales,2023Q1,quarter,2023-01-01,2023-03-31,813.285,EUR,20.5,21.1,true,https://www.pradagroup.com/content/dam/pradagroup/documents/Shareholderinformation/2023/inglese/Q1/e-Announcement%20of%20the%20Consolidated%20Revenues%20for%20March%2031%202023_FINAL.pdf,"retail net sales by brand, 'Retail net sales by brand' table in HKEX announcement, amounts in EUR thousands; comparable = % change at constant exchange rates"
prada,Prada,Prada Group,retail_net_sales,2023H1,half,2023-01-01,2023-06-30,1667.909,EUR,14.5,17.7,true,https://www.pradagroup.com/content/dam/pradagroup/documents/investors/h1-2023/e-Announcement%20of%20the%20Consolidated%20results%20for%20the%20period%20ended%20June%2030%202023.pdf,"retail net sales by brand, 'Retail net sales by brand' table in HKEX announcement, amounts in EUR thousands; comparable = % change at constant exchange rates"
prada,Prada,Prada Group,retail_net_sales,2023-9M,nine_months,2023-01-01,2023-09-30,2500.101,EUR,8.5,13.1,true,https://www.pradagroup.com/content/dam/pradagroup/documents/Shareholderinformation/2023/inglese/e-Announcement%20of%20the%20Consolidated%20Revenues%20for%20the%20period%20ended%20September%2030%202023.pdf,"retail net sales by brand, 'Retail net sales by brand' table in HKEX announcement, amounts in EUR thousands; comparable = % change at constant exchange rates"
prada,Prada,Prada Group,retail_net_sales,FY2023,year,2023-01-01,2023-12-31,3488.276,EUR,7.3,12.1,true,https://www.pradagroup.com/content/dam/pradagroup/documents/investors/FY-2023/e-%20Announcement%20of%20the%20Consolidated%20results%20for%20the%20period%20ended%20December%2031%202023.pdf,"retail net sales by brand, 'Retail net sales by brand' table in HKEX announcement, amounts in EUR thousands; comparable = % change at constant exchange rates"
prada,Prada,Prada Group,retail_net_sales,2024Q1,quarter,2024-01-01,2024-03-31,826,EUR,,7,true,https://www.pradagroup.com/content/dam/pradagroup/documents/investors/Q1-2024/Prada%20Group_Q1_24_Revenue%20Presentation.pdf,"retail sales by brand, 'Retail Sales by Brand' slide (EUR m, rounded) in Q1 2024 revenue presentation; comparable = % at constant FX; the Q1 2024 HKEX announcement PDF is image-only; the Q1 2025 announcement shows the Q1 2024 comparative as EUR 826,320k"
prada,Prada,Prada Group,retail_net_sales,2024H1,half,2024-01-01,2024-06-30,1707.71,EUR,2.4,5.5,true,https://www.pradagroup.com/content/dam/pradagroup/documents/investors/H1-2024/e-Announcement%20of%20the%20Consolidated%20results%20for%20the%20period%20ended%20June%2030%202024.pdf,"retail net sales by brand, 'Retail net sales by brand' table in HKEX announcement, amounts in EUR thousands; comparable = % change at constant exchange rates"
prada,Prada,Prada Group,retail_net_sales,2024-9M,nine_months,2024-01-01,2024-09-30,2533.606,EUR,1.3,4.2,true,https://www.pradagroup.com/content/dam/pradagroup/documents/Shareholderinformation/2024/Inglese/9M/e%20-%20Announcement%20of%20the%20Consolidated%20revenues%20for%20the%20period%20ended%20September%2030%202024.pdf,"retail net sales by brand, 'Retail net sales by brand' table in HKEX announcement, amounts in EUR thousands; comparable = % change at constant exchange rates"
prada,Prada,Prada Group,retail_net_sales,FY2024,year,2024-01-01,2024-12-31,3563.376,EUR,2.2,4.2,true,https://www.pradagroup.com/content/dam/pradagroup/documents/Shareholderinformation/2025/e-Announcement_of_the_Consolidated_results_for_the_period_ended_December_31_2024.pdf,"retail net sales by brand, 'Retail net sales by brand' table in HKEX announcement, amounts in EUR thousands; comparable = % change at constant exchange rates"
prada,Prada,Prada Group,retail_net_sales,2025Q1,quarter,2025-01-01,2025-03-31,827.364,EUR,0.1,-0.2,true,"https://www.pradagroup.com/content/dam/pradagroup/documents/Shareholderinformation/2025/e-Announcement-of-Unaudited-Revenues-for-the-three-months-ended-March-31,2025-04-2025.pdf","retail net sales by brand, 'Retail net sales by brand' table in HKEX announcement, amounts in EUR thousands; comparable = % change at constant exchange rates"
prada,Prada,Prada Group,retail_net_sales,2025H1,half,2025-01-01,2025-06-30,1646.788,EUR,-3.6,-1.9,true,https://www.pradagroup.com/content/dam/pradagroup/documents/Shareholderinformation/2025/H1-2025/e-Announcement_of_the_Consolidated_results_for_the_period_ended_June_30_2025_07_2025.pdf,"retail net sales by brand, 'Retail net sales by brand' table in HKEX announcement, amounts in EUR thousands; comparable = % change at constant exchange rates"
prada,Prada,Prada Group,retail_net_sales,2025-9M,nine_months,2025-01-01,2025-09-30,2428.359,EUR,-4.2,-1.6,true,https://www.pradagroup.com/content/dam/pradagroup/documents/Shareholderinformation/2025/e-Announcement-of-the-Consolidated-revenues-for-the-period-ended-September-30-2025.pdf,"retail net sales by brand, 'Retail net sales by brand' table in HKEX announcement, amounts in EUR thousands; comparable = % change at constant exchange rates"
prada,Prada,Prada Group,retail_net_sales,FY2025,year,2025-01-01,2025-12-31,3392.861,EUR,-4.8,-1.0,true,https://www.pradagroup.com/content/dam/pradagroup/documents/investors/FY-2025/e-Announcement-of_the_Consolidated_results_for_the_period_ended_December_31_2025.pdf,"retail net sales by brand, 'Retail net sales by brand' table in HKEX announcement, amounts in EUR thousands; comparable = % change at constant exchange rates; organic change equals constant-FX change for this brand (-1.0% Prada, 34.8% Miu Miu)"
prada,Prada,Prada Group,retail_net_sales,2026Q1,quarter,2026-01-01,2026-03-31,771.408,EUR,-6.8,0.4,true,https://www.pradagroup.com/content/dam/pradagroup/documents/Shareholderinformation/2026/inglese/Q1-2026/e-Announcement_of_the_Consolidated_revenues_for_the_period_ended_March_31_2026.pdf,"retail net sales by brand, 'Retail net sales by brand' table in HKEX announcement, amounts in EUR thousands; comparable = % change at constant exchange rates; organic change equals constant-FX change for this brand"
prada,Prada,Prada Group,retail_net_sales,2026H1,half,2026-01-01,2026-06-30,1620.958,EUR,-1.6,3.3,true,https://www.pradagroup.com/content/dam/pradagroup/documents/Shareholderinformation/2026/inglese/e-Announcement_of_the_Consolidated_results_for_the_period_ended_June_30_2026_07_2026.pdf,"retail net sales by brand, 'Retail net sales by brand' table in HKEX announcement, amounts in EUR thousands; comparable = % change at constant exchange rates; organic change equals constant-FX change for this brand"
saint_laurent,Yves Saint Laurent,Kering,house_revenue,2019Q1,quarter,2019-01-01,2019-03-31,497.5,EUR,21.9,17.5,true,https://echanges.dila.gouv.fr/OPENDATA/AMF/BWR/2019/04/FCBWR117122_20190417.pdf,"Kering Q1 2019 revenue press release, copy filed through the AMF regulated-information feed (DILA open data). Published to one decimal. The release states 2018 comparatives are restated under IFRS 5 (PUMA, Stella McCartney, Volcom, Christopher Kane)."
saint_laurent,Yves Saint Laurent,Kering,house_revenue,2019Q2,quarter,2019-04-01,2019-06-30,475.5,EUR,18.9,15.8,true,https://echanges.dila.gouv.fr/OPENDATA/AMF/BWR/2019/07/FCBWR119578_20190725.pdf,"Kering H1 2019 results press release, Q2 table, copy filed through the AMF regulated-information feed (DILA open data). Published to one decimal."
saint_laurent,Yves Saint Laurent,Kering,house_revenue,2019Q3,quarter,2019-07-01,2019-09-30,506.5,EUR,13.3,10.8,true,https://echanges.dila.gouv.fr/OPENDATA/AMF/BWR/2019/10/FCBWR121461_20191024.pdf,"Kering Q3 2019 revenue press release, Q3 table, copy filed through the AMF regulated-information feed (DILA open data). Published to one decimal."
saint_laurent,Yves Saint Laurent,Kering,house_revenue,2019Q4,quarter,2019-10-01,2019-12-31,569.6,EUR,16.6,14.0,true,https://echanges.dila.gouv.fr/OPENDATA/AMF/BWR/2020/02/FCBWR123517_20200212.pdf,"Kering FY 2019 results press release, Q4 table, copy filed through the AMF regulated-information feed (DILA open data). Published to one decimal."
saint_laurent,Yves Saint Laurent,Kering,house_revenue,2020Q1,quarter,2020-01-01,2020-03-31,434.6,EUR,-12.6,-13.8,true,https://www.businesswire.com/news/home/20200421005650/en/In-a-Quarter-Heavily-Impacted-by-Covid-19-Kering-Demonstrates-Its-Solidity,Kering Q1 2020 revenue press release distributed via Business Wire. Published to one decimal.
saint_laurent,Yves Saint Laurent,Kering,house_revenue,2020Q2,quarter,2020-04-01,2020-06-30,246.5,EUR,-48.2,-48.4,true,https://www.businesswire.com/news/home/20200728005745/en/Kering-2020-Half-year-Results,"Kering H1 2020 results press release, Q2 table, distributed via Business Wire. Published to one decimal."
saint_laurent,Yves Saint Laurent,Kering,house_revenue,2020Q3,quarter,2020-07-01,2020-09-30,510.7,EUR,,,true,https://echanges.dila.gouv.fr/OPENDATA/AMF/MKW/2021/10/FCMKW113143_20211019.pdf,"NOT FIRST PUBLICATION: the original Q3 2020 revenue release (Oct 2020) could not be opened; figure read from the Q3 2020 comparative column of Kering's Q3 2021 revenue press release, copy filed through the AMF regulated-information feed (DILA open data). Published to one decimal. Q1+Q2+Q3+Q4 2020 add up exactly to the FY 2020 totals in the FY 2020 release, so no restatement was detected. Year-on-year changes vs Q3 2019 are not given in this source, so left blank."
saint_laurent,Yves Saint Laurent,Kering,house_revenue,2020Q4,quarter,2020-10-01,2020-12-31,552.6,EUR,-3.0,0.5,true,https://www.globenewswire.com/news-release/2021/02/17/2176745/0/en/Kering-2020-Annual-Results.html,"Kering FY 2020 results press release, Q4 table, distributed via GlobeNewswire. Published to one decimal."
saint_laurent,Yves Saint Laurent,Kering,house_revenue,2021Q1,quarter,2021-01-01,2021-03-31,516.7,EUR,18.9,23.4,true,https://echanges.dila.gouv.fr/OPENDATA/AMF/MKW/2021/04/FCMKW119525_20210420.pdf,"Kering Q1 2021 revenue press release, copy filed through the AMF regulated-information feed (DILA open data). Published to one decimal."
saint_laurent,Yves Saint Laurent,Kering,house_revenue,2021Q2,quarter,2021-04-01,2021-06-30,528.8,EUR,114.5,118.5,true,https://www.globenewswire.com/news-release/2021/07/27/2269679/0/en/Kering-2021-First-half-results.html,"Kering H1 2021 results press release, Q2 table, distributed via GlobeNewswire. Published to one decimal."
saint_laurent,Yves Saint Laurent,Kering,house_revenue,2021Q3,quarter,2021-07-01,2021-09-30,652.9,EUR,27.8,28.1,true,https://echanges.dila.gouv.fr/OPENDATA/AMF/MKW/2021/10/FCMKW113143_20211019.pdf,"Kering Q3 2021 revenue press release, Q3 table, copy filed through the AMF regulated-information feed (DILA open data). Published to one decimal."
saint_laurent,Yves Saint Laurent,Kering,house_revenue,2021Q4,quarter,2021-10-01,2021-12-31,822.6,EUR,48.9,46.8,true,https://www.globenewswire.com/news-release/2022/02/17/2386808/0/en/Kering-2021-FY-Results-EXCELLENT-2021-PERFORMANCES-WELL-AHEAD-OF-2019-LEVELS.html,"Kering FY 2021 results press release, Q4 table, distributed via GlobeNewswire. Published to one decimal."
saint_laurent,Yves Saint Laurent,Kering,house_revenue,2022Q1,quarter,2022-01-01,2022-03-31,739.0,EUR,43.0,37.2,true,https://echanges.dila.gouv.fr/OPENDATA/AMF/MKW/2022/04/FCMKW118204_20220421.pdf,"Kering Q1 2022 revenue press release, copy filed through the AMF regulated-information feed (DILA open data). Published to one decimal. First release using the Kering Eyewear and Corporate segment."
saint_laurent,Yves Saint Laurent,Kering,house_revenue,2022Q2,quarter,2022-04-01,2022-06-30,742,EUR,40,31,true,https://www.bnains.org/archives/communiques/PPR/20220727_Communique_resultats_semestriels_2022_Kering.pdf,"Kering H1 2022 results press release, Q2 (T2) table; French-language release; PDF copy hosted on the bnains.org archive. Published in whole millions and whole percentages."
saint_laurent,Yves Saint Laurent,Kering,house_revenue,2022Q3,quarter,2022-07-01,2022-09-30,916,EUR,40,30,true,https://www.bnains.org/archives/communiques/PPR/20221020_Communique_CA_T3_2022_Kering.pdf,"Kering Q3 2022 revenue press release, Q3 (T3) table; French-language release; PDF copy hosted on the bnains.org archive."
saint_laurent,Yves Saint Laurent,Kering,house_revenue,2022Q4,quarter,2022-10-01,2022-12-31,903,EUR,10,4,true,https://echanges.dila.gouv.fr/OPENDATA/AMF/MKW/2023/02/FCMKW112751_20230215.pdf,"Kering FY 2022 results press release, Q4 table, copy filed through the AMF regulated-information feed (DILA open data)."
saint_laurent,Yves Saint Laurent,Kering,house_revenue,2023Q1,quarter,2023-01-01,2023-03-31,806,EUR,9,8,true,https://echanges.dila.gouv.fr/OPENDATA/AMF/MKW/2023/04/FCMKW116047_20230425.pdf,"Kering Q1 2023 revenue press release, copy filed through the AMF regulated-information feed (DILA open data)."
saint_laurent,Yves Saint Laurent,Kering,house_revenue,2023Q2,quarter,2023-04-01,2023-06-30,770,EUR,4,7,true,https://www.globenewswire.com/news-release/2023/07/27/2712470/0/en/Kering-First-half-2023-results.html,"Kering H1 2023 results press release, Q2 table, distributed via GlobeNewswire."
saint_laurent,Yves Saint Laurent,Kering,house_revenue,2023Q3,quarter,2023-07-01,2023-09-30,768,EUR,-16,-12,true,https://www.globenewswire.com/news-release/2023/10/24/2765897/0/en/Kering-Third-quarter-2023-revenue.html,"Kering Q3 2023 revenue press release, Q3 table, distributed via GlobeNewswire."
saint_laurent,Yves Saint Laurent,Kering,house_revenue,2023Q4,quarter,2023-10-01,2023-12-31,835,EUR,-8,-5,true,https://mfn.se/one/a/kering/kering-press-release-2023-annual-results-9aec89a1,"Kering FY 2023 results press release, Q4 table, distributed via MFN."
saint_laurent,Yves Saint Laurent,Kering,house_revenue,2024Q1,quarter,2024-01-01,2024-03-31,740,EUR,-8,-6,true,https://echanges.dila.gouv.fr/OPENDATA/AMF/MKW/2024/04/FCMKW116369_20240423.pdf,"Kering Q1 2024 revenue press release, copy filed through the AMF regulated-information feed (DILA open data)."
saint_laurent,Yves Saint Laurent,Kering,house_revenue,2024Q2,quarter,2024-04-01,2024-06-30,701,EUR,-9,-9,true,https://www.bnains.org/archives/communiques/PPR/20240724_Communique_resultats_semestriels_2024_Kering.pdf,"Kering H1 2024 results press release, Q2 (T2) table; French-language release; PDF copy hosted on the bnains.org archive."
saint_laurent,Yves Saint Laurent,Kering,house_revenue,2024Q3,quarter,2024-07-01,2024-09-30,670,EUR,-13,-12,true,https://echanges.dila.gouv.fr/OPENDATA/AMF/MKW/2024/10/FCMKW119136_20241023.pdf,"Kering Q3 2024 revenue press release, Q3 table, copy filed through the AMF regulated-information feed (DILA open data)."
saint_laurent,Yves Saint Laurent,Kering,house_revenue,2024Q4,quarter,2024-10-01,2024-12-31,770,EUR,-8,-8,true,https://www.bnains.org/archives/communiques/PPR/20250211_Communique_resultats_annuels_2024_Kering.pdf,"Kering FY 2024 results press release, Q4 (T4) table; French-language release; PDF copy hosted on the bnains.org archive."
saint_laurent,Yves Saint Laurent,Kering,house_revenue,2025Q1,quarter,2025-01-01,2025-03-31,679,EUR,-8,-9,true,https://www.bnains.org/archives/communiques/PPR/20250423_Communique_CA_T1_2025_Kering.pdf,"Kering Q1 2025 revenue press release; French-language release; PDF copy hosted on the bnains.org archive. From Q1 2026 Kering no longer reports Yves Saint Laurent, Bottega Veneta or Other Houses revenue separately (new segments: Kering Fashion & Leather Goods, Kering Jewelry, Kering Eyewear, Corporate & Other); the 2026 releases give no restated house-level figure for this quarter."
saint_laurent,Yves Saint Laurent,Kering,house_revenue,2025Q2,quarter,2025-04-01,2025-06-30,609,EUR,-13,-10,true,https://www.bnains.org/archives/communiques/PPR/20250729_Communique_resultats_semestriels_2025_Kering.pdf,"Kering H1 2025 results press release, Q2 (T2) table; French-language release; PDF copy hosted on the bnains.org archive. From Q1 2026 Kering no longer reports Yves Saint Laurent, Bottega Veneta or Other Houses revenue separately (new segments: Kering Fashion & Leather Goods, Kering Jewelry, Kering Eyewear, Corporate & Other); the 2026 releases give no restated house-level figure for this quarter."
saint_laurent,Yves Saint Laurent,Kering,house_revenue,2025Q3,quarter,2025-07-01,2025-09-30,620,EUR,-7,-4,true,https://www.bnains.org/archives/communiques/PPR/20251022_Communique_CA_T3_2025_Kering.pdf,"Kering Q3 2025 revenue press release, Q3 (T3) table; French-language release; PDF copy hosted on the bnains.org archive. From Q1 2026 Kering no longer reports Yves Saint Laurent, Bottega Veneta or Other Houses revenue separately (new segments: Kering Fashion & Leather Goods, Kering Jewelry, Kering Eyewear, Corporate & Other); the 2026 releases give no restated house-level figure for this quarter."
tom_ford,Tom Ford Fashion,Zegna Group,brand_revenue,2023Q2,quarter,2023-04-29,2023-06-30,64.015,EUR,,,true,https://www.sec.gov/Archives/edgar/data/1877787/000187778723000051/pressreleaserevenuesh12023.htm,"'Tom Ford Fashion' / 'TOM FORD FASHION' line of revenues by brand and product line (= Tom Ford Fashion segment), EUR thousands in the release; Tom Ford Fashion consolidated from 29 April 2023 (acquisition of Tom Ford International); covers 29 Apr - 30 Jun 2023 only; no comparison ('n.m.')"
tom_ford,Tom Ford Fashion,Zegna Group,brand_revenue,2023-9M,nine_months,2023-04-29,2023-09-30,138.567,EUR,,,true,https://www.sec.gov/Archives/edgar/data/1877787/000187778723000074/pressreleaserevenuesq32023.htm,"'Tom Ford Fashion' / 'TOM FORD FASHION' line of revenues by brand and product line (= Tom Ford Fashion segment), EUR thousands in the release; Tom Ford Fashion consolidated from 29 April 2023 (acquisition of Tom Ford International); covers 29 Apr - 30 Sep 2023 only; no comparison ('n.m.')"
tom_ford,Tom Ford Fashion,Zegna Group,brand_revenue,FY2023,year,2023-04-29,2023-12-31,235.531,EUR,,,true,https://www.sec.gov/Archives/edgar/data/1877787/000187778724000006/pressreleaserevenuesfy2023.htm,"'Tom Ford Fashion' / 'TOM FORD FASHION' line of revenues by brand and product line (= Tom Ford Fashion segment), EUR thousands in the release; Tom Ford Fashion consolidated from 29 April 2023 (acquisition of Tom Ford International); covers 29 Apr - 31 Dec 2023 only; preliminary unaudited full-year revenues release (Jan 31, 2024); no comparison ('n.m.')"
tom_ford,Tom Ford Fashion,Zegna Group,brand_revenue,2023Q3,quarter,2023-07-01,2023-09-30,74.552,EUR,,,true,https://www.sec.gov/Archives/edgar/data/1877787/000187778723000074/pressreleaserevenuesq32023.htm,"'Tom Ford Fashion' / 'TOM FORD FASHION' line of revenues by brand and product line (= Tom Ford Fashion segment), EUR thousands in the release; no comparison ('n.m.')"
tom_ford,Tom Ford Fashion,Zegna Group,brand_revenue,2023Q4,quarter,2023-10-01,2023-12-31,96.964,EUR,,,true,https://www.sec.gov/Archives/edgar/data/1877787/000187778724000006/pressreleaserevenuesfy2023.htm,"'Tom Ford Fashion' / 'TOM FORD FASHION' line of revenues by brand and product line (= Tom Ford Fashion segment), EUR thousands in the release; preliminary unaudited full-year revenues release (Jan 31, 2024); no comparison ('n.m.')"
tom_ford,Tom Ford Fashion,Zegna Group,brand_revenue,2024Q1,quarter,2024-01-01,2024-03-31,65.02,EUR,,,true,https://www.sec.gov/Archives/edgar/data/1877787/000187778724000023/pressreleaserevenuesq12024.htm,"'Tom Ford Fashion' / 'TOM FORD FASHION' line of revenues by brand and product line (= Tom Ford Fashion segment), EUR thousands in the release; no comparison ('n.m.'): business not consolidated in Q1 2023"
tom_ford,Tom Ford Fashion,Zegna Group,brand_revenue,2024H1,half,2024-01-01,2024-06-30,148.493,EUR,132.0,4.7,true,https://www.sec.gov/Archives/edgar/data/1877787/000187778724000037/pressreleaserevenuesq22024.htm,"'Tom Ford Fashion' / 'TOM FORD FASHION' line of revenues by brand and product line (= Tom Ford Fashion segment), EUR thousands in the release; reported change vs a 2023 base of 29 Apr - 30 Jun only; comparable = organic growth as published"
tom_ford,Tom Ford Fashion,Zegna Group,brand_revenue,2024-9M,nine_months,2024-01-01,2024-09-30,213.924,EUR,54.4,-3.8,true,https://www.sec.gov/Archives/edgar/data/1877787/000187778724000054/pressreleaserevenuesq32024.htm,"'Tom Ford Fashion' / 'TOM FORD FASHION' line of revenues by brand and product line (= Tom Ford Fashion segment), EUR thousands in the release; reported change vs a 2023 base of 29 Apr - 30 Sep only; comparable = organic growth as published"
tom_ford,Tom Ford Fashion,Zegna Group,brand_revenue,FY2024,year,2024-01-01,2024-12-31,314.514,EUR,33.5,-0.7,true,https://www.sec.gov/Archives/edgar/data/1877787/000187778725000004/pressreleaserevenuesfy2024.htm,"'Tom Ford Fashion' / 'TOM FORD FASHION' line of revenues by brand and product line (= Tom Ford Fashion segment), EUR thousands in the release; preliminary unaudited full-year revenues release (Jan 27, 2025); reported change vs a 2023 base of 29 Apr - 31 Dec only; comparable = organic growth as published"
tom_ford,Tom Ford Fashion,Zegna Group,brand_revenue,2024Q2,quarter,2024-04-01,2024-06-30,83.473,EUR,30.4,4.7,true,https://www.sec.gov/Archives/edgar/data/1877787/000187778724000037/pressreleaserevenuesq22024.htm,"'Tom Ford Fashion' / 'TOM FORD FASHION' line of revenues by brand and product line (= Tom Ford Fashion segment), EUR thousands in the release; reported change vs a 2023 base of 29 Apr - 30 Jun only; comparable = organic growth as published"
tom_ford,Tom Ford Fashion,Zegna Group,brand_revenue,2024Q3,quarter,2024-07-01,2024-09-30,65.431,EUR,-12.2,-11.1,true,https://www.sec.gov/Archives/edgar/data/1877787/000187778724000054/pressreleaserevenuesq32024.htm,"'Tom Ford Fashion' / 'TOM FORD FASHION' line of revenues by brand and product line (= Tom Ford Fashion segment), EUR thousands in the release; comparable = organic growth as published"
tom_ford,Tom Ford Fashion,Zegna Group,brand_revenue,2024Q4,quarter,2024-10-01,2024-12-31,100.59,EUR,3.7,3.8,true,https://www.sec.gov/Archives/edgar/data/1877787/000187778725000004/pressreleaserevenuesfy2024.htm,"'Tom Ford Fashion' / 'TOM FORD FASHION' line of revenues by brand and product line (= Tom Ford Fashion segment), EUR thousands in the release; preliminary unaudited full-year revenues release (Jan 27, 2025); comparable = organic growth as published"
tom_ford,Tom Ford Fashion,Zegna Group,brand_revenue,2025Q1,quarter,2025-01-01,2025-03-31,67.478,EUR,3.8,3.5,true,https://www.sec.gov/Archives/edgar/data/1877787/000187778725000027/pressreleaserevenuesq12025.htm,"'Tom Ford Fashion' / 'TOM FORD FASHION' line of revenues by brand and product line (= Tom Ford Fashion segment), EUR thousands in the release; comparable = organic growth as published"
tom_ford,Tom Ford Fashion,Zegna Group,brand_revenue,2025H1,half,2025-01-01,2025-06-30,152.715,EUR,2.8,3.8,true,https://www.sec.gov/Archives/edgar/data/1877787/000187778725000045/pressreleaserevenuesq22025.htm,"'Tom Ford Fashion' / 'TOM FORD FASHION' line of revenues by brand and product line (= Tom Ford Fashion segment), EUR thousands in the release; comparable = organic growth as published"
tom_ford,Tom Ford Fashion,Zegna Group,brand_revenue,2025-9M,nine_months,2025-01-01,2025-09-30,218.734,EUR,2.2,3.9,true,https://www.sec.gov/Archives/edgar/data/1877787/000187778725000059/pressreleaserevenuesq32025.htm,"'Tom Ford Fashion' / 'TOM FORD FASHION' line of revenues by brand and product line (= Tom Ford Fashion segment), EUR thousands in the release; comparable = organic growth as published"
tom_ford,Tom Ford Fashion,Zegna Group,brand_revenue,FY2025,year,2025-01-01,2025-12-31,317.056,EUR,0.8,3.1,true,https://www.sec.gov/Archives/edgar/data/1877787/000187778726000005/pressreleaserevenuesfy2025.htm,"'Tom Ford Fashion' / 'TOM FORD FASHION' line of revenues by brand and product line (= Tom Ford Fashion segment), EUR thousands in the release; preliminary unaudited full-year revenues release (Feb 2, 2026); comparable = organic growth as published"
tom_ford,Tom Ford Fashion,Zegna Group,brand_revenue,2025Q2,quarter,2025-04-01,2025-06-30,85.237,EUR,2.1,4.1,true,https://www.sec.gov/Archives/edgar/data/1877787/000187778725000045/pressreleaserevenuesq22025.htm,"'Tom Ford Fashion' / 'TOM FORD FASHION' line of revenues by brand and product line (= Tom Ford Fashion segment), EUR thousands in the release; comparable = organic growth as published"
tom_ford,Tom Ford Fashion,Zegna Group,brand_revenue,2025Q3,quarter,2025-07-01,2025-09-30,66.019,EUR,0.9,4.3,true,https://www.sec.gov/Archives/edgar/data/1877787/000187778725000059/pressreleaserevenuesq32025.htm,"'Tom Ford Fashion' / 'TOM FORD FASHION' line of revenues by brand and product line (= Tom Ford Fashion segment), EUR thousands in the release; comparable = organic growth as published"
tom_ford,Tom Ford Fashion,Zegna Group,brand_revenue,2025Q4,quarter,2025-10-01,2025-12-31,98.322,EUR,-2.3,1.5,true,https://www.sec.gov/Archives/edgar/data/1877787/000187778726000005/pressreleaserevenuesfy2025.htm,"'Tom Ford Fashion' / 'TOM FORD FASHION' line of revenues by brand and product line (= Tom Ford Fashion segment), EUR thousands in the release; preliminary unaudited full-year revenues release (Feb 2, 2026); comparable = organic growth as published"
tom_ford,Tom Ford Fashion,Zegna Group,brand_revenue,2026Q1,quarter,2026-01-01,2026-03-31,67.727,EUR,0.4,5.4,true,https://www.sec.gov/Archives/edgar/data/1877787/000187778726000019/pressreleaserevenuesq12026.htm,"'Tom Ford Fashion' / 'TOM FORD FASHION' line of revenues by brand and product line (= Tom Ford Fashion segment), EUR thousands in the release; unaudited; comparable = organic growth as published"
tom_ford,Tom Ford Fashion,Zegna Group,brand_revenue,2026H1,half,2026-01-01,2026-06-30,156.817,EUR,2.7,6.4,true,https://www.sec.gov/Archives/edgar/data/1877787/000187778726000030/pressreleaserevenuesq22026.htm,"'Tom Ford Fashion' / 'TOM FORD FASHION' line of revenues by brand and product line (= Tom Ford Fashion segment), EUR thousands in the release; unaudited; Q2/H1 2026 revenues release of July 23, 2026; comparable = organic growth as published"
tom_ford,Tom Ford Fashion,Zegna Group,brand_revenue,2026Q2,quarter,2026-04-01,2026-06-30,89.09,EUR,4.5,7.1,true,https://www.sec.gov/Archives/edgar/data/1877787/000187778726000030/pressreleaserevenuesq22026.htm,"'Tom Ford Fashion' / 'TOM FORD FASHION' line of revenues by brand and product line (= Tom Ford Fashion segment), EUR thousands in the release; unaudited; Q2/H1 2026 revenues release of July 23, 2026; comparable = organic growth as published"
valentino,Valentino,Mayhoola,group_revenue,FY2018,year,2018-01-01,2018-12-31,1200,EUR,,,false,https://www.businessoffashion.com/news/finance/valentino-revenue-growth-slowed-in-2018/,APPROXIMATE. Business of Fashion: CEO Stefano Sassi told an industry conference that 2018 revenues totalled 'around €1.2 billion'. No precise 2018 figure found in the named outlets.
valentino,Valentino,Mayhoola,group_revenue,FY2019,year,2019-01-01,2019-12-31,1220,EUR,,,false,https://en.ilsole24ore.com/art/valentino-non-va-borsa-e-non-e-vendita-focus-stati-uniti-e-cina-AEu0EVh,"Il Sole 24 Ore, 9 Sep 2021 (interview with CEO Jacopo Venturini): 'Due anni fa Valentino aveva raggiunto 1,22 miliardi di ricavi', i.e. 2019. Given only to €0.01bn; no growth rate in this source."
valentino,Valentino,Mayhoola,group_revenue,FY2020,year,2020-01-01,2020-12-31,882,EUR,,,false,https://www.businessoffashion.com/news/luxury/valentino-reports-154-million-loss-during-pandemic,"Business of Fashion: 'Sales fell 27 percent to €882 million ... the company said'. The basis of the 27% is not stated, so it is left out; Il Sole 24 Ore (9 Sep 2021) puts the 2020 fall at 28%."
valentino,Valentino,Mayhoola,group_revenue,FY2021,year,2021-01-01,2021-12-31,1231,EUR,,41,false,https://en.ilsole24ore.com/art/valentino-cresce-41percento-12-miliardi-premia-riposizionamento-e-strategia-retail-AEjAHgLB,"Il Sole 24 Ore, 21 Mar 2022, on Valentino's 2021 figures: 'Le vendite hanno raggiunto quota 1,231 miliardi di euro', +41% at constant exchange rates vs 2020 and +3% vs 2019. Reported-currency change not given."
valentino,Valentino,Mayhoola,group_revenue,FY2022,year,2022-01-01,2022-12-31,1420,EUR,,10,false,https://cyprus-mail.com/2023/04/25/valentino-sales-up-10-per-cent-in-2022-boosted-by-directly-owned-shops,"Reuters report as published by Cyprus Mail, 25 Apr 2023: 'preliminary revenue of 1.42 billion euros', sales +10% at constant currencies. Il Sole 24 Ore (27 Jul 2023) gives '+15% a 1,42 miliardi' (basis not stated): https://en.ilsole24ore.com/art/moda-kering-annuncia-acquisizione-30percento-valentino-17-miliardi-euro-AFCouQN . Kering's own release of 27 Jul 2023 rounds it to 'revenues of €1.4 billion': https://echanges.dila.gouv.fr/OPENDATA/AMF/MKW/2023/07/FCMKW111925_20230727.pdf"
valentino,Valentino,Mayhoola,group_revenue,FY2023,year,2023-01-01,2023-12-31,1350,EUR,,-3,false,https://businessoffashion.com/news/luxury/valentinos-full-year-sales-fall-3-percent/,"Business of Fashion: 'Valentino's revenues fell 3 percent at constant exchange rates to €1.35 billion ... the Roman fashion house said'. A FashionUnited report on the 2024 results gives 2023 as €1.34bn, so the figure may since have been restated: https://fashionunited.com/news/business/valentino-revenues-at-1-31-billion-euros-down-2-percent-in-financial-year-2024/2025041865561"
valentino,Valentino,Mayhoola,group_revenue,FY2024,year,2024-01-01,2024-12-31,1310,EUR,,-2,false,https://finance.yahoo.com/news/italian-fashion-house-valentino-suffers-100737139.html,"Reuters (Giulia Segreti, 18 Apr 2025) via Yahoo Finance: 'Revenue fell 2% at constant exchange rates to 1.31 billion euros'. Reuters gives no reported-currency change (FashionUnited reports -3% at current rates). Kering's equity-accounting disclosures for Valentino could not be opened."
valentino,Valentino,Mayhoola,group_revenue,FY2025,year,2025-01-01,2025-12-31,1120,EUR,-15,,false,https://en.ilsole24ore.com/art/valentino-closes-2025-with-a-fall-in-revenue-to-112-billion-ebitda-up-41-per-cent-and-debt-rising-AIT0cdpD,"Il Sole 24 Ore (Monica D'Ascenzo, 23 Jun 2026), from the financial statements Valentino filed: 'Turnover stood at €1.12 billion, down 15% on the previous year'; currency had a negative impact of about 2 points. No group constant-currency change given."
versace,Versace,Prada Group,net_revenues,FY2025,year,2025-12-02,2025-12-31,65.1,EUR,,,true,https://www.pradagroup.com/content/dam/pradagroup/documents/investors/FY-2025/e-Announcement-of_the_Consolidated_results_for_the_period_ended_December_31_2025.pdf,"net revenues by brand (incl. royalties), MD&A sentence 'net revenues by brand amounted to'; Versace consolidated from 2 Dec 2025 (acquisition completion), so figure covers 2-31 Dec 2025 only"
versace,Versace,Prada Group,net_revenues,2026Q1,quarter,2026-01-01,2026-03-31,143.0,EUR,,,true,https://www.pradagroup.com/content/dam/pradagroup/documents/Shareholderinformation/2026/inglese/Q1-2026/e-Announcement_of_the_Consolidated_revenues_for_the_period_ended_March_31_2026.pdf,"net revenues by brand (incl. royalties), MD&A sentence 'net revenues by brand amounted to'; first full quarter under Prada Group; no prior-year comparison published"
versace,Versace,Prada Group,net_revenues,2026H1,half,2026-01-01,2026-06-30,305.3,EUR,,,true,https://www.pradagroup.com/content/dam/pradagroup/documents/Shareholderinformation/2026/inglese/e-Announcement_of_the_Consolidated_results_for_the_period_ended_June_30_2026_07_2026.pdf,"net revenues by brand (incl. royalties), MD&A sentence 'net revenues by brand amounted to'; no prior-year comparison published"
versace,Versace,Prada Group,retail_net_sales,FY2025,year,2025-12-02,2025-12-31,51.343,EUR,,,true,https://www.pradagroup.com/content/dam/pradagroup/documents/investors/FY-2025/e-Announcement-of_the_Consolidated_results_for_the_period_ended_December_31_2025.pdf,"retail net sales by brand table (EUR thousands); Versace consolidated from 2 Dec 2025, so figure covers 2-31 Dec 2025 only"
versace,Versace,Prada Group,retail_net_sales,2026Q1,quarter,2026-01-01,2026-03-31,101.945,EUR,,,true,https://www.pradagroup.com/content/dam/pradagroup/documents/Shareholderinformation/2026/inglese/Q1-2026/e-Announcement_of_the_Consolidated_revenues_for_the_period_ended_March_31_2026.pdf,retail net sales by brand table (EUR thousands); no prior-year comparison published
versace,Versace,Prada Group,retail_net_sales,2026H1,half,2026-01-01,2026-06-30,219.497,EUR,,,true,https://www.pradagroup.com/content/dam/pradagroup/documents/Shareholderinformation/2026/inglese/e-Announcement_of_the_Consolidated_results_for_the_period_ended_June_30_2026_07_2026.pdf,retail net sales by brand table (EUR thousands); no prior-year comparison published
versace,Versace,Capri Holdings,segment_revenue,2019Q1,quarter,2018-12-31,2019-03-30,137,USD,,,true,https://s21.q4cdn.com/247539420/files/doc_financials/2019/q4/Capri-Holdings-Limited-Announces-Fourth-Quarter-and-Annual-Fiscal-2019-Results.pdf,"Capri FY2019 Q4; Versace segment revenue, US$ millions as printed in earnings release; three months ended March 30, 2019; Versace acquired and consolidated from Dec 31, 2018; release says revenue increased high single digits vs Versace stand-alone prior-year results (no exact % given); comparable = constant currency % change"
versace,Versace,Capri Holdings,segment_revenue,2019Q2,quarter,2019-03-31,2019-06-29,207,USD,,,true,https://s21.q4cdn.com/247539420/files/doc_financials/2020/q1/Capri-Holdings-Limited-Announces-First-Quarter-Fiscal-2020-Results.pdf,"Capri FY2020 Q1; Versace segment revenue, US$ millions as printed in earnings release; three months ended June 29, 2019; no reported YoY revenue change (not owned in prior-year quarter); release cites comparable store sales up double digits in constant currency vs stand-alone prior year; comparable = constant currency % change"
versace,Versace,Capri Holdings,segment_revenue,2019Q3,quarter,2019-06-30,2019-09-28,228,USD,,,true,https://s21.q4cdn.com/247539420/files/doc_financials/2020/q2/Capri-Holdings-Limited-Announces-Second-Quarter-Fiscal-2020-Results.pdf,"Capri FY2020 Q2; Versace segment revenue, US$ millions as printed in earnings release; three months ended September 28, 2019; no reported YoY revenue change (not owned in prior-year quarter); comparable store sales flat in constant currency vs stand-alone prior year; comparable = constant currency % change"
versace,Versace,Capri Holdings,segment_revenue,2019Q4,quarter,2019-09-29,2019-12-28,195,USD,,,true,https://s21.q4cdn.com/247539420/files/doc_financials/2020/q3/Capri-Holdings-Limited-Announces-Third-Quarter-Fiscal-2020-Results.pdf,"Capri FY2020 Q3; Versace segment revenue, US$ millions as printed in earnings release; three months ended December 28, 2019; no reported YoY revenue change (not owned in prior-year quarter); comparable store sales up mid single digits in constant currency vs stand-alone prior year; comparable = constant currency % change"
versace,Versace,Capri Holdings,segment_revenue,2020Q1,quarter,2019-12-29,2020-03-28,213,USD,55.5,55.5,true,https://s21.q4cdn.com/247539420/files/doc_financials/2020/q4/Capri-Holdings-Limited-Announces-Fourth-Quarter-and-Full-Year-Fiscal-2020-Results.pdf,"Capri FY2020 Q4; Versace segment revenue, US$ millions as printed in earnings release; three months ended March 28, 2020; release: increased 55.5% on a reported and constant currency basis (prior-year quarter $137m was Versace's first quarter under Capri); comparable = constant currency % change"
versace,Versace,Capri Holdings,segment_revenue,2020Q2,quarter,2020-03-29,2020-06-27,93,USD,-55.1,-54.1,true,https://s21.q4cdn.com/247539420/files/doc_financials/2021/q1/Capri-Holdings-Limited-Announces-First-Quarter-Fiscal-2021-Results.pdf,"Capri FY2021 Q1; Versace segment revenue, US$ millions as printed in earnings release; three months ended June 27, 2020; constant-currency change from constant currency schedule; comparable = constant currency % change"
versace,Versace,Capri Holdings,segment_revenue,2020Q3,quarter,2020-06-28,2020-09-26,195,USD,-14.5,-18.9,true,https://s21.q4cdn.com/247539420/files/doc_financials/2021/q2/Capri-Holdings-Limited-Announces-Second-Quarter-Fiscal-2021-Results.pdf,"Capri FY2021 Q2; Versace segment revenue, US$ millions as printed in earnings release; three months ended September 26, 2020; comparable = constant currency % change"
versace,Versace,Capri Holdings,segment_revenue,2020Q4,quarter,2020-09-27,2020-12-26,195,USD,0.0,-6.7,true,https://s21.q4cdn.com/247539420/files/doc_financials/2021/q3/Capri-Holdings-Limited-Announces-Third-Quarter-Fiscal-2021-Results.pdf,"Capri FY2021 Q3; Versace segment revenue, US$ millions as printed in earnings release; three months ended December 26, 2020; reported change printed as a dash (flat) in the constant currency schedule and described as flat in the text; comparable = constant currency % change"
versace,Versace,Capri Holdings,segment_revenue,2021Q1,quarter,2020-12-27,2021-03-27,235,USD,10.3,-0.5,true,https://s21.q4cdn.com/247539420/files/doc_financials/2021/q4/Capri-Holdings-Limited-Announces-Fourth-Quarter-and-Full-Year-Fiscal-2021-Results.pdf,"Capri FY2021 Q4; Versace segment revenue, US$ millions as printed in earnings release; three months ended March 27, 2021; constant-currency change from schedule (text says approximately flat); comparable = constant currency % change"
versace,Versace,Capri Holdings,segment_revenue,2021Q2,quarter,2021-03-28,2021-06-26,240,USD,158.1,135.5,true,https://s21.q4cdn.com/247539420/files/doc_financials/2022/q1/Capri-Holdings-Limited-Announces-First-Quarter-Fiscal-2022-Results.pdf,"Capri FY2022 Q1; Versace segment revenue, US$ millions as printed in earnings release; three months ended June 26, 2021; % changes from constant currency schedule (text rounds to 158% / 136%); comparable = constant currency % change"
versace,Versace,Capri Holdings,segment_revenue,2021Q3,quarter,2021-06-27,2021-09-25,282,USD,44.6,42.6,true,https://s21.q4cdn.com/247539420/files/doc_financials/2022/q2/Capri-Holdings-Limited-Announces-Second-Quarter-Fiscal-2022-Results.pdf,"Capri FY2022 Q2; Versace segment revenue, US$ millions as printed in earnings release; three months ended September 25, 2021; % changes from constant currency schedule (text rounds to 45% / 43%); comparable = constant currency % change"
versace,Versace,Capri Holdings,segment_revenue,2021Q4,quarter,2021-09-26,2021-12-25,251,USD,28.7,33.8,true,https://s21.q4cdn.com/247539420/files/doc_financials/2022/q3/Capri-Holdings-Limited-Announces-Third-Quarter-Fiscal-2022-Results.pdf,"Capri FY2022 Q3; Versace segment revenue, US$ millions as printed in earnings release; three months ended December 25, 2021; % changes from constant currency schedule (text rounds to 29% / 34%); comparable = constant currency % change"
versace,Versace,Capri Holdings,segment_revenue,2022Q1,quarter,2021-12-26,2022-04-02,315,USD,34.0,44.3,true,https://s21.q4cdn.com/247539420/files/doc_financials/2022/q4/Capri-Holdings-Limited-Announces-Fourth-Quarter-and-Full-Year-Fiscal-2022-Results.pdf,"Capri FY2022 Q4; Versace segment revenue, US$ millions as printed in earnings release; three months ended April 2, 2022; fiscal 2022 had 53 weeks and the release says Q4/FY include ~$70m company-wide sales from the 53rd week (14-week quarter); comparable = constant currency % change"
versace,Versace,Capri Holdings,segment_revenue,2022Q2,quarter,2022-04-03,2022-07-02,275,USD,14.6,29.6,true,https://s21.q4cdn.com/247539420/files/doc_financials/2023/q1/1Q23-press-release-080922.pdf,"Capri FY2023 Q1; Versace segment revenue, US$ millions as printed in earnings release; three months ended July 2, 2022; comparable = constant currency % change"
versace,Versace,Capri Holdings,segment_revenue,2022Q3,quarter,2022-07-03,2022-10-01,308,USD,9.2,27.7,true,https://s21.q4cdn.com/247539420/files/doc_financials/2023/q2/Capri-Holdings-Limited-Announces-Second-Quarter-Fiscal-2023-Results.pdf,"Capri FY2023 Q2; Versace segment revenue, US$ millions as printed in earnings release; three months ended October 1, 2022; comparable = constant currency % change"
versace,Versace,Capri Holdings,segment_revenue,2022Q4,quarter,2022-10-02,2022-12-31,249,USD,-0.8,11.2,true,https://s21.q4cdn.com/247539420/files/doc_financials/2023/q3/Capri-Holdings-Limited-Announces-Third-Quarter-Fiscal-2023-Results.pdf,"Capri FY2023 Q3; Versace segment revenue, US$ millions as printed in earnings release; three months ended December 31, 2022; comparable = constant currency % change"
versace,Versace,Capri Holdings,segment_revenue,2023Q1,quarter,2023-01-01,2023-04-01,274,USD,-13.0,-8.6,true,https://s21.q4cdn.com/247539420/files/doc_financials/2023/q4/CPRI-8-K-04-01-2023-Exhibit-99-1.pdf,"Capri FY2023 Q4; Versace segment revenue, US$ millions as printed in earnings release; three months ended April 1, 2023; prior-year quarter was a 14-week quarter; comparable = constant currency % change"
versace,Versace,Capri Holdings,segment_revenue,2023Q2,quarter,2023-04-02,2023-07-01,259,USD,-5.8,-5.8,true,https://s21.q4cdn.com/247539420/files/doc_financials/2024/q1/CPRI-8-K-07-01-2023-Exhibit-99-1-vF.pdf,"Capri FY2024 Q1; Versace segment revenue, US$ millions as printed in earnings release; three months ended July 1, 2023; comparable = constant currency % change"
versace,Versace,Capri Holdings,segment_revenue,2023Q3,quarter,2023-07-02,2023-09-30,280,USD,-9.1,-11.7,true,https://s21.q4cdn.com/247539420/files/doc_financials/2024/q2/2Q24-press-release-110923-vF.pdf,"Capri FY2024 Q2; Versace segment revenue, US$ millions as printed in earnings release; three months ended September 30, 2023; comparable = constant currency % change"
versace,Versace,Capri Holdings,segment_revenue,2023Q4,quarter,2023-10-01,2023-12-30,227,USD,-8.8,-10.8,true,https://s21.q4cdn.com/247539420/files/doc_financials/2024/q3/CPRI-8-K-12-30-2023-Exhibit-99-1-vF.pdf,"Capri FY2024 Q3; Versace segment revenue, US$ millions as printed in earnings release; three months ended December 30, 2023; comparable = constant currency % change"
versace,Versace,Capri Holdings,segment_revenue,2024Q1,quarter,2023-12-31,2024-03-30,264,USD,-3.6,-2.9,true,https://s21.q4cdn.com/247539420/files/doc_financials/2024/q4/4Q24-draft-press-release-052924-vF.pdf,"Capri FY2024 Q4; Versace segment revenue, US$ millions as printed in earnings release; three months ended March 30, 2024; comparable = constant currency % change"
versace,Versace,Capri Holdings,segment_revenue,2024Q2,quarter,2024-03-31,2024-06-29,219,USD,-15.4,-14.3,true,https://s21.q4cdn.com/247539420/files/doc_financials/2025/q1/1Q25-Earnings-Release.pdf,"Capri FY2025 Q1; Versace segment revenue, US$ millions as printed in earnings release; three months ended June 29, 2024; comparable = constant currency % change"
versace,Versace,Capri Holdings,segment_revenue,2024Q3,quarter,2024-06-30,2024-09-28,201,USD,-28.2,-28.2,true,https://s21.q4cdn.com/247539420/files/doc_financials/2025/q2/2Q25-press-release-110724-vF.pdf,"Capri FY2025 Q2; Versace segment revenue, US$ millions as printed in earnings release; three months ended September 28, 2024; comparable = constant currency % change"
versace,Versace,Capri Holdings,segment_revenue,2024Q4,quarter,2024-09-29,2024-12-28,193,USD,-15.0,-15.0,true,https://s21.q4cdn.com/247539420/files/doc_financials/2025/q3/3Q25-earnings-release-vF.pdf,"Capri FY2025 Q3; Versace segment revenue, US$ millions as printed in earnings release; three months ended December 28, 2024; comparable = constant currency % change"
versace,Versace,Capri Holdings,segment_revenue,2025Q1,quarter,2024-12-29,2025-03-29,208,USD,-21.2,-19.7,true,https://s21.q4cdn.com/247539420/files/doc_financials/2025/q4/4Q25-earnings-release.pdf,"Capri FY2025 Q4; Versace segment revenue, US$ millions as printed in earnings release; three months ended March 29, 2025; last quarter for which Capri reported Versace revenue (Versace classified as discontinued operations from fiscal 2026 after the April 2025 agreement to sell to Prada); comparable = constant currency % change"
zegna,Zegna,Zegna Group,brand_revenue,2024Q1,quarter,2024-01-01,2024-03-31,282.87,EUR,4.0,6.8,true,https://www.sec.gov/Archives/edgar/data/1877787/000187778724000023/pressreleaserevenuesq12024.htm,"'ZEGNA brand' line of 'Revenues by brand and product line' (label used from 2024 in place of 'Zegna branded products'; the FY2023 figure is identical under both labels; excludes Textile), EUR thousands in the release; comparable = organic growth as published"
zegna,Zegna,Zegna Group,brand_revenue,2024H1,half,2024-01-01,2024-06-30,566.067,EUR,4.6,5.9,true,https://www.sec.gov/Archives/edgar/data/1877787/000187778724000037/pressreleaserevenuesq22024.htm,"'ZEGNA brand' line of 'Revenues by brand and product line' (label used from 2024 in place of 'Zegna branded products'; the FY2023 figure is identical under both labels; excludes Textile), EUR thousands in the release; comparable = organic growth as published"
zegna,Zegna,Zegna Group,brand_revenue,2024-9M,nine_months,2024-01-01,2024-09-30,810.61,EUR,3.4,4.8,true,https://www.sec.gov/Archives/edgar/data/1877787/000187778724000054/pressreleaserevenuesq32024.htm,"'ZEGNA brand' line of 'Revenues by brand and product line' (label used from 2024 in place of 'Zegna branded products'; the FY2023 figure is identical under both labels; excludes Textile), EUR thousands in the release; comparable = organic growth as published"
zegna,Zegna,Zegna Group,brand_revenue,FY2024,year,2024-01-01,2024-12-31,1163.722,EUR,4.9,5.5,true,https://www.sec.gov/Archives/edgar/data/1877787/000187778725000004/pressreleaserevenuesfy2024.htm,"'ZEGNA brand' line of 'Revenues by brand and product line' (label used from 2024 in place of 'Zegna branded products'; the FY2023 figure is identical under both labels; excludes Textile), EUR thousands in the release; preliminary unaudited full-year revenues release (Jan 27, 2025); comparable = organic growth as published"
zegna,Zegna,Zegna Group,brand_revenue,2024Q2,quarter,2024-04-01,2024-06-30,283.197,EUR,5.1,5.0,true,https://www.sec.gov/Archives/edgar/data/1877787/000187778724000037/pressreleaserevenuesq22024.htm,"'ZEGNA brand' line of 'Revenues by brand and product line' (label used from 2024 in place of 'Zegna branded products'; the FY2023 figure is identical under both labels; excludes Textile), EUR thousands in the release; comparable = organic growth as published"
zegna,Zegna,Zegna Group,brand_revenue,2024Q3,quarter,2024-07-01,2024-09-30,244.543,EUR,0.9,2.5,true,https://www.sec.gov/Archives/edgar/data/1877787/000187778724000054/pressreleaserevenuesq32024.htm,"'ZEGNA brand' line of 'Revenues by brand and product line' (label used from 2024 in place of 'Zegna branded products'; the FY2023 figure is identical under both labels; excludes Textile), EUR thousands in the release; comparable = organic growth as published"
zegna,Zegna,Zegna Group,brand_revenue,2024Q4,quarter,2024-10-01,2024-12-31,353.112,EUR,8.4,7.3,true,https://www.sec.gov/Archives/edgar/data/1877787/000187778725000004/pressreleaserevenuesfy2024.htm,"'ZEGNA brand' line of 'Revenues by brand and product line' (label used from 2024 in place of 'Zegna branded products'; the FY2023 figure is identical under both labels; excludes Textile), EUR thousands in the release; preliminary unaudited full-year revenues release (Jan 27, 2025); comparable = organic growth as published"
zegna,Zegna,Zegna Group,brand_revenue,2025Q1,quarter,2025-01-01,2025-03-31,292.916,EUR,3.6,3.1,true,https://www.sec.gov/Archives/edgar/data/1877787/000187778725000027/pressreleaserevenuesq12025.htm,"'ZEGNA brand' line of 'Revenues by brand and product line' (label used from 2024 in place of 'Zegna branded products'; the FY2023 figure is identical under both labels; excludes Textile), EUR thousands in the release; comparable = organic growth as published"
zegna,Zegna,Zegna Group,brand_revenue,2025H1,half,2025-01-01,2025-06-30,570.409,EUR,0.8,2.6,true,https://www.sec.gov/Archives/edgar/data/1877787/000187778725000045/pressreleaserevenuesq22025.htm,"'ZEGNA brand' line of 'Revenues by brand and product line' (label used from 2024 in place of 'Zegna branded products'; the FY2023 figure is identical under both labels; excludes Textile), EUR thousands in the release; comparable = organic growth as published"
zegna,Zegna,Zegna Group,brand_revenue,2025-9M,nine_months,2025-01-01,2025-09-30,819.845,EUR,1.1,3.6,true,https://www.sec.gov/Archives/edgar/data/1877787/000187778725000059/pressreleaserevenuesq32025.htm,"'ZEGNA brand' line of 'Revenues by brand and product line' (label used from 2024 in place of 'Zegna branded products'; the FY2023 figure is identical under both labels; excludes Textile), EUR thousands in the release; comparable = organic growth as published"
zegna,Zegna,Zegna Group,brand_revenue,FY2025,year,2025-01-01,2025-12-31,1181.583,EUR,1.5,4.7,true,https://www.sec.gov/Archives/edgar/data/1877787/000187778726000005/pressreleaserevenuesfy2025.htm,"'ZEGNA brand' line of 'Revenues by brand and product line' (label used from 2024 in place of 'Zegna branded products'; the FY2023 figure is identical under both labels; excludes Textile), EUR thousands in the release; preliminary unaudited full-year revenues release (Feb 2, 2026); comparable = organic growth as published"
zegna,Zegna,Zegna Group,brand_revenue,2025Q2,quarter,2025-04-01,2025-06-30,277.493,EUR,-2.0,2.2,true,https://www.sec.gov/Archives/edgar/data/1877787/000187778725000045/pressreleaserevenuesq22025.htm,"'ZEGNA brand' line of 'Revenues by brand and product line' (label used from 2024 in place of 'Zegna branded products'; the FY2023 figure is identical under both labels; excludes Textile), EUR thousands in the release; comparable = organic growth as published"
zegna,Zegna,Zegna Group,brand_revenue,2025Q3,quarter,2025-07-01,2025-09-30,249.436,EUR,2.0,5.6,true,https://www.sec.gov/Archives/edgar/data/1877787/000187778725000059/pressreleaserevenuesq32025.htm,"'ZEGNA brand' line of 'Revenues by brand and product line' (label used from 2024 in place of 'Zegna branded products'; the FY2023 figure is identical under both labels; excludes Textile), EUR thousands in the release; comparable = organic growth as published"
zegna,Zegna,Zegna Group,brand_revenue,2025Q4,quarter,2025-10-01,2025-12-31,361.738,EUR,2.4,7.4,true,https://www.sec.gov/Archives/edgar/data/1877787/000187778726000005/pressreleaserevenuesfy2025.htm,"'ZEGNA brand' line of 'Revenues by brand and product line' (label used from 2024 in place of 'Zegna branded products'; the FY2023 figure is identical under both labels; excludes Textile), EUR thousands in the release; preliminary unaudited full-year revenues release (Feb 2, 2026); comparable = organic growth as published"
zegna,Zegna,Zegna Group,brand_revenue,2026Q1,quarter,2026-01-01,2026-03-31,310.292,EUR,5.9,11.3,true,https://www.sec.gov/Archives/edgar/data/1877787/000187778726000019/pressreleaserevenuesq12026.htm,"'ZEGNA brand' line of 'Revenues by brand and product line' (label used from 2024 in place of 'Zegna branded products'; the FY2023 figure is identical under both labels; excludes Textile), EUR thousands in the release; unaudited; comparable = organic growth as published"
zegna,Zegna,Zegna Group,brand_revenue,2026H1,half,2026-01-01,2026-06-30,634.573,EUR,11.2,13.9,true,https://www.sec.gov/Archives/edgar/data/1877787/000187778726000030/pressreleaserevenuesq22026.htm,"'ZEGNA brand' line of 'Revenues by brand and product line' (label used from 2024 in place of 'Zegna branded products'; the FY2023 figure is identical under both labels; excludes Textile), EUR thousands in the release; unaudited; Q2/H1 2026 revenues release of July 23, 2026; comparable = organic growth as published"
zegna,Zegna,Zegna Group,brand_revenue,2026Q2,quarter,2026-04-01,2026-06-30,324.281,EUR,16.9,16.5,true,https://www.sec.gov/Archives/edgar/data/1877787/000187778726000030/pressreleaserevenuesq22026.htm,"'ZEGNA brand' line of 'Revenues by brand and product line' (label used from 2024 in place of 'Zegna branded products'; the FY2023 figure is identical under both labels; excludes Textile), EUR thousands in the release; unaudited; Q2/H1 2026 revenues release of July 23, 2026; comparable = organic growth as published"
zegna,Zegna,Zegna Group,branded_products,FY2019,year,2019-01-01,2019-12-31,919.545,EUR,,,true,https://www.sec.gov/Archives/edgar/data/1877787/000119312522097547/R105.htm,"'Zegna branded products' product line (ZEGNA-branded goods incl. licensed goods and royalties; excludes Textile and Third Party Brands, which sit in the wider Zegna segment), EUR thousands in source; Form 20-F for FY2021 (filed Apr 2022), XBRL note 'Disaggregation of Revenue by Product Line'; no % change shown"
zegna,Zegna,Zegna Group,branded_products,FY2020,year,2020-01-01,2020-12-31,636.478,EUR,,,true,https://www.sec.gov/Archives/edgar/data/1877787/000119312522097547/R105.htm,"'Zegna branded products' product line (ZEGNA-branded goods incl. licensed goods and royalties; excludes Textile and Third Party Brands, which sit in the wider Zegna segment), EUR thousands in source; Form 20-F for FY2021 (filed Apr 2022), XBRL note 'Disaggregation of Revenue by Product Line'; no % change shown"
zegna,Zegna,Zegna Group,branded_products,2021Q1,quarter,2021-01-01,2021-03-31,183.483,EUR,,,true,https://www.sec.gov/Archives/edgar/data/1877787/000119312522141236/d353081dex991.htm,"'Zegna branded products' product line (ZEGNA-branded goods incl. licensed goods and royalties; excludes Textile and Third Party Brands, which sit in the wider Zegna segment), EUR thousands in source; figure published as prior-year comparative in the Q1 2022 revenues release (May 5, 2022)"
zegna,Zegna,Zegna Group,branded_products,2021H1,half,2021-01-01,2021-06-30,376.182,EUR,,,true,https://www.sec.gov/Archives/edgar/data/1877787/000187778722000015/pressreleaseresults30062022.htm,"'Zegna branded products' product line (ZEGNA-branded goods incl. licensed goods and royalties; excludes Textile and Third Party Brands, which sit in the wider Zegna segment), EUR thousands in source; figure published as prior-year comparative in the H1 2022 results release"
zegna,Zegna,Zegna Group,branded_products,2021-9M,nine_months,2021-01-01,2021-09-30,565.359,EUR,,,true,https://www.sec.gov/Archives/edgar/data/1877787/000187778722000018/pressreleaserevenuesq32022.htm,"'Zegna branded products' product line (ZEGNA-branded goods incl. licensed goods and royalties; excludes Textile and Third Party Brands, which sit in the wider Zegna segment), EUR thousands in source; figure published as prior-year comparative in the Q3 2022 revenues release"
zegna,Zegna,Zegna Group,branded_products,FY2021,year,2021-01-01,2021-12-31,847.311,EUR,,,true,https://www.sec.gov/Archives/edgar/data/1877787/000119312522097547/R105.htm,"'Zegna branded products' product line (ZEGNA-branded goods incl. licensed goods and royalties; excludes Textile and Third Party Brands, which sit in the wider Zegna segment), EUR thousands in source; Form 20-F for FY2021 (filed Apr 2022), XBRL note 'Disaggregation of Revenue by Product Line'; no % change shown"
zegna,Zegna,Zegna Group,branded_products,2021Q2,quarter,2021-04-01,2021-06-30,192.699,EUR,,,true,https://www.sec.gov/Archives/edgar/data/1877787/000187778722000015/pressreleaseresults30062022.htm,"'Zegna branded products' product line (ZEGNA-branded goods incl. licensed goods and royalties; excludes Textile and Third Party Brands, which sit in the wider Zegna segment), EUR thousands in source; figure published as prior-year comparative in the H1 2022 results release"
zegna,Zegna,Zegna Group,branded_products,2021Q3,quarter,2021-07-01,2021-09-30,189.177,EUR,,,true,https://www.sec.gov/Archives/edgar/data/1877787/000187778722000018/pressreleaserevenuesq32022.htm,"'Zegna branded products' product line (ZEGNA-branded goods incl. licensed goods and royalties; excludes Textile and Third Party Brands, which sit in the wider Zegna segment), EUR thousands in source; figure published as prior-year comparative in the Q3 2022 revenues release"
zegna,Zegna,Zegna Group,branded_products,2021Q4,quarter,2021-10-01,2021-12-31,281.952,EUR,,,true,https://www.sec.gov/Archives/edgar/data/1877787/000187778723000007/pressreleaserevenuesfy2022.htm,"'Zegna branded products' product line (ZEGNA-branded goods incl. licensed goods and royalties; excludes Textile and Third Party Brands, which sit in the wider Zegna segment), EUR thousands in source; figure published as prior-year comparative ('4Q 2021 Unaudited') in the FY2022 revenues release"
zegna,Zegna,Zegna Group,branded_products,2022Q1,quarter,2022-01-01,2022-03-31,223.979,EUR,22.1,,true,https://www.sec.gov/Archives/edgar/data/1877787/000119312522141236/d353081dex991.htm,"'Zegna branded products' product line (ZEGNA-branded goods incl. licensed goods and royalties; excludes Textile and Third Party Brands, which sit in the wider Zegna segment), EUR thousands in source; release shows actual-FX change only"
zegna,Zegna,Zegna Group,branded_products,2022H1,half,2022-01-01,2022-06-30,425.252,EUR,13.0,,true,https://www.sec.gov/Archives/edgar/data/1877787/000187778722000015/pressreleaseresults30062022.htm,"'Zegna branded products' product line (ZEGNA-branded goods incl. licensed goods and royalties; excludes Textile and Third Party Brands, which sit in the wider Zegna segment), EUR thousands in source; release shows reported change only"
zegna,Zegna,Zegna Group,branded_products,2022-9M,nine_months,2022-01-01,2022-09-30,649.568,EUR,14.9,,true,https://www.sec.gov/Archives/edgar/data/1877787/000187778722000018/pressreleaserevenuesq32022.htm,"'Zegna branded products' product line (ZEGNA-branded goods incl. licensed goods and royalties; excludes Textile and Third Party Brands, which sit in the wider Zegna segment), EUR thousands in source; release shows reported change only"
zegna,Zegna,Zegna Group,branded_products,FY2022,year,2022-01-01,2022-12-31,923.942,EUR,9.0,4.1,true,https://www.sec.gov/Archives/edgar/data/1877787/000187778723000007/pressreleaserevenuesfy2022.htm,"'Zegna branded products' product line (ZEGNA-branded goods incl. licensed goods and royalties; excludes Textile and Third Party Brands, which sit in the wider Zegna segment), EUR thousands in source; preliminary unaudited full-year revenues release (Jan 25, 2023); comparable = % change at constant currency as published"
zegna,Zegna,Zegna Group,branded_products,2022Q2,quarter,2022-04-01,2022-06-30,201.273,EUR,4.4,,true,https://www.sec.gov/Archives/edgar/data/1877787/000187778722000015/pressreleaseresults30062022.htm,"'Zegna branded products' product line (ZEGNA-branded goods incl. licensed goods and royalties; excludes Textile and Third Party Brands, which sit in the wider Zegna segment), EUR thousands in source; release shows reported change only"
zegna,Zegna,Zegna Group,branded_products,2022Q3,quarter,2022-07-01,2022-09-30,224.316,EUR,18.6,,true,https://www.sec.gov/Archives/edgar/data/1877787/000187778722000018/pressreleaserevenuesq32022.htm,"'Zegna branded products' product line (ZEGNA-branded goods incl. licensed goods and royalties; excludes Textile and Third Party Brands, which sit in the wider Zegna segment), EUR thousands in source; release shows reported change only"
zegna,Zegna,Zegna Group,branded_products,2022Q4,quarter,2022-10-01,2022-12-31,274.374,EUR,-2.7,-5.0,true,https://www.sec.gov/Archives/edgar/data/1877787/000187778723000007/pressreleaserevenuesfy2022.htm,"'Zegna branded products' product line (ZEGNA-branded goods incl. licensed goods and royalties; excludes Textile and Third Party Brands, which sit in the wider Zegna segment), EUR thousands in source; preliminary unaudited full-year revenues release (Jan 25, 2023); comparable = % change at constant currency as published"
zegna,Zegna,Zegna Group,branded_products,2023Q1,quarter,2023-01-01,2023-03-31,271.889,EUR,21.4,20.8,true,https://www.sec.gov/Archives/edgar/data/1877787/000187778723000028/pressreleaserevenuesq12023.htm,"'Zegna branded products' product line (ZEGNA-branded goods incl. licensed goods and royalties; excludes Textile and Third Party Brands, which sit in the wider Zegna segment), EUR thousands in source; comparable = % change at constant currency as published"
zegna,Zegna,Zegna Group,branded_products,2023H1,half,2023-01-01,2023-06-30,541.319,EUR,27.3,28.4,true,https://www.sec.gov/Archives/edgar/data/1877787/000187778723000051/pressreleaserevenuesh12023.htm,"'Zegna branded products' product line (ZEGNA-branded goods incl. licensed goods and royalties; excludes Textile and Third Party Brands, which sit in the wider Zegna segment), EUR thousands in source; comparable = organic growth as published"
zegna,Zegna,Zegna Group,branded_products,2023-9M,nine_months,2023-01-01,2023-09-30,783.648,EUR,20.6,22.9,true,https://www.sec.gov/Archives/edgar/data/1877787/000187778723000074/pressreleaserevenuesq32023.htm,"'Zegna branded products' product line (ZEGNA-branded goods incl. licensed goods and royalties; excludes Textile and Third Party Brands, which sit in the wider Zegna segment), EUR thousands in source; comparable = organic growth as published"
zegna,Zegna,Zegna Group,branded_products,FY2023,year,2023-01-01,2023-12-31,1109.491,EUR,20.1,22.3,true,https://www.sec.gov/Archives/edgar/data/1877787/000187778724000006/pressreleaserevenuesfy2023.htm,"'Zegna branded products' product line (ZEGNA-branded goods incl. licensed goods and royalties; excludes Textile and Third Party Brands, which sit in the wider Zegna segment), EUR thousands in source; preliminary unaudited full-year revenues release (Jan 31, 2024); comparable = organic growth as published"
zegna,Zegna,Zegna Group,branded_products,2023Q2,quarter,2023-04-01,2023-06-30,269.43,EUR,33.9,37.0,true,https://www.sec.gov/Archives/edgar/data/1877787/000187778723000051/pressreleaserevenuesh12023.htm,"'Zegna branded products' product line (ZEGNA-branded goods incl. licensed goods and royalties; excludes Textile and Third Party Brands, which sit in the wider Zegna segment), EUR thousands in source; comparable = organic growth as published"
zegna,Zegna,Zegna Group,branded_products,2023Q3,quarter,2023-07-01,2023-09-30,242.329,EUR,8.0,12.2,true,https://www.sec.gov/Archives/edgar/data/1877787/000187778723000074/pressreleaserevenuesq32023.htm,"'Zegna branded products' product line (ZEGNA-branded goods incl. licensed goods and royalties; excludes Textile and Third Party Brands, which sit in the wider Zegna segment), EUR thousands in source; comparable = organic growth as published"
zegna,Zegna,Zegna Group,branded_products,2023Q4,quarter,2023-10-01,2023-12-31,325.843,EUR,18.8,20.9,true,https://www.sec.gov/Archives/edgar/data/1877787/000187778724000006/pressreleaserevenuesfy2023.htm,"'Zegna branded products' product line (ZEGNA-branded goods incl. licensed goods and royalties; excludes Textile and Third Party Brands, which sit in the wider Zegna segment), EUR thousands in source; preliminary unaudited full-year revenues release (Jan 31, 2024); comparable = organic growth as published"
